Date,Applied To Transaction
8/27/2026,Bill #VB1
8/1/2026,Bill #VB2
9/16/2026,Bill #VB3
10/22/2026,Bill #VB4
8/2/2026,Bill #VB5
10/2/2026,Bill #VB6
11/14/2026,Bill #VB7
8/26/2026,Bill #VB8
12/1/2026,Bill #VB9
9/18/2026,Bill #VB10
9/7/2026,Bill #VB11
10/11/2026,Bill #VB12
10/20/2026,Bill #VB13
9/29/2026,Bill #VB14
11/14/2026,Bill #VB15
9/3/2026,Bill #VB16
10/25/2026,Bill #VB17
9/27/2026,Bill #VB18
9/18/2026,Bill #VB19
10/9/2026,Bill #VB20
10/10/2026,Bill #VB21
9/7/2026,Bill #VB22
10/27/2026,Bill #VB23
9/1/2026,Bill #VB24
9/15/2026,Bill #VB25
11/8/2026,Bill #VB26
9/15/2026,Bill #VB27
9/4/2026,Bill #VB28
9/8/2026,Bill #VB29
11/27/2026,Bill #VB30
7/30/2026,Bill #VB31
10/4/2026,Bill #VB32
9/26/2026,Bill #VB33
9/2/2026,Bill #VB34
9/18/2026,Bill #VB35
8/10/2026,Bill #VB36
10/13/2026,Bill #VB37
10/8/2026,Bill #VB38
8/22/2026,Bill #VB39
10/25/2026,Bill #VB40
8/14/2026,Bill #VB41
10/23/2026,Bill #VB42
9/13/2026,Bill #VB43
10/1/2026,Bill #VB44
8/31/2026,Bill #VB45
9/11/2026,Bill #VB46
11/12/2026,Bill #VB47
10/22/2026,Bill #VB48
9/17/2026,Bill #VB49
10/22/2026,Bill #VB50
10/9/2026,Bill #VB51
10/4/2026,Bill #VB52
9/2/2026,Bill #VB53
8/14/2026,Bill #VB54
10/16/2026,Bill #VB55
9/29/2026,Bill #VB56
9/27/2026,Bill #VB57
11/24/2026,Bill #VB58
10/10/2026,Bill #VB59
9/22/2026,Bill #VB60
10/7/2026,Bill #VB61
7/29/2026,Bill #VB62
8/27/2026,Bill #VB63
10/18/2026,Bill #VB64
9/13/2026,Bill #VB65
11/2/2026,Bill #VB66
8/31/2026,Bill #VB67
9/14/2026,Bill #VB68
10/7/2026,Bill #VB69
9/28/2026,Bill #VB70
11/3/2026,Bill #VB71
9/16/2026,Bill #VB72
8/14/2026,Bill #VB73
9/11/2026,Bill #VB74
8/30/2026,Bill #VB75
9/24/2026,Bill #VB76
9/5/2026,Bill #VB77
8/7/2026,Bill #VB78
10/25/2026,Bill #VB79
9/10/2026,Bill #VB80
8/14/2026,Bill #VB81
7/31/2026,Bill #VB82
8/19/2026,Bill #VB83
9/17/2026,Bill #VB84
9/15/2026,Bill #VB85
8/4/2026,Bill #VB86
10/7/2026,Bill #VB87
9/10/2026,Bill #VB88
8/25/2026,Bill #VB89
10/1/2026,Bill #VB90
11/5/2026,Bill #VB91
8/19/2026,Bill #VB92
10/24/2026,Bill #VB93
10/1/2026,Bill #VB94
9/8/2026,Bill #VB95
10/21/2026,Bill #VB96
10/20/2026,Bill #VB97
8/24/2026,Bill #VB98
11/6/2026,Bill #VB99
10/16/2026,Bill #VB100
10/12/2026,Bill #VB101
10/6/2026,Bill #VB102
11/13/2026,Bill #VB103
9/18/2026,Bill #VB104
10/17/2026,Bill #VB105
9/9/2026,Bill #VB106
8/25/2026,Bill #VB107
11/13/2026,Bill #VB108
10/10/2026,Bill #VB109
10/19/2026,Bill #VB110
10/15/2026,Bill #VB111
10/12/2026,Bill #VB112
11/11/2026,Bill #VB113
10/22/2026,Bill #VB114
7/24/2026,Bill #VB115
10/12/2026,Bill #VB116
9/19/2026,Bill #VB117
8/24/2026,Bill #VB118
8/26/2026,Bill #VB119
9/21/2026,Bill #VB120
10/8/2026,Bill #VB121
9/23/2026,Bill #VB122
9/20/2026,Bill #VB123
9/30/2026,Bill #VB124
10/6/2026,Bill #VB125
9/23/2026,Bill #VB126
9/20/2026,Bill #VB127
9/17/2026,Bill #VB128
9/30/2026,Bill #VB129
10/18/2026,Bill #VB130
9/19/2026,Bill #VB131
7/27/2026,Bill #VB132
10/3/2026,Bill #VB133
8/30/2026,Bill #VB134
9/25/2026,Bill #VB135
8/16/2026,Bill #VB136
11/16/2026,Bill #VB137
10/1/2026,Bill #VB138
9/3/2026,Bill #VB139
8/25/2026,Bill #VB140
9/21/2026,Bill #VB141
9/12/2026,Bill #VB142
8/17/2026,Bill #VB143
9/5/2026,Bill #VB144
9/13/2026,Bill #VB145
8/31/2026,Bill #VB146
8/22/2026,Bill #VB147
10/31/2026,Bill #VB148
9/4/2026,Bill #VB149
10/20/2026,Bill #VB150
8/20/2026,Bill #VB151
11/8/2026,Bill #VB152
8/12/2026,Bill #VB153
9/26/2026,Bill #VB154
9/1/2026,Bill #VB155
9/4/2026,Bill #VB156
8/6/2026,Bill #VB157
10/9/2026,Bill #VB158
10/23/2026,Bill #VB159
9/21/2026,Bill #VB160
9/30/2026,Bill #VB161
10/13/2026,Bill #VB162
10/2/2026,Bill #VB163
9/7/2026,Bill #VB164
10/6/2026,Bill #VB165
10/4/2026,Bill #VB166
10/21/2026,Bill #VB167
8/19/2026,Bill #VB168
9/3/2026,Bill #VB169
9/7/2026,Bill #VB170
8/26/2026,Bill #VB171
10/13/2026,Bill #VB172
9/1/2026,Bill #VB173
9/22/2026,Bill #VB174
10/19/2026,Bill #VB175
11/16/2026,Bill #VB176
9/28/2026,Bill #VB177
10/2/2026,Bill #VB178
9/9/2026,Bill #VB179
9/20/2026,Bill #VB180
10/12/2026,Bill #VB181
9/12/2026,Bill #VB182
10/19/2026,Bill #VB183
9/13/2026,Bill #VB184
8/7/2026,Bill #VB185
8/17/2026,Bill #VB186
9/3/2026,Bill #VB187
10/20/2026,Bill #VB188
9/29/2026,Bill #VB189
10/24/2026,Bill #VB190
9/18/2026,Bill #VB191
9/8/2026,Bill #VB192
8/27/2026,Bill #VB193
10/24/2026,Bill #VB194
8/6/2026,Bill #VB195
10/30/2026,Bill #VB196
10/15/2026,Bill #VB197
10/14/2026,Bill #VB198
9/27/2026,Bill #VB199
9/2/2026,Bill #VB200
10/7/2026,Bill #VB201
8/26/2026,Bill #VB202
9/9/2026,Bill #VB203
9/6/2026,Bill #VB204
9/29/2026,Bill #VB205
11/29/2026,Bill #VB206
8/16/2026,Bill #VB207
11/15/2026,Bill #VB208
9/29/2026,Bill #VB209
9/19/2026,Bill #VB210
11/21/2026,Bill #VB211
9/17/2026,Bill #VB212
10/7/2026,Bill #VB213
9/20/2026,Bill #VB214
9/21/2026,Bill #VB215
10/25/2026,Bill #VB216
8/10/2026,Bill #VB217
8/29/2026,Bill #VB218
9/6/2026,Bill #VB219
10/30/2026,Bill #VB220
10/22/2026,Bill #VB221
10/21/2026,Bill #VB222
9/18/2026,Bill #VB223
9/6/2026,Bill #VB224
11/2/2026,Bill #VB225
10/7/2026,Bill #VB226
10/24/2026,Bill #VB227
7/27/2026,Bill #VB228
11/13/2026,Bill #VB229
9/25/2026,Bill #VB230
11/6/2026,Bill #VB231
8/7/2026,Bill #VB232
10/2/2026,Bill #VB233
10/4/2026,Bill #VB234
8/5/2026,Bill #VB235
9/23/2026,Bill #VB236
8/22/2026,Bill #VB237
11/2/2026,Bill #VB238
8/13/2026,Bill #VB239
10/2/2026,Bill #VB240
11/11/2026,Bill #VB241
8/18/2026,Bill #VB242
8/15/2026,Bill #VB243
9/16/2026,Bill #VB244
9/16/2026,Bill #VB245
9/22/2026,Bill #VB246
10/19/2026,Bill #VB247
8/22/2026,Bill #VB248
11/4/2026,Bill #VB249
9/14/2026,Bill #VB250
9/12/2026,Bill #VB251
10/26/2026,Bill #VB252
9/21/2026,Bill #VB253
10/30/2026,Bill #VB254
11/14/2026,Bill #VB255
8/17/2026,Bill #VB256
9/21/2026,Bill #VB257
10/5/2026,Bill #VB258
9/8/2026,Bill #VB259
9/30/2026,Bill #VB260
9/9/2026,Bill #VB261
10/16/2026,Bill #VB262
10/24/2026,Bill #VB263
10/18/2026,Bill #VB264
10/11/2026,Bill #VB265
9/21/2026,Bill #VB266
10/2/2026,Bill #VB267
9/1/2026,Bill #VB268
11/22/2026,Bill #VB269
8/8/2026,Bill #VB270
9/18/2026,Bill #VB271
9/29/2026,Bill #VB272
9/27/2026,Bill #VB273
9/22/2026,Bill #VB274
10/16/2026,Bill #VB275
10/12/2026,Bill #VB276
9/7/2026,Bill #VB277
8/24/2026,Bill #VB278
9/7/2026,Bill #VB279
10/5/2026,Bill #VB280
10/20/2026,Bill #VB281
8/4/2026,Bill #VB282
7/31/2026,Bill #VB283
8/15/2026,Bill #VB284
10/8/2026,Bill #VB285
9/24/2026,Bill #VB286
10/3/2026,Bill #VB287
8/26/2026,Bill #VB288
10/15/2026,Bill #VB289
9/16/2026,Bill #VB290
8/27/2026,Bill #VB291
9/29/2026,Bill #VB292
9/22/2026,Bill #VB293
10/4/2026,Bill #VB294
10/4/2026,Bill #VB295
10/29/2026,Bill #VB296
11/5/2026,Bill #VB297
9/7/2026,Bill #VB298
10/14/2026,Bill #VB299
8/10/2026,Bill #VB300
9/16/2026,Bill #VB301
8/3/2026,Bill #VB302
9/15/2026,Bill #VB303
8/12/2026,Bill #VB304
10/2/2026,Bill #VB305
8/5/2026,Bill #VB306
8/8/2026,Bill #VB307
9/4/2026,Bill #VB308
10/23/2026,Bill #VB309
10/1/2026,Bill #VB310
11/8/2026,Bill #VB311
10/14/2026,Bill #VB312
10/20/2026,Bill #VB313
10/3/2026,Bill #VB314
10/27/2026,Bill #VB315
7/25/2026,Bill #VB316
10/27/2026,Bill #VB317
9/29/2026,Bill #VB318
8/16/2026,Bill #VB319
8/14/2026,Bill #VB320
8/16/2026,Bill #VB321
10/13/2026,Bill #VB322
9/9/2026,Bill #VB323
8/14/2026,Bill #VB324
8/21/2026,Bill #VB325
9/8/2026,Bill #VB326
8/29/2026,Bill #VB327
9/5/2026,Bill #VB328
8/23/2026,Bill #VB329
9/20/2026,Bill #VB330
8/29/2026,Bill #VB331
8/26/2026,Bill #VB332
11/11/2026,Bill #VB333
9/26/2026,Bill #VB334
10/16/2026,Bill #VB335
8/6/2026,Bill #VB336
9/28/2026,Bill #VB337
9/10/2026,Bill #VB338
9/5/2026,Bill #VB339
9/9/2026,Bill #VB340
8/24/2026,Bill #VB341
8/27/2026,Bill #VB342
10/6/2026,Bill #VB343
8/15/2026,Bill #VB344
8/26/2026,Bill #VB345
7/31/2026,Bill #VB346
8/22/2026,Bill #VB347
10/5/2026,Bill #VB348
9/9/2026,Bill #VB349
11/7/2026,Bill #VB350
10/14/2026,Bill #VB351
11/3/2026,Bill #VB352
10/5/2026,Bill #VB353
9/24/2026,Bill #VB354
8/24/2026,Bill #VB355
8/14/2026,Bill #VB356
10/3/2026,Bill #VB357
9/23/2026,Bill #VB358
8/15/2026,Bill #VB359
11/1/2026,Bill #VB360
11/21/2026,Bill #VB361
9/18/2026,Bill #VB362
8/25/2026,Bill #VB363
10/14/2026,Bill #VB364
9/13/2026,Bill #VB365
9/7/2026,Bill #VB366
9/9/2026,Bill #VB367
10/5/2026,Bill #VB368
11/8/2026,Bill #VB369
11/13/2026,Bill #VB370
10/11/2026,Bill #VB371
8/13/2026,Bill #VB372
10/17/2026,Bill #VB373
10/31/2026,Bill #VB374
10/17/2026,Bill #VB375
9/5/2026,Bill #VB376
8/12/2026,Bill #VB377
8/11/2026,Bill #VB378
9/19/2026,Bill #VB379
8/27/2026,Bill #VB380
8/20/2026,Bill #VB381
9/12/2026,Bill #VB382
10/16/2026,Bill #VB383
11/5/2026,Bill #VB384
8/24/2026,Bill #VB385
9/22/2026,Bill #VB386
8/5/2026,Bill #VB387
8/23/2026,Bill #VB388
10/13/2026,Bill #VB389
11/1/2026,Bill #VB390
10/2/2026,Bill #VB391
10/17/2026,Bill #VB392
9/3/2026,Bill #VB393
10/7/2026,Bill #VB394
8/14/2026,Bill #VB395
10/9/2026,Bill #VB396
10/26/2026,Bill #VB397
9/21/2026,Bill #VB398
8/28/2026,Bill #VB399
9/27/2026,Bill #VB400
9/27/2026,Bill #VB401
9/17/2026,Bill #VB402
10/14/2026,Bill #VB403
10/5/2026,Bill #VB404
9/23/2026,Bill #VB405
9/2/2026,Bill #VB406
9/9/2026,Bill #VB407
11/7/2026,Bill #VB408
9/30/2026,Bill #VB409
11/10/2026,Bill #VB410
8/28/2026,Bill #VB411
10/31/2026,Bill #VB412
11/22/2026,Bill #VB413
8/25/2026,Bill #VB414
11/12/2026,Bill #VB415
9/12/2026,Bill #VB416
10/1/2026,Bill #VB417
9/18/2026,Bill #VB418
10/17/2026,Bill #VB419
8/24/2026,Bill #VB420
11/23/2026,Bill #VB421
10/21/2026,Bill #VB422
7/29/2026,Bill #VB423
9/20/2026,Bill #VB424
10/18/2026,Bill #VB425
10/11/2026,Bill #VB426
9/7/2026,Bill #VB427
9/25/2026,Bill #VB428
11/3/2026,Bill #VB429
9/1/2026,Bill #VB430
10/19/2026,Bill #VB431
10/25/2026,Bill #VB432
9/14/2026,Bill #VB433
9/5/2026,Bill #VB434
8/18/2026,Bill #VB435
11/8/2026,Bill #VB436
11/19/2026,Bill #VB437
10/6/2026,Bill #VB438
10/27/2026,Bill #VB439
10/10/2026,Bill #VB440
10/10/2026,Bill #VB441
10/29/2026,Bill #VB442
9/12/2026,Bill #VB443
9/5/2026,Bill #VB444
9/20/2026,Bill #VB445
8/22/2026,Bill #VB446
11/18/2026,Bill #VB447
9/11/2026,Bill #VB448
11/7/2026,Bill #VB449
8/20/2026,Bill #VB450
8/24/2026,Bill #VB451
8/18/2026,Bill #VB452
10/15/2026,Bill #VB453
8/13/2026,Bill #VB454
8/2/2026,Bill #VB455
10/17/2026,Bill #VB456
10/4/2026,Bill #VB457
10/30/2026,Bill #VB458
10/29/2026,Bill #VB459
10/6/2026,Bill #VB460
11/7/2026,Bill #VB461
9/21/2026,Bill #VB462
10/2/2026,Bill #VB463
9/2/2026,Bill #VB464
11/18/2026,Bill #VB465
10/6/2026,Bill #VB466
9/10/2026,Bill #VB467
8/30/2026,Bill #VB468
10/5/2026,Bill #VB469
9/7/2026,Bill #VB470
9/20/2026,Bill #VB471
8/8/2026,Bill #VB472
10/6/2026,Bill #VB473
9/9/2026,Bill #VB474
9/6/2026,Bill #VB475
10/8/2026,Bill #VB476
11/7/2026,Bill #VB477
8/23/2026,Bill #VB478
8/24/2026,Bill #VB479
9/18/2026,Bill #VB480
10/18/2026,Bill #VB481
10/29/2026,Bill #VB482
10/28/2026,Bill #VB483
9/12/2026,Bill #VB484
9/12/2026,Bill #VB485
10/20/2026,Bill #VB486
9/17/2026,Bill #VB487
8/26/2026,Bill #VB488
11/11/2026,Bill #VB489
8/29/2026,Bill #VB490
9/7/2026,Bill #VB491
9/23/2026,Bill #VB492
10/15/2026,Bill #VB493
9/27/2026,Bill #VB494
8/10/2026,Bill #VB495
11/5/2026,Bill #VB496
9/27/2026,Bill #VB497
10/5/2026,Bill #VB498
10/18/2026,Bill #VB499
9/15/2026,Bill #VB500
11/16/2026,Bill #VB501
10/18/2026,Bill #VB502
9/22/2026,Bill #VB503
9/16/2026,Bill #VB504
11/4/2026,Bill #VB505
11/24/2026,Bill #VB506
9/11/2026,Bill #VB507
9/7/2026,Bill #VB508
9/10/2026,Bill #VB509
10/25/2026,Bill #VB510
10/19/2026,Bill #VB511
8/27/2026,Bill #VB512
9/29/2026,Bill #VB513
8/19/2026,Bill #VB514
9/27/2026,Bill #VB515
9/29/2026,Bill #VB516
9/21/2026,Bill #VB517
8/20/2026,Bill #VB518
11/6/2026,Bill #VB519
9/15/2026,Bill #VB520
7/29/2026,Bill #VB521
10/15/2026,Bill #VB522
10/15/2026,Bill #VB523
10/15/2026,Bill #VB524
8/3/2026,Bill #VB525
11/26/2026,Bill #VB526
10/31/2026,Bill #VB527
8/27/2026,Bill #VB528
8/22/2026,Bill #VB529
8/30/2026,Bill #VB530
9/18/2026,Bill #VB531
10/27/2026,Bill #VB532
9/10/2026,Bill #VB533
8/31/2026,Bill #VB534
11/5/2026,Bill #VB535
9/7/2026,Bill #VB536
10/16/2026,Bill #VB537
11/3/2026,Bill #VB538
10/13/2026,Bill #VB539
8/21/2026,Bill #VB540
8/16/2026,Bill #VB541
10/19/2026,Bill #VB542
9/19/2026,Bill #VB543
9/26/2026,Bill #VB544
8/7/2026,Bill #VB545
9/26/2026,Bill #VB546
10/10/2026,Bill #VB547
10/6/2026,Bill #VB548
9/9/2026,Bill #VB549
10/13/2026,Bill #VB550
8/30/2026,Bill #VB551
10/7/2026,Bill #VB552
10/15/2026,Bill #VB553
11/22/2026,Bill #VB554
10/28/2026,Bill #VB555
9/3/2026,Bill #VB556
10/22/2026,Bill #VB557
9/4/2026,Bill #VB558
10/23/2026,Bill #VB559
8/30/2026,Bill #VB560
8/30/2026,Bill #VB561
10/28/2026,Bill #VB562
10/23/2026,Bill #VB563
9/4/2026,Bill #VB564
10/14/2026,Bill #VB565
11/1/2026,Bill #VB566
10/16/2026,Bill #VB567
8/17/2026,Bill #VB568
8/23/2026,Bill #VB569
10/3/2026,Bill #VB570
8/23/2026,Bill #VB571
8/6/2026,Bill #VB572
8/27/2026,Bill #VB573
8/23/2026,Bill #VB574
10/31/2026,Bill #VB575
9/8/2026,Bill #VB576
8/18/2026,Bill #VB577
9/14/2026,Bill #VB578
9/3/2026,Bill #VB579
11/9/2026,Bill #VB580
10/11/2026,Bill #VB581
10/21/2026,Bill #VB582
9/23/2026,Bill #VB583
10/3/2026,Bill #VB584
8/15/2026,Bill #VB585
8/26/2026,Bill #VB586
8/15/2026,Bill #VB587
10/20/2026,Bill #VB588
9/10/2026,Bill #VB589
9/10/2026,Bill #VB590
9/5/2026,Bill #VB591
9/20/2026,Bill #VB592
9/20/2026,Bill #VB593
11/25/2026,Bill #VB594
10/18/2026,Bill #VB595
10/25/2026,Bill #VB596
9/4/2026,Bill #VB597
9/8/2026,Bill #VB598
10/13/2026,Bill #VB599
8/3/2026,Bill #VB600
10/25/2026,Bill #VB601
9/7/2026,Bill #VB602
10/31/2026,Bill #VB603
9/4/2026,Bill #VB604
10/26/2026,Bill #VB605
10/17/2026,Bill #VB606
11/15/2026,Bill #VB607
8/28/2026,Bill #VB608
8/24/2026,Bill #VB609
10/21/2026,Bill #VB610
10/25/2026,Bill #VB611
9/24/2026,Bill #VB612
9/29/2026,Bill #VB613
9/8/2026,Bill #VB614
10/26/2026,Bill #VB615
10/30/2026,Bill #VB616
9/1/2026,Bill #VB617
8/14/2026,Bill #VB618
9/7/2026,Bill #VB619
9/30/2026,Bill #VB620
8/24/2026,Bill #VB621
10/1/2026,Bill #VB622
7/28/2026,Bill #VB623
9/30/2026,Bill #VB624
11/8/2026,Bill #VB625
8/15/2026,Bill #VB626
9/30/2026,Bill #VB627
9/12/2026,Bill #VB628
8/19/2026,Bill #VB629
10/22/2026,Bill #VB630
11/14/2026,Bill #VB631
9/3/2026,Bill #VB632
10/6/2026,Bill #VB633
8/2/2026,Bill #VB634
10/14/2026,Bill #VB635
8/25/2026,Bill #VB636
7/29/2026,Bill #VB637
8/10/2026,Bill #VB638
9/18/2026,Bill #VB639
8/24/2026,Bill #VB640
8/19/2026,Bill #VB641
8/18/2026,Bill #VB642
9/18/2026,Bill #VB643
10/1/2026,Bill #VB644
10/24/2026,Bill #VB645
9/13/2026,Bill #VB646
9/6/2026,Bill #VB647
9/15/2026,Bill #VB648
11/11/2026,Bill #VB649
10/30/2026,Bill #VB650
9/16/2026,Bill #VB651
9/16/2026,Bill #VB652
9/28/2026,Bill #VB653
10/25/2026,Bill #VB654
8/9/2026,Bill #VB655
9/10/2026,Bill #VB656
11/29/2026,Bill #VB657
10/21/2026,Bill #VB658
10/14/2026,Bill #VB659
11/11/2026,Bill #VB660
8/29/2026,Bill #VB661
11/15/2026,Bill #VB662
9/14/2026,Bill #VB663
7/30/2026,Bill #VB664
10/21/2026,Bill #VB665
10/4/2026,Bill #VB666
9/22/2026,Bill #VB667
8/8/2026,Bill #VB668
9/12/2026,Bill #VB669
10/25/2026,Bill #VB670
9/2/2026,Bill #VB671
10/17/2026,Bill #VB672
10/19/2026,Bill #VB673
9/17/2026,Bill #VB674
9/27/2026,Bill #VB675
9/19/2026,Bill #VB676
8/31/2026,Bill #VB677
10/24/2026,Bill #VB678
8/6/2026,Bill #VB679
10/9/2026,Bill #VB680
10/7/2026,Bill #VB681
9/20/2026,Bill #VB682
11/21/2026,Bill #VB683
8/21/2026,Bill #VB684
10/24/2026,Bill #VB685
9/25/2026,Bill #VB686
9/2/2026,Bill #VB687
10/13/2026,Bill #VB688
10/6/2026,Bill #VB689
9/19/2026,Bill #VB690
9/23/2026,Bill #VB691
9/25/2026,Bill #VB692
8/14/2026,Bill #VB693
9/21/2026,Bill #VB694
7/24/2026,Bill #VB695
10/2/2026,Bill #VB696
10/23/2026,Bill #VB697
8/29/2026,Bill #VB698
11/6/2026,Bill #VB699
8/12/2026,Bill #VB700
9/16/2026,Bill #VB701
10/27/2026,Bill #VB702
10/30/2026,Bill #VB703
9/21/2026,Bill #VB704
8/22/2026,Bill #VB705
10/27/2026,Bill #VB706
8/14/2026,Bill #VB707
10/16/2026,Bill #VB708
10/7/2026,Bill #VB709
8/21/2026,Bill #VB710
10/9/2026,Bill #VB711
10/8/2026,Bill #VB712
9/18/2026,Bill #VB713
9/15/2026,Bill #VB714
8/9/2026,Bill #VB715
10/4/2026,Bill #VB716
10/7/2026,Bill #VB717
9/5/2026,Bill #VB718
9/12/2026,Bill #VB719
8/19/2026,Bill #VB720
9/20/2026,Bill #VB721
11/1/2026,Bill #VB722
9/20/2026,Bill #VB723
11/4/2026,Bill #VB724
11/2/2026,Bill #VB725
9/12/2026,Bill #VB726
9/23/2026,Bill #VB727
9/11/2026,Bill #VB728
8/5/2026,Bill #VB729
9/20/2026,Bill #VB730
10/18/2026,Bill #VB731
10/22/2026,Bill #VB732
10/3/2026,Bill #VB733
11/10/2026,Bill #VB734
10/8/2026,Bill #VB735
9/14/2026,Bill #VB736
10/15/2026,Bill #VB737
8/18/2026,Bill #VB738
7/31/2026,Bill #VB739
8/21/2026,Bill #VB740
9/3/2026,Bill #VB741
9/1/2026,Bill #VB742
11/25/2026,Bill #VB743
9/2/2026,Bill #VB744
9/23/2026,Bill #VB745
10/23/2026,Bill #VB746
8/8/2026,Bill #VB747
10/21/2026,Bill #VB748
9/28/2026,Bill #VB749
7/30/2026,Bill #VB750
9/6/2026,Bill #VB751
10/19/2026,Bill #VB752
11/25/2026,Bill #VB753
9/7/2026,Bill #VB754
9/1/2026,Bill #VB755
10/27/2026,Bill #VB756
11/25/2026,Bill #VB757
10/28/2026,Bill #VB758
11/1/2026,Bill #VB759
8/9/2026,Bill #VB760
9/11/2026,Bill #VB761
10/18/2026,Bill #VB762
10/14/2026,Bill #VB763
8/17/2026,Bill #VB764
9/12/2026,Bill #VB765
9/19/2026,Bill #VB766
10/25/2026,Bill #VB767
8/24/2026,Bill #VB768
11/10/2026,Bill #VB769
10/14/2026,Bill #VB770
8/24/2026,Bill #VB771
9/11/2026,Bill #VB772
7/31/2026,Bill #VB773
10/17/2026,Bill #VB774
9/7/2026,Bill #VB775
9/27/2026,Bill #VB776
10/5/2026,Bill #VB777
10/27/2026,Bill #VB778
8/18/2026,Bill #VB779
9/23/2026,Bill #VB780
8/3/2026,Bill #VB781
10/11/2026,Bill #VB782
10/29/2026,Bill #VB783
8/31/2026,Bill #VB784
9/1/2026,Bill #VB785
10/6/2026,Bill #VB786
10/13/2026,Bill #VB787
8/8/2026,Bill #VB788
10/4/2026,Bill #VB789
9/15/2026,Bill #VB790
10/26/2026,Bill #VB791
8/24/2026,Bill #VB792
9/18/2026,Bill #VB793
11/11/2026,Bill #VB794
9/6/2026,Bill #VB795
10/6/2026,Bill #VB796
10/7/2026,Bill #VB797
9/2/2026,Bill #VB798
11/16/2026,Bill #VB799
9/21/2026,Bill #VB800
9/22/2026,Bill #VB801
9/25/2026,Bill #VB802
10/22/2026,Bill #VB803
10/11/2026,Bill #VB804
10/9/2026,Bill #VB805
10/17/2026,Bill #VB806
10/26/2026,Bill #VB807
9/4/2026,Bill #VB808
8/27/2026,Bill #VB809
11/12/2026,Bill #VB810
9/24/2026,Bill #VB811
9/5/2026,Bill #VB812
8/3/2026,Bill #VB813
9/3/2026,Bill #VB814
10/3/2026,Bill #VB815
9/23/2026,Bill #VB816
9/10/2026,Bill #VB817
10/6/2026,Bill #VB818
9/16/2026,Bill #VB819
9/5/2026,Bill #VB820
10/17/2026,Bill #VB821
10/3/2026,Bill #VB822
10/4/2026,Bill #VB823
8/20/2026,Bill #VB824
9/27/2026,Bill #VB825
9/17/2026,Bill #VB826
9/3/2026,Bill #VB827
10/28/2026,Bill #VB828
11/4/2026,Bill #VB829
11/19/2026,Bill #VB830
8/29/2026,Bill #VB831
9/2/2026,Bill #VB832
11/13/2026,Bill #VB833
10/16/2026,Bill #VB834
9/11/2026,Bill #VB835
8/23/2026,Bill #VB836
9/26/2026,Bill #VB837
10/27/2026,Bill #VB838
11/24/2026,Bill #VB839
8/31/2026,Bill #VB840
9/8/2026,Bill #VB841
11/15/2026,Bill #VB842
10/30/2026,Bill #VB843
10/8/2026,Bill #VB844
8/25/2026,Bill #VB845
8/19/2026,Bill #VB846
8/14/2026,Bill #VB847
8/11/2026,Bill #VB848
9/10/2026,Bill #VB849
10/18/2026,Bill #VB850
9/19/2026,Bill #VB851
10/9/2026,Bill #VB852
9/22/2026,Bill #VB853
9/13/2026,Bill #VB854
10/2/2026,Bill #VB855
10/17/2026,Bill #VB856
11/4/2026,Bill #VB857
10/29/2026,Bill #VB858
9/19/2026,Bill #VB859
8/24/2026,Bill #VB860
9/17/2026,Bill #VB861
11/4/2026,Bill #VB862
9/13/2026,Bill #VB863
11/12/2026,Bill #VB864
8/28/2026,Bill #VB865
8/16/2026,Bill #VB866
10/24/2026,Bill #VB867
9/23/2026,Bill #VB868
10/10/2026,Bill #VB869
8/21/2026,Bill #VB870
10/10/2026,Bill #VB871
9/25/2026,Bill #VB872
9/15/2026,Bill #VB873
11/2/2026,Bill #VB874
10/3/2026,Bill #VB875
10/21/2026,Bill #VB876
11/3/2026,Bill #VB877
9/19/2026,Bill #VB878
11/2/2026,Bill #VB879
10/8/2026,Bill #VB880
10/23/2026,Bill #VB881
11/6/2026,Bill #VB882
9/19/2026,Bill #VB883
11/4/2026,Bill #VB884
10/11/2026,Bill #VB885
10/20/2026,Bill #VB886
9/23/2026,Bill #VB887
9/8/2026,Bill #VB888
11/5/2026,Bill #VB889
10/7/2026,Bill #VB890
11/13/2026,Bill #VB891
9/19/2026,Bill #VB892
9/3/2026,Bill #VB893
8/29/2026,Bill #VB894
10/20/2026,Bill #VB895
9/16/2026,Bill #VB896
10/8/2026,Bill #VB897
8/19/2026,Bill #VB898
11/15/2026,Bill #VB899
8/30/2026,Bill #VB900
9/19/2026,Bill #VB901
8/24/2026,Bill #VB902
8/5/2026,Bill #VB903
8/11/2026,Bill #VB904
11/4/2026,Bill #VB905
9/15/2026,Bill #VB906
9/2/2026,Bill #VB907
10/11/2026,Bill #VB908
8/18/2026,Bill #VB909
10/13/2026,Bill #VB910
8/21/2026,Bill #VB911
11/1/2026,Bill #VB912
9/23/2026,Bill #VB913
11/4/2026,Bill #VB914
9/21/2026,Bill #VB915
11/15/2026,Bill #VB916
8/4/2026,Bill #VB917
9/21/2026,Bill #VB918
9/4/2026,Bill #VB919
11/4/2026,Bill #VB920
9/12/2026,Bill #VB921
10/11/2026,Bill #VB922
8/21/2026,Bill #VB923
9/1/2026,Bill #VB924
8/28/2026,Bill #VB925
10/31/2026,Bill #VB926
9/11/2026,Bill #VB927
8/12/2026,Bill #VB928
10/28/2026,Bill #VB929
10/22/2026,Bill #VB930
9/14/2026,Bill #VB931
8/27/2026,Bill #VB932
8/26/2026,Bill #VB933
9/29/2026,Bill #VB934
10/24/2026,Bill #VB935
8/30/2026,Bill #VB936
10/22/2026,Bill #VB937
10/20/2026,Bill #VB938
10/21/2026,Bill #VB939
8/8/2026,Bill #VB940
8/21/2026,Bill #VB941
8/30/2026,Bill #VB942
10/5/2026,Bill #VB943
9/21/2026,Bill #VB944
9/10/2026,Bill #VB945
10/13/2026,Bill #VB946
9/3/2026,Bill #VB947
8/26/2026,Bill #VB948
8/10/2026,Bill #VB949
9/27/2026,Bill #VB950
9/7/2026,Bill #VB951
10/18/2026,Bill #VB952
10/2/2026,Bill #VB953
8/12/2026,Bill #VB954
9/29/2026,Bill #VB955
11/5/2026,Bill #VB956
8/17/2026,Bill #VB957
8/15/2026,Bill #VB958
8/26/2026,Bill #VB959
8/20/2026,Bill #VB960
9/1/2026,Bill #VB961
11/5/2026,Bill #VB962
10/17/2026,Bill #VB963
11/7/2026,Bill #VB964
9/4/2026,Bill #VB965
9/11/2026,Bill #VB966
10/7/2026,Bill #VB967
10/30/2026,Bill #VB968
10/8/2026,Bill #VB969
9/2/2026,Bill #VB970
10/17/2026,Bill #VB971
11/15/2026,Bill #VB972
8/17/2026,Bill #VB973
8/19/2026,Bill #VB974
11/3/2026,Bill #VB975
9/19/2026,Bill #VB976
9/30/2026,Bill #VB977
10/1/2026,Bill #VB978
9/23/2026,Bill #VB979
9/14/2026,Bill #VB980
10/8/2026,Bill #VB981
8/28/2026,Bill #VB982
10/23/2026,Bill #VB983
8/29/2026,Bill #VB984
10/20/2026,Bill #VB985
9/16/2026,Bill #VB986
11/19/2026,Bill #VB987
10/7/2026,Bill #VB988
9/8/2026,Bill #VB989
8/9/2026,Bill #VB990
8/18/2026,Bill #VB991
8/12/2026,Bill #VB992
11/3/2026,Bill #VB993
10/26/2026,Bill #VB994
10/14/2026,Bill #VB995
9/24/2026,Bill #VB996
8/19/2026,Bill #VB997
10/13/2026,Bill #VB998
11/9/2026,Bill #VB999
10/12/2026,Bill #VB1000
10/27/2026,Bill #VB1001
8/16/2026,Bill #VB1002
9/17/2026,Bill #VB1003
10/18/2026,Bill #VB1004
11/3/2026,Bill #VB1005
10/4/2026,Bill #VB1006
10/5/2026,Bill #VB1007
9/10/2026,Bill #VB1008
9/22/2026,Bill #VB1009
10/14/2026,Bill #VB1010
9/20/2026,Bill #VB1011
10/23/2026,Bill #VB1012
9/2/2026,Bill #VB1013
8/10/2026,Bill #VB1014
9/22/2026,Bill #VB1015
9/2/2026,Bill #VB1016
9/18/2026,Bill #VB1017
9/23/2026,Bill #VB1018
9/9/2026,Bill #VB1019
8/24/2026,Bill #VB1020
9/22/2026,Bill #VB1021
9/21/2026,Bill #VB1022
8/26/2026,Bill #VB1023
8/20/2026,Bill #VB1024
9/4/2026,Bill #VB1025
10/16/2026,Bill #VB1026
9/14/2026,Bill #VB1027
11/20/2026,Bill #VB1028
10/16/2026,Bill #VB1029
8/17/2026,Bill #VB1030
10/18/2026,Bill #VB1031
8/16/2026,Bill #VB1032
11/3/2026,Bill #VB1033
10/2/2026,Bill #VB1034
10/19/2026,Bill #VB1035
10/8/2026,Bill #VB1036
9/3/2026,Bill #VB1037
8/18/2026,Bill #VB1038
8/10/2026,Bill #VB1039
9/27/2026,Bill #VB1040
9/1/2026,Bill #VB1041
8/4/2026,Bill #VB1042
10/17/2026,Bill #VB1043
10/3/2026,Bill #VB1044
9/20/2026,Bill #VB1045
9/1/2026,Bill #VB1046
10/28/2026,Bill #VB1047
10/19/2026,Bill #VB1048
8/23/2026,Bill #VB1049
9/21/2026,Bill #VB1050
8/7/2026,Bill #VB1051
9/19/2026,Bill #VB1052
10/3/2026,Bill #VB1053
8/31/2026,Bill #VB1054
11/5/2026,Bill #VB1055
9/26/2026,Bill #VB1056
10/16/2026,Bill #VB1057
10/4/2026,Bill #VB1058
10/5/2026,Bill #VB1059
11/6/2026,Bill #VB1060
9/28/2026,Bill #VB1061
9/30/2026,Bill #VB1062
10/25/2026,Bill #VB1063
9/16/2026,Bill #VB1064
9/22/2026,Bill #VB1065
9/28/2026,Bill #VB1066
8/19/2026,Bill #VB1067
11/3/2026,Bill #VB1068
8/29/2026,Bill #VB1069
10/15/2026,Bill #VB1070
10/2/2026,Bill #VB1071
10/24/2026,Bill #VB1072
10/14/2026,Bill #VB1073
10/13/2026,Bill #VB1074
8/27/2026,Bill #VB1075
11/12/2026,Bill #VB1076
8/21/2026,Bill #VB1077
9/12/2026,Bill #VB1078
10/14/2026,Bill #VB1079
8/5/2026,Bill #VB1080
9/25/2026,Bill #VB1081
9/6/2026,Bill #VB1082
10/13/2026,Bill #VB1083
9/16/2026,Bill #VB1084
9/17/2026,Bill #VB1085
10/15/2026,Bill #VB1086
9/16/2026,Bill #VB1087
9/18/2026,Bill #VB1088
10/22/2026,Bill #VB1089
9/18/2026,Bill #VB1090
9/29/2026,Bill #VB1091
8/30/2026,Bill #VB1092
10/14/2026,Bill #VB1093
10/12/2026,Bill #VB1094
8/19/2026,Bill #VB1095
10/8/2026,Bill #VB1096
10/4/2026,Bill #VB1097
11/17/2026,Bill #VB1098
11/20/2026,Bill #VB1099
9/22/2026,Bill #VB1100
8/25/2026,Bill #VB1101
9/20/2026,Bill #VB1102
9/25/2026,Bill #VB1103
10/14/2026,Bill #VB1104
11/4/2026,Bill #VB1105
11/7/2026,Bill #VB1106
10/5/2026,Bill #VB1107
9/12/2026,Bill #VB1108
10/22/2026,Bill #VB1109
8/5/2026,Bill #VB1110
8/19/2026,Bill #VB1111
9/17/2026,Bill #VB1112
11/3/2026,Bill #VB1113
10/12/2026,Bill #VB1114
9/21/2026,Bill #VB1115
8/28/2026,Bill #VB1116
8/8/2026,Bill #VB1117
8/9/2026,Bill #VB1118
9/27/2026,Bill #VB1119
10/26/2026,Bill #VB1120
9/11/2026,Bill #VB1121
8/13/2026,Bill #VB1122
8/23/2026,Bill #VB1123
8/12/2026,Bill #VB1124
10/8/2026,Bill #VB1125
11/16/2026,Bill #VB1126
10/18/2026,Bill #VB1127
