Parent Employee,IBAN
Employee E001,SA8139986987973091141707
Employee E002,SA4556815188447294055761
Employee E003,SA7168976846978809320819
Employee E004,SA7317784864887663440029
Employee E005,SA5347787680457178472671
Employee E006,SA1362701079819331908452
Employee E007,SA9728379298416229486628
Employee E008,SA1610550087547517799229
Employee E009,SA9579318603208073702838
Employee E010,SA6468616425247764725877
Employee E011,SA4133017568205258983194
Employee E012,SA9494821416210521854914
Employee E013,SA4106460013041189557990
Employee E014,SA3976158464506045414659
Employee E015,SA3801291102859406925666
Employee E016,SA2280886423004876452912
Employee E017,SA4585003703826538453557
Employee E018,SA9432627058602145842108
Employee E019,SA9066882811265844093244
Employee E020,SA2630976582802582201805
Employee E021,SA3829932157116494157718
Employee E022,SA7951117443256885576523
Employee E023,SA5696327926451547428435
Employee E024,SA4497660856517883655062
Employee E025,SA4259967750031450378495
Employee E026,SA8012537392419689821046
Employee E027,SA8375555974754072075473
Employee E028,SA6439061884791889575552
Employee E029,SA4886193073368828347285
Employee E030,SA9832982229004422485272
Employee E031,SA2697804385817625280700
Employee E032,SA4502831663233735286675
Employee E033,SA8971331159212363608244
Employee E034,SA7874572128357699085417
Employee E035,SA8814401901879169797802
Employee E036,SA1612840019815247357363
Employee E037,SA0739273197967807360872
Employee E038,SA5469059828195391827611
Employee E039,SA3304284514203817805780
Employee E040,SA4121430490741828898370
