Name,Tax Number,Date Created
Shams Madar Contracting (fictional),3101659311100003,7/3/2024
Sarh Rimal Trading (fictional),3101124680400003,12/19/2023
Buruj Noor Solutions (fictional),3101399287000003,9/16/2023
Nakheel Najd Trading (fictional),3101006672200003,5/11/2023
Bina Sarh Est. (fictional),3101498951300003,1/15/2025
Sahab Tamayuz Services (fictional),3101900095400003,10/22/2024
Sahab Sarh Est. (fictional),3101833652900003,10/13/2024
Qimma Waha Est. (fictional),3101611036400003,2/1/2024
Najd Najd Contracting (fictional),3101206567800003,2/12/2024
Tamayuz Jazeera Trading (fictional),3101581215600003,3/30/2023
Jazeera Qimma Solutions (fictional),3101429058200003,3/12/2023
Bina Rawabi Est. (fictional),3101970374500003,5/28/2025
Waha Taqa Services (fictional),3101185090200003,11/15/2023
Buruj Dana Services (fictional),3101597640800003,1/15/2023
Noor Masar Contracting (fictional),3101130705100003,3/1/2023
Buruj Dana Trading (fictional),3101739553600003,5/21/2023
Nakheel Sarh Solutions (fictional),3101246507100003,10/13/2024
Dana Rimal Trading (fictional),3101968054100003,1/11/2024
Shams Bina Solutions (fictional),3101654890900003,5/3/2023
Taqa Sahab Services (fictional),3101658671800003,4/10/2024
Rawabi Masar Trading (fictional),3101534177400003,10/3/2024
Waha Madar Est. (fictional),3101135716200003,7/4/2024
Noor Najd Trading (fictional),3101885033700003,1/27/2025
Tamayuz Shams Solutions (fictional),3101961086400003,9/3/2024
Taqa Rimal Solutions (fictional),3101462852500003,2/17/2023
Tamayuz Bina Trading (fictional),3101475306500003,11/26/2024
Shams Noor Trading (fictional),3101026693700003,2/26/2023
Masar Wadi Services (fictional),3101844802600003,6/21/2024
Taqa Noor Solutions (fictional),3101005780800003,7/31/2023
Rimal Sahab Supplies (fictional),3101753724500003,6/1/2025
Najd Madar Supplies (fictional),3101201236800003,6/14/2025
Nakheel Qimma Supplies (fictional),3101531109000003,5/31/2023
Jazeera Noor Supplies (fictional),3101225024200003,1/18/2025
Sarh Noor Services (fictional),3101524809500003,5/6/2023
Sahab Najd Solutions (fictional),3101986738200003,5/25/2025
Bina Afaq Contracting (fictional),3101495970500003,5/17/2024
Rimal Qimma Services (fictional),3101615995500003,7/21/2024
Madar Jazeera Trading (fictional),3101197678500003,1/12/2024
Najd Sahab Contracting (fictional),3101362552500003,6/29/2023
Sarh Qimma Services (fictional),3101118178600003,5/4/2025
Dana Madar Est. (fictional),3101957699600003,1/12/2023
Bina Taqa Est. (fictional),3101511963200003,4/28/2025
Taqa Shams Trading (fictional),3101943277800003,5/26/2024
Buruj Waha Supplies (fictional),3101838492200003,3/15/2025
Wadi Dana Solutions (fictional),3101257141700003,4/10/2025
Rimal Madar Contracting (fictional),3101486366500003,5/29/2025
Buruj Jazeera Contracting (fictional),3101150409000003,4/21/2024
Dana Rawabi Est. (fictional),3101840437200003,8/5/2024
Wadi Buruj Est. (fictional),3101894487600003,1/5/2024
Shams Masar Est. (fictional),3101120231200003,6/7/2024
Tamayuz Sahab Trading (fictional),3101288179100003,2/20/2023
Masar Dana Solutions (fictional),3101746024400003,8/2/2024
Madar Waha Services (fictional),3101231065500003,3/23/2024
Taqa Jazeera Est. (fictional),3101647230500003,10/26/2024
Taqa Quick Est. (fictional),3101624793000003,8/2/2026
Dana Quick Contracting (fictional),3101886510900003,8/16/2026
