Parent Vendor,IBAN
Shams Madar Contracting (fictional),SA7130066817922328385642
Sarh Rimal Trading (fictional),SA2983725278120617695851
Buruj Noor Solutions (fictional),SA1634999248005279137298
Nakheel Najd Trading (fictional),SA9842640794260791135716
Bina Sarh Est. (fictional),SA4796745219803346352136
Sahab Tamayuz Services (fictional),SA6398488645732840934269
Sahab Sarh Est. (fictional),SA0940985846388498556830
Qimma Waha Est. (fictional),SA3896501332796726835081
Najd Najd Contracting (fictional),SA7958163540115276113875
Tamayuz Jazeera Trading (fictional),SA3277186210761770775106
Jazeera Qimma Solutions (fictional),SA8836152029944613516199
Bina Rawabi Est. (fictional),SA4398286408948746439725
Waha Taqa Services (fictional),SA9303995515669796156795
Buruj Dana Services (fictional),SA6547056709048801564644
Noor Masar Contracting (fictional),SA3205987198890421631111
Buruj Dana Trading (fictional),SA8046587306424829601796
Nakheel Sarh Solutions (fictional),SA0412634789235240137615
Dana Rimal Trading (fictional),SA1483354148818137852223
Shams Bina Solutions (fictional),SA4975332571929480853470
Taqa Sahab Services (fictional),SA1341461754420146133800
Rawabi Masar Trading (fictional),SA1478658930597760553848
Waha Madar Est. (fictional),SA0670907276151413633437
Noor Najd Trading (fictional),SA7526239424646686316653
Tamayuz Shams Solutions (fictional),SA7453581342172334967704
Taqa Rimal Solutions (fictional),SA7516886561141082359534
Tamayuz Bina Trading (fictional),SA2947478182446026195680
Shams Noor Trading (fictional),SA0520070091703927330570
Masar Wadi Services (fictional),SA7781661146351102038300
Taqa Noor Solutions (fictional),SA0426371671552930126708
Rimal Sahab Supplies (fictional),SA7057929923981337027186
Najd Madar Supplies (fictional),SA2999147067554850663516
Nakheel Qimma Supplies (fictional),SA9734812417264366282909
Jazeera Noor Supplies (fictional),SA4220426283709506018898
Sarh Noor Services (fictional),SA1780133252695637827608
Sahab Najd Solutions (fictional),SA6121385607002238696953
Bina Afaq Contracting (fictional),SA6550135100637171124335
Rimal Qimma Services (fictional),SA0986801543161030225021
Madar Jazeera Trading (fictional),SA1482941834190823861352
Najd Sahab Contracting (fictional),SA8637877604054246854242
Sarh Qimma Services (fictional),SA2974476604713936055049
Dana Madar Est. (fictional),SA1610550087547517799229
Bina Taqa Est. (fictional),SA0372056832660756896516
Taqa Shams Trading (fictional),SA8203962209876953971100
Buruj Waha Supplies (fictional),SA6002822070169298442782
Wadi Dana Solutions (fictional),SA4431774664323167779214
Rimal Madar Contracting (fictional),SA4796725218990332126686
Buruj Jazeera Contracting (fictional),SA3831294715029529207425
Dana Rawabi Est. (fictional),SA3717634526064501145946
Wadi Buruj Est. (fictional),SA4500748514810133156040
Shams Masar Est. (fictional),SA9596101019544461515753
Tamayuz Sahab Trading (fictional),SA5490921889049953142373
Masar Dana Solutions (fictional),SA9516854247448059498065
Madar Waha Services (fictional),SA5284561863405613575069
Taqa Jazeera Est. (fictional),SA9814331791430747776388
Taqa Quick Est. (fictional),SA7815763407337707514732
Dana Quick Contracting (fictional),SA0893895781505355053414
