Party Type,Party,IBAN
Supplier,Shams Madar Contracting (fictional),SA7130066817922328385642
Supplier,Sarh Rimal Trading (fictional),SA2983725278120617695851
Supplier,Buruj Noor Solutions (fictional),SA1634999248005279137298
Supplier,Nakheel Najd Trading (fictional),SA9842640794260791135716
Supplier,Bina Sarh Est. (fictional),SA4796745219803346352136
Supplier,Sahab Tamayuz Services (fictional),SA6398488645732840934269
Supplier,Sahab Sarh Est. (fictional),SA0940985846388498556830
Supplier,Qimma Waha Est. (fictional),SA3896501332796726835081
Supplier,Najd Najd Contracting (fictional),SA7958163540115276113875
Supplier,Tamayuz Jazeera Trading (fictional),SA3277186210761770775106
Supplier,Jazeera Qimma Solutions (fictional),SA8836152029944613516199
Supplier,Bina Rawabi Est. (fictional),SA4398286408948746439725
Supplier,Waha Taqa Services (fictional),SA9303995515669796156795
Supplier,Buruj Dana Services (fictional),SA6547056709048801564644
Supplier,Noor Masar Contracting (fictional),SA3205987198890421631111
Supplier,Buruj Dana Trading (fictional),SA8046587306424829601796
Supplier,Nakheel Sarh Solutions (fictional),SA0412634789235240137615
Supplier,Dana Rimal Trading (fictional),SA1483354148818137852223
Supplier,Shams Bina Solutions (fictional),SA4975332571929480853470
Supplier,Taqa Sahab Services (fictional),SA1341461754420146133800
Supplier,Rawabi Masar Trading (fictional),SA1478658930597760553848
Supplier,Waha Madar Est. (fictional),SA0670907276151413633437
Supplier,Noor Najd Trading (fictional),SA7526239424646686316653
Supplier,Tamayuz Shams Solutions (fictional),SA7453581342172334967704
Supplier,Taqa Rimal Solutions (fictional),SA7516886561141082359534
Supplier,Tamayuz Bina Trading (fictional),SA2947478182446026195680
Supplier,Shams Noor Trading (fictional),SA0520070091703927330570
Supplier,Masar Wadi Services (fictional),SA7781661146351102038300
Supplier,Taqa Noor Solutions (fictional),SA0426371671552930126708
Supplier,Rimal Sahab Supplies (fictional),SA7057929923981337027186
Supplier,Najd Madar Supplies (fictional),SA2999147067554850663516
Supplier,Nakheel Qimma Supplies (fictional),SA9734812417264366282909
Supplier,Jazeera Noor Supplies (fictional),SA4220426283709506018898
Supplier,Sarh Noor Services (fictional),SA1780133252695637827608
Supplier,Sahab Najd Solutions (fictional),SA6121385607002238696953
Supplier,Bina Afaq Contracting (fictional),SA6550135100637171124335
Supplier,Rimal Qimma Services (fictional),SA0986801543161030225021
Supplier,Madar Jazeera Trading (fictional),SA1482941834190823861352
Supplier,Najd Sahab Contracting (fictional),SA8637877604054246854242
Supplier,Sarh Qimma Services (fictional),SA2974476604713936055049
Supplier,Dana Madar Est. (fictional),SA1610550087547517799229
Supplier,Bina Taqa Est. (fictional),SA0372056832660756896516
Supplier,Taqa Shams Trading (fictional),SA8203962209876953971100
Supplier,Buruj Waha Supplies (fictional),SA6002822070169298442782
Supplier,Wadi Dana Solutions (fictional),SA4431774664323167779214
Supplier,Rimal Madar Contracting (fictional),SA4796725218990332126686
Supplier,Buruj Jazeera Contracting (fictional),SA3831294715029529207425
Supplier,Dana Rawabi Est. (fictional),SA3717634526064501145946
Supplier,Wadi Buruj Est. (fictional),SA4500748514810133156040
Supplier,Shams Masar Est. (fictional),SA9596101019544461515753
Supplier,Tamayuz Sahab Trading (fictional),SA5490921889049953142373
Supplier,Masar Dana Solutions (fictional),SA9516854247448059498065
Supplier,Madar Waha Services (fictional),SA5284561863405613575069
Supplier,Taqa Jazeera Est. (fictional),SA9814331791430747776388
Supplier,Taqa Quick Est. (fictional),SA7815763407337707514732
Supplier,Dana Quick Contracting (fictional),SA0893895781505355053414
Employee,HR-EMP-001,SA8139986987973091141707
Employee,HR-EMP-002,SA4556815188447294055761
Employee,HR-EMP-003,SA7168976846978809320819
Employee,HR-EMP-004,SA7317784864887663440029
Employee,HR-EMP-005,SA5347787680457178472671
Employee,HR-EMP-006,SA1362701079819331908452
Employee,HR-EMP-007,SA9728379298416229486628
Employee,HR-EMP-008,SA1610550087547517799229
Employee,HR-EMP-009,SA9579318603208073702838
Employee,HR-EMP-010,SA6468616425247764725877
Employee,HR-EMP-011,SA4133017568205258983194
Employee,HR-EMP-012,SA9494821416210521854914
Employee,HR-EMP-013,SA4106460013041189557990
Employee,HR-EMP-014,SA3976158464506045414659
Employee,HR-EMP-015,SA3801291102859406925666
Employee,HR-EMP-016,SA2280886423004876452912
Employee,HR-EMP-017,SA4585003703826538453557
Employee,HR-EMP-018,SA9432627058602145842108
Employee,HR-EMP-019,SA9066882811265844093244
Employee,HR-EMP-020,SA2630976582802582201805
Employee,HR-EMP-021,SA3829932157116494157718
Employee,HR-EMP-022,SA7951117443256885576523
Employee,HR-EMP-023,SA5696327926451547428435
Employee,HR-EMP-024,SA4497660856517883655062
Employee,HR-EMP-025,SA4259967750031450378495
Employee,HR-EMP-026,SA8012537392419689821046
Employee,HR-EMP-027,SA8375555974754072075473
Employee,HR-EMP-028,SA6439061884791889575552
Employee,HR-EMP-029,SA4886193073368828347285
Employee,HR-EMP-030,SA9832982229004422485272
Employee,HR-EMP-031,SA2697804385817625280700
Employee,HR-EMP-032,SA4502831663233735286675
Employee,HR-EMP-033,SA8971331159212363608244
Employee,HR-EMP-034,SA7874572128357699085417
Employee,HR-EMP-035,SA8814401901879169797802
Employee,HR-EMP-036,SA1612840019815247357363
Employee,HR-EMP-037,SA0739273197967807360872
Employee,HR-EMP-038,SA5469059828195391827611
Employee,HR-EMP-039,SA3304284514203817805780
Employee,HR-EMP-040,SA4121430490741828898370
