Posting Date,Status,Reference Name (Payment Entry Reference)
2026-08-27,Submitted,ACC-PINV-2026-00001
2026-08-01,Submitted,ACC-PINV-2026-00002
2026-09-16,Submitted,ACC-PINV-2026-00003
2026-10-22,Submitted,ACC-PINV-2026-00004
2026-08-02,Submitted,ACC-PINV-2026-00005
2026-10-02,Submitted,ACC-PINV-2026-00006
2026-11-14,Submitted,ACC-PINV-2026-00007
2026-08-26,Submitted,ACC-PINV-2026-00008
2026-12-01,Submitted,ACC-PINV-2026-00009
2026-09-18,Submitted,ACC-PINV-2026-00010
2026-09-07,Submitted,ACC-PINV-2026-00011
2026-10-11,Submitted,ACC-PINV-2026-00012
2026-10-20,Submitted,ACC-PINV-2026-00013
2026-09-29,Submitted,ACC-PINV-2026-00014
2026-11-14,Submitted,ACC-PINV-2026-00015
2026-09-03,Submitted,ACC-PINV-2026-00016
2026-10-25,Submitted,ACC-PINV-2026-00017
2026-09-27,Submitted,ACC-PINV-2026-00018
2026-09-18,Submitted,ACC-PINV-2026-00019
2026-10-09,Submitted,ACC-PINV-2026-00020
2026-10-10,Submitted,ACC-PINV-2026-00021
2026-09-07,Submitted,ACC-PINV-2026-00022
2026-10-27,Submitted,ACC-PINV-2026-00023
2026-09-01,Submitted,ACC-PINV-2026-00024
2026-09-15,Submitted,ACC-PINV-2026-00025
2026-11-08,Submitted,ACC-PINV-2026-00026
2026-09-15,Submitted,ACC-PINV-2026-00027
2026-09-04,Submitted,ACC-PINV-2026-00028
2026-09-08,Submitted,ACC-PINV-2026-00029
2026-11-27,Submitted,ACC-PINV-2026-00030
2026-07-30,Submitted,ACC-PINV-2026-00031
2026-10-04,Submitted,ACC-PINV-2026-00032
2026-09-26,Submitted,ACC-PINV-2026-00033
2026-09-02,Submitted,ACC-PINV-2026-00034
2026-09-18,Submitted,ACC-PINV-2026-00035
2026-08-10,Submitted,ACC-PINV-2026-00036
2026-10-13,Submitted,ACC-PINV-2026-00037
2026-10-08,Submitted,ACC-PINV-2026-00038
2026-08-22,Submitted,ACC-PINV-2026-00039
2026-10-25,Submitted,ACC-PINV-2026-00040
2026-08-14,Submitted,ACC-PINV-2026-00041
2026-10-23,Submitted,ACC-PINV-2026-00042
2026-09-13,Submitted,ACC-PINV-2026-00043
2026-10-01,Submitted,ACC-PINV-2026-00044
2026-08-31,Submitted,ACC-PINV-2026-00045
2026-09-11,Submitted,ACC-PINV-2026-00046
2026-11-12,Submitted,ACC-PINV-2026-00047
2026-10-22,Submitted,ACC-PINV-2026-00048
2026-09-17,Submitted,ACC-PINV-2026-00049
2026-10-22,Submitted,ACC-PINV-2026-00050
2026-10-09,Submitted,ACC-PINV-2026-00051
2026-10-04,Submitted,ACC-PINV-2026-00052
2026-09-02,Submitted,ACC-PINV-2026-00053
2026-08-14,Submitted,ACC-PINV-2026-00054
2026-10-16,Submitted,ACC-PINV-2026-00055
2026-09-29,Submitted,ACC-PINV-2026-00056
2026-09-27,Submitted,ACC-PINV-2026-00057
2026-11-24,Submitted,ACC-PINV-2026-00058
2026-10-10,Submitted,ACC-PINV-2026-00059
2026-09-22,Submitted,ACC-PINV-2026-00060
2026-10-07,Submitted,ACC-PINV-2026-00061
2026-07-29,Submitted,ACC-PINV-2026-00062
2026-08-27,Submitted,ACC-PINV-2026-00063
2026-10-18,Submitted,ACC-PINV-2026-00064
2026-09-13,Submitted,ACC-PINV-2026-00065
2026-11-02,Submitted,ACC-PINV-2026-00066
2026-08-31,Submitted,ACC-PINV-2026-00067
2026-09-14,Submitted,ACC-PINV-2026-00068
2026-10-07,Submitted,ACC-PINV-2026-00069
2026-09-28,Submitted,ACC-PINV-2026-00070
2026-11-03,Submitted,ACC-PINV-2026-00071
2026-09-16,Submitted,ACC-PINV-2026-00072
2026-08-14,Submitted,ACC-PINV-2026-00073
2026-09-11,Submitted,ACC-PINV-2026-00074
2026-08-30,Submitted,ACC-PINV-2026-00075
2026-09-24,Submitted,ACC-PINV-2026-00076
2026-09-05,Submitted,ACC-PINV-2026-00077
2026-08-07,Submitted,ACC-PINV-2026-00078
2026-10-25,Submitted,ACC-PINV-2026-00079
2026-09-10,Submitted,ACC-PINV-2026-00080
2026-08-14,Submitted,ACC-PINV-2026-00081
2026-07-31,Submitted,ACC-PINV-2026-00082
2026-08-19,Submitted,ACC-PINV-2026-00083
2026-09-17,Submitted,ACC-PINV-2026-00084
2026-09-15,Submitted,ACC-PINV-2026-00085
2026-08-04,Submitted,ACC-PINV-2026-00086
2026-10-07,Submitted,ACC-PINV-2026-00087
2026-09-10,Submitted,ACC-PINV-2026-00088
2026-08-25,Submitted,ACC-PINV-2026-00089
2026-10-01,Submitted,ACC-PINV-2026-00090
2026-11-05,Submitted,ACC-PINV-2026-00091
2026-08-19,Submitted,ACC-PINV-2026-00092
2026-10-24,Submitted,ACC-PINV-2026-00093
2026-10-01,Submitted,ACC-PINV-2026-00094
2026-09-08,Submitted,ACC-PINV-2026-00095
2026-10-21,Submitted,ACC-PINV-2026-00096
2026-10-20,Submitted,ACC-PINV-2026-00097
2026-08-24,Submitted,ACC-PINV-2026-00098
2026-11-06,Submitted,ACC-PINV-2026-00099
2026-10-16,Submitted,ACC-PINV-2026-00100
2026-10-12,Submitted,ACC-PINV-2026-00101
2026-10-06,Submitted,ACC-PINV-2026-00102
2026-11-13,Submitted,ACC-PINV-2026-00103
2026-09-18,Submitted,ACC-PINV-2026-00104
2026-10-17,Submitted,ACC-PINV-2026-00105
2026-09-09,Submitted,ACC-PINV-2026-00106
2026-08-25,Submitted,ACC-PINV-2026-00107
2026-11-13,Submitted,ACC-PINV-2026-00108
2026-10-10,Submitted,ACC-PINV-2026-00109
2026-10-19,Submitted,ACC-PINV-2026-00110
2026-10-15,Submitted,ACC-PINV-2026-00111
2026-10-12,Submitted,ACC-PINV-2026-00112
2026-11-11,Submitted,ACC-PINV-2026-00113
2026-10-22,Submitted,ACC-PINV-2026-00114
2026-07-24,Submitted,ACC-PINV-2026-00115
2026-10-12,Submitted,ACC-PINV-2026-00116
2026-09-19,Submitted,ACC-PINV-2026-00117
2026-08-24,Submitted,ACC-PINV-2026-00118
2026-08-26,Submitted,ACC-PINV-2026-00119
2026-09-21,Submitted,ACC-PINV-2026-00120
2026-10-08,Submitted,ACC-PINV-2026-00121
2026-09-23,Submitted,ACC-PINV-2026-00122
2026-09-20,Submitted,ACC-PINV-2026-00123
2026-09-30,Submitted,ACC-PINV-2026-00124
2026-10-06,Submitted,ACC-PINV-2026-00125
2026-09-23,Submitted,ACC-PINV-2026-00126
2026-09-20,Submitted,ACC-PINV-2026-00127
2026-09-17,Submitted,ACC-PINV-2026-00128
2026-09-30,Submitted,ACC-PINV-2026-00129
2026-10-18,Submitted,ACC-PINV-2026-00130
2026-09-19,Submitted,ACC-PINV-2026-00131
2026-07-27,Submitted,ACC-PINV-2026-00132
2026-10-03,Submitted,ACC-PINV-2026-00133
2026-08-30,Submitted,ACC-PINV-2026-00134
2026-09-25,Submitted,ACC-PINV-2026-00135
2026-08-16,Submitted,ACC-PINV-2026-00136
2026-11-16,Submitted,ACC-PINV-2026-00137
2026-10-01,Submitted,ACC-PINV-2026-00138
2026-09-03,Submitted,ACC-PINV-2026-00139
2026-08-25,Submitted,ACC-PINV-2026-00140
2026-09-21,Submitted,ACC-PINV-2026-00141
2026-09-12,Submitted,ACC-PINV-2026-00142
2026-08-17,Submitted,ACC-PINV-2026-00143
2026-09-05,Submitted,ACC-PINV-2026-00144
2026-09-13,Submitted,ACC-PINV-2026-00145
2026-08-31,Submitted,ACC-PINV-2026-00146
2026-08-22,Submitted,ACC-PINV-2026-00147
2026-10-31,Submitted,ACC-PINV-2026-00148
2026-09-04,Submitted,ACC-PINV-2026-00149
2026-10-20,Submitted,ACC-PINV-2026-00150
2026-08-20,Submitted,ACC-PINV-2026-00151
2026-11-08,Submitted,ACC-PINV-2026-00152
2026-08-12,Submitted,ACC-PINV-2026-00153
2026-09-26,Submitted,ACC-PINV-2026-00154
2026-09-01,Submitted,ACC-PINV-2026-00155
2026-09-04,Submitted,ACC-PINV-2026-00156
2026-08-06,Submitted,ACC-PINV-2026-00157
2026-10-09,Submitted,ACC-PINV-2026-00158
2026-10-23,Submitted,ACC-PINV-2026-00159
2026-09-21,Submitted,ACC-PINV-2026-00160
2026-09-30,Submitted,ACC-PINV-2026-00161
2026-10-13,Submitted,ACC-PINV-2026-00162
2026-10-02,Submitted,ACC-PINV-2026-00163
2026-09-07,Submitted,ACC-PINV-2026-00164
2026-10-06,Submitted,ACC-PINV-2026-00165
2026-10-04,Submitted,ACC-PINV-2026-00166
2026-10-21,Submitted,ACC-PINV-2026-00167
2026-08-19,Submitted,ACC-PINV-2026-00168
2026-09-03,Submitted,ACC-PINV-2026-00169
2026-09-07,Submitted,ACC-PINV-2026-00170
2026-08-26,Submitted,ACC-PINV-2026-00171
2026-10-13,Submitted,ACC-PINV-2026-00172
2026-09-01,Submitted,ACC-PINV-2026-00173
2026-09-22,Submitted,ACC-PINV-2026-00174
2026-10-19,Submitted,ACC-PINV-2026-00175
2026-11-16,Submitted,ACC-PINV-2026-00176
2026-09-28,Submitted,ACC-PINV-2026-00177
2026-10-02,Submitted,ACC-PINV-2026-00178
2026-09-09,Submitted,ACC-PINV-2026-00179
2026-09-20,Submitted,ACC-PINV-2026-00180
2026-10-12,Submitted,ACC-PINV-2026-00181
2026-09-12,Submitted,ACC-PINV-2026-00182
2026-10-19,Submitted,ACC-PINV-2026-00183
2026-09-13,Submitted,ACC-PINV-2026-00184
2026-08-07,Submitted,ACC-PINV-2026-00185
2026-08-17,Submitted,ACC-PINV-2026-00186
2026-09-03,Submitted,ACC-PINV-2026-00187
2026-10-20,Submitted,ACC-PINV-2026-00188
2026-09-29,Submitted,ACC-PINV-2026-00189
2026-10-24,Submitted,ACC-PINV-2026-00190
2026-09-18,Submitted,ACC-PINV-2026-00191
2026-09-08,Submitted,ACC-PINV-2026-00192
2026-08-27,Submitted,ACC-PINV-2026-00193
2026-10-24,Submitted,ACC-PINV-2026-00194
2026-08-06,Submitted,ACC-PINV-2026-00195
2026-10-30,Submitted,ACC-PINV-2026-00196
2026-10-15,Submitted,ACC-PINV-2026-00197
2026-10-14,Submitted,ACC-PINV-2026-00198
2026-09-27,Submitted,ACC-PINV-2026-00199
2026-09-02,Submitted,ACC-PINV-2026-00200
2026-10-07,Submitted,ACC-PINV-2026-00201
2026-08-26,Submitted,ACC-PINV-2026-00202
2026-09-09,Submitted,ACC-PINV-2026-00203
2026-09-06,Submitted,ACC-PINV-2026-00204
2026-09-29,Submitted,ACC-PINV-2026-00205
2026-11-29,Submitted,ACC-PINV-2026-00206
2026-08-16,Submitted,ACC-PINV-2026-00207
2026-11-15,Submitted,ACC-PINV-2026-00208
2026-09-29,Submitted,ACC-PINV-2026-00209
2026-09-19,Submitted,ACC-PINV-2026-00210
2026-11-21,Submitted,ACC-PINV-2026-00211
2026-09-17,Submitted,ACC-PINV-2026-00212
2026-10-07,Submitted,ACC-PINV-2026-00213
2026-09-20,Submitted,ACC-PINV-2026-00214
2026-09-21,Submitted,ACC-PINV-2026-00215
2026-10-25,Submitted,ACC-PINV-2026-00216
2026-08-10,Submitted,ACC-PINV-2026-00217
2026-08-29,Submitted,ACC-PINV-2026-00218
2026-09-06,Submitted,ACC-PINV-2026-00219
2026-10-30,Submitted,ACC-PINV-2026-00220
2026-10-22,Submitted,ACC-PINV-2026-00221
2026-10-21,Submitted,ACC-PINV-2026-00222
2026-09-18,Submitted,ACC-PINV-2026-00223
2026-09-06,Submitted,ACC-PINV-2026-00224
2026-11-02,Submitted,ACC-PINV-2026-00225
2026-10-07,Submitted,ACC-PINV-2026-00226
2026-10-24,Submitted,ACC-PINV-2026-00227
2026-07-27,Submitted,ACC-PINV-2026-00228
2026-11-13,Submitted,ACC-PINV-2026-00229
2026-09-25,Submitted,ACC-PINV-2026-00230
2026-11-06,Submitted,ACC-PINV-2026-00231
2026-08-07,Submitted,ACC-PINV-2026-00232
2026-10-02,Submitted,ACC-PINV-2026-00233
2026-10-04,Submitted,ACC-PINV-2026-00234
2026-08-05,Submitted,ACC-PINV-2026-00235
2026-09-23,Submitted,ACC-PINV-2026-00236
2026-08-22,Submitted,ACC-PINV-2026-00237
2026-11-02,Submitted,ACC-PINV-2026-00238
2026-08-13,Submitted,ACC-PINV-2026-00239
2026-10-02,Submitted,ACC-PINV-2026-00240
2026-11-11,Submitted,ACC-PINV-2026-00241
2026-08-18,Submitted,ACC-PINV-2026-00242
2026-08-15,Submitted,ACC-PINV-2026-00243
2026-09-16,Submitted,ACC-PINV-2026-00244
2026-09-16,Submitted,ACC-PINV-2026-00245
2026-09-22,Submitted,ACC-PINV-2026-00246
2026-10-19,Submitted,ACC-PINV-2026-00247
2026-08-22,Submitted,ACC-PINV-2026-00248
2026-11-04,Submitted,ACC-PINV-2026-00249
2026-09-14,Submitted,ACC-PINV-2026-00250
2026-09-12,Submitted,ACC-PINV-2026-00251
2026-10-26,Submitted,ACC-PINV-2026-00252
2026-09-21,Submitted,ACC-PINV-2026-00253
2026-10-30,Submitted,ACC-PINV-2026-00254
2026-11-14,Submitted,ACC-PINV-2026-00255
2026-08-17,Submitted,ACC-PINV-2026-00256
2026-09-21,Submitted,ACC-PINV-2026-00257
2026-10-05,Submitted,ACC-PINV-2026-00258
2026-09-08,Submitted,ACC-PINV-2026-00259
2026-09-30,Submitted,ACC-PINV-2026-00260
2026-09-09,Submitted,ACC-PINV-2026-00261
2026-10-16,Submitted,ACC-PINV-2026-00262
2026-10-24,Submitted,ACC-PINV-2026-00263
2026-10-18,Submitted,ACC-PINV-2026-00264
2026-10-11,Submitted,ACC-PINV-2026-00265
2026-09-21,Submitted,ACC-PINV-2026-00266
2026-10-02,Submitted,ACC-PINV-2026-00267
2026-09-01,Submitted,ACC-PINV-2026-00268
2026-11-22,Submitted,ACC-PINV-2026-00269
2026-08-08,Submitted,ACC-PINV-2026-00270
2026-09-18,Submitted,ACC-PINV-2026-00271
2026-09-29,Submitted,ACC-PINV-2026-00272
2026-09-27,Submitted,ACC-PINV-2026-00273
2026-09-22,Submitted,ACC-PINV-2026-00274
2026-10-16,Submitted,ACC-PINV-2026-00275
2026-10-12,Submitted,ACC-PINV-2026-00276
2026-09-07,Submitted,ACC-PINV-2026-00277
2026-08-24,Submitted,ACC-PINV-2026-00278
2026-09-07,Submitted,ACC-PINV-2026-00279
2026-10-05,Submitted,ACC-PINV-2026-00280
2026-10-20,Submitted,ACC-PINV-2026-00281
2026-08-04,Submitted,ACC-PINV-2026-00282
2026-07-31,Submitted,ACC-PINV-2026-00283
2026-08-15,Submitted,ACC-PINV-2026-00284
2026-10-08,Submitted,ACC-PINV-2026-00285
2026-09-24,Submitted,ACC-PINV-2026-00286
2026-10-03,Submitted,ACC-PINV-2026-00287
2026-08-26,Submitted,ACC-PINV-2026-00288
2026-10-15,Submitted,ACC-PINV-2026-00289
2026-09-16,Submitted,ACC-PINV-2026-00290
2026-08-27,Submitted,ACC-PINV-2026-00291
2026-09-29,Submitted,ACC-PINV-2026-00292
2026-09-22,Submitted,ACC-PINV-2026-00293
2026-10-04,Submitted,ACC-PINV-2026-00294
2026-10-04,Submitted,ACC-PINV-2026-00295
2026-10-29,Submitted,ACC-PINV-2026-00296
2026-11-05,Submitted,ACC-PINV-2026-00297
2026-09-07,Submitted,ACC-PINV-2026-00298
2026-10-14,Submitted,ACC-PINV-2026-00299
2026-08-10,Submitted,ACC-PINV-2026-00300
2026-09-16,Submitted,ACC-PINV-2026-00301
2026-08-03,Submitted,ACC-PINV-2026-00302
2026-09-15,Submitted,ACC-PINV-2026-00303
2026-08-12,Submitted,ACC-PINV-2026-00304
2026-10-02,Submitted,ACC-PINV-2026-00305
2026-08-05,Submitted,ACC-PINV-2026-00306
2026-08-08,Submitted,ACC-PINV-2026-00307
2026-09-04,Submitted,ACC-PINV-2026-00308
2026-10-23,Submitted,ACC-PINV-2026-00309
2026-10-01,Submitted,ACC-PINV-2026-00310
2026-11-08,Submitted,ACC-PINV-2026-00311
2026-10-14,Submitted,ACC-PINV-2026-00312
2026-10-20,Submitted,ACC-PINV-2026-00313
2026-10-03,Submitted,ACC-PINV-2026-00314
2026-10-27,Submitted,ACC-PINV-2026-00315
2026-07-25,Submitted,ACC-PINV-2026-00316
2026-10-27,Submitted,ACC-PINV-2026-00317
2026-09-29,Submitted,ACC-PINV-2026-00318
2026-08-16,Submitted,ACC-PINV-2026-00319
2026-08-14,Submitted,ACC-PINV-2026-00320
2026-08-16,Submitted,ACC-PINV-2026-00321
2026-10-13,Submitted,ACC-PINV-2026-00322
2026-09-09,Submitted,ACC-PINV-2026-00323
2026-08-14,Submitted,ACC-PINV-2026-00324
2026-08-21,Submitted,ACC-PINV-2026-00325
2026-09-08,Submitted,ACC-PINV-2026-00326
2026-08-29,Submitted,ACC-PINV-2026-00327
2026-09-05,Submitted,ACC-PINV-2026-00328
2026-08-23,Submitted,ACC-PINV-2026-00329
2026-09-20,Submitted,ACC-PINV-2026-00330
2026-08-29,Submitted,ACC-PINV-2026-00331
2026-08-26,Submitted,ACC-PINV-2026-00332
2026-11-11,Submitted,ACC-PINV-2026-00333
2026-09-26,Submitted,ACC-PINV-2026-00334
2026-10-16,Submitted,ACC-PINV-2026-00335
2026-08-06,Submitted,ACC-PINV-2026-00336
2026-09-28,Submitted,ACC-PINV-2026-00337
2026-09-10,Submitted,ACC-PINV-2026-00338
2026-09-05,Submitted,ACC-PINV-2026-00339
2026-09-09,Submitted,ACC-PINV-2026-00340
2026-08-24,Submitted,ACC-PINV-2026-00341
2026-08-27,Submitted,ACC-PINV-2026-00342
2026-10-06,Submitted,ACC-PINV-2026-00343
2026-08-15,Submitted,ACC-PINV-2026-00344
2026-08-26,Submitted,ACC-PINV-2026-00345
2026-07-31,Submitted,ACC-PINV-2026-00346
2026-08-22,Submitted,ACC-PINV-2026-00347
2026-10-05,Submitted,ACC-PINV-2026-00348
2026-09-09,Submitted,ACC-PINV-2026-00349
2026-11-07,Submitted,ACC-PINV-2026-00350
2026-10-14,Submitted,ACC-PINV-2026-00351
2026-11-03,Submitted,ACC-PINV-2026-00352
2026-10-05,Submitted,ACC-PINV-2026-00353
2026-09-24,Submitted,ACC-PINV-2026-00354
2026-08-24,Submitted,ACC-PINV-2026-00355
2026-08-14,Submitted,ACC-PINV-2026-00356
2026-10-03,Submitted,ACC-PINV-2026-00357
2026-09-23,Submitted,ACC-PINV-2026-00358
2026-08-15,Submitted,ACC-PINV-2026-00359
2026-11-01,Submitted,ACC-PINV-2026-00360
2026-11-21,Submitted,ACC-PINV-2026-00361
2026-09-18,Submitted,ACC-PINV-2026-00362
2026-08-25,Submitted,ACC-PINV-2026-00363
2026-10-14,Submitted,ACC-PINV-2026-00364
2026-09-13,Submitted,ACC-PINV-2026-00365
2026-09-07,Submitted,ACC-PINV-2026-00366
2026-09-09,Submitted,ACC-PINV-2026-00367
2026-10-05,Submitted,ACC-PINV-2026-00368
2026-11-08,Submitted,ACC-PINV-2026-00369
2026-11-13,Submitted,ACC-PINV-2026-00370
2026-10-11,Submitted,ACC-PINV-2026-00371
2026-08-13,Submitted,ACC-PINV-2026-00372
2026-10-17,Submitted,ACC-PINV-2026-00373
2026-10-31,Submitted,ACC-PINV-2026-00374
2026-10-17,Submitted,ACC-PINV-2026-00375
2026-09-05,Submitted,ACC-PINV-2026-00376
2026-08-12,Submitted,ACC-PINV-2026-00377
2026-08-11,Submitted,ACC-PINV-2026-00378
2026-09-19,Submitted,ACC-PINV-2026-00379
2026-08-27,Submitted,ACC-PINV-2026-00380
2026-08-20,Submitted,ACC-PINV-2026-00381
2026-09-12,Submitted,ACC-PINV-2026-00382
2026-10-16,Submitted,ACC-PINV-2026-00383
2026-11-05,Submitted,ACC-PINV-2026-00384
2026-08-24,Submitted,ACC-PINV-2026-00385
2026-09-22,Submitted,ACC-PINV-2026-00386
2026-08-05,Submitted,ACC-PINV-2026-00387
2026-08-23,Submitted,ACC-PINV-2026-00388
2026-10-13,Submitted,ACC-PINV-2026-00389
2026-11-01,Submitted,ACC-PINV-2026-00390
2026-10-02,Submitted,ACC-PINV-2026-00391
2026-10-17,Submitted,ACC-PINV-2026-00392
2026-09-03,Submitted,ACC-PINV-2026-00393
2026-10-07,Submitted,ACC-PINV-2026-00394
2026-08-14,Submitted,ACC-PINV-2026-00395
2026-10-09,Submitted,ACC-PINV-2026-00396
2026-10-26,Submitted,ACC-PINV-2026-00397
2026-09-21,Submitted,ACC-PINV-2026-00398
2026-08-28,Submitted,ACC-PINV-2026-00399
2026-09-27,Submitted,ACC-PINV-2026-00400
2026-09-27,Submitted,ACC-PINV-2026-00401
2026-09-17,Submitted,ACC-PINV-2026-00402
2026-10-14,Submitted,ACC-PINV-2026-00403
2026-10-05,Submitted,ACC-PINV-2026-00404
2026-09-23,Submitted,ACC-PINV-2026-00405
2026-09-02,Submitted,ACC-PINV-2026-00406
2026-09-09,Submitted,ACC-PINV-2026-00407
2026-11-07,Submitted,ACC-PINV-2026-00408
2026-09-30,Submitted,ACC-PINV-2026-00409
2026-11-10,Submitted,ACC-PINV-2026-00410
2026-08-28,Submitted,ACC-PINV-2026-00411
2026-10-31,Submitted,ACC-PINV-2026-00412
2026-11-22,Submitted,ACC-PINV-2026-00413
2026-08-25,Submitted,ACC-PINV-2026-00414
2026-11-12,Submitted,ACC-PINV-2026-00415
2026-09-12,Submitted,ACC-PINV-2026-00416
2026-10-01,Submitted,ACC-PINV-2026-00417
2026-09-18,Submitted,ACC-PINV-2026-00418
2026-10-17,Submitted,ACC-PINV-2026-00419
2026-08-24,Submitted,ACC-PINV-2026-00420
2026-11-23,Submitted,ACC-PINV-2026-00421
2026-10-21,Submitted,ACC-PINV-2026-00422
2026-07-29,Submitted,ACC-PINV-2026-00423
2026-09-20,Submitted,ACC-PINV-2026-00424
2026-10-18,Submitted,ACC-PINV-2026-00425
2026-10-11,Submitted,ACC-PINV-2026-00426
2026-09-07,Submitted,ACC-PINV-2026-00427
2026-09-25,Submitted,ACC-PINV-2026-00428
2026-11-03,Submitted,ACC-PINV-2026-00429
2026-09-01,Submitted,ACC-PINV-2026-00430
2026-10-19,Submitted,ACC-PINV-2026-00431
2026-10-25,Submitted,ACC-PINV-2026-00432
2026-09-14,Submitted,ACC-PINV-2026-00433
2026-09-05,Submitted,ACC-PINV-2026-00434
2026-08-18,Submitted,ACC-PINV-2026-00435
2026-11-08,Submitted,ACC-PINV-2026-00436
2026-11-19,Submitted,ACC-PINV-2026-00437
2026-10-06,Submitted,ACC-PINV-2026-00438
2026-10-27,Submitted,ACC-PINV-2026-00439
2026-10-10,Submitted,ACC-PINV-2026-00440
2026-10-10,Submitted,ACC-PINV-2026-00441
2026-10-29,Submitted,ACC-PINV-2026-00442
2026-09-12,Submitted,ACC-PINV-2026-00443
2026-09-05,Submitted,ACC-PINV-2026-00444
2026-09-20,Submitted,ACC-PINV-2026-00445
2026-08-22,Submitted,ACC-PINV-2026-00446
2026-11-18,Submitted,ACC-PINV-2026-00447
2026-09-11,Submitted,ACC-PINV-2026-00448
2026-11-07,Submitted,ACC-PINV-2026-00449
2026-08-20,Submitted,ACC-PINV-2026-00450
2026-08-24,Submitted,ACC-PINV-2026-00451
2026-08-18,Submitted,ACC-PINV-2026-00452
2026-10-15,Submitted,ACC-PINV-2026-00453
2026-08-13,Submitted,ACC-PINV-2026-00454
2026-08-02,Submitted,ACC-PINV-2026-00455
2026-10-17,Submitted,ACC-PINV-2026-00456
2026-10-04,Submitted,ACC-PINV-2026-00457
2026-10-30,Submitted,ACC-PINV-2026-00458
2026-10-29,Submitted,ACC-PINV-2026-00459
2026-10-06,Submitted,ACC-PINV-2026-00460
2026-11-07,Submitted,ACC-PINV-2026-00461
2026-09-21,Submitted,ACC-PINV-2026-00462
2026-10-02,Submitted,ACC-PINV-2026-00463
2026-09-02,Submitted,ACC-PINV-2026-00464
2026-11-18,Submitted,ACC-PINV-2026-00465
2026-10-06,Submitted,ACC-PINV-2026-00466
2026-09-10,Submitted,ACC-PINV-2026-00467
2026-08-30,Submitted,ACC-PINV-2026-00468
2026-10-05,Submitted,ACC-PINV-2026-00469
2026-09-07,Submitted,ACC-PINV-2026-00470
2026-09-20,Submitted,ACC-PINV-2026-00471
2026-08-08,Submitted,ACC-PINV-2026-00472
2026-10-06,Submitted,ACC-PINV-2026-00473
2026-09-09,Submitted,ACC-PINV-2026-00474
2026-09-06,Submitted,ACC-PINV-2026-00475
2026-10-08,Submitted,ACC-PINV-2026-00476
2026-11-07,Submitted,ACC-PINV-2026-00477
2026-08-23,Submitted,ACC-PINV-2026-00478
2026-08-24,Submitted,ACC-PINV-2026-00479
2026-09-18,Submitted,ACC-PINV-2026-00480
2026-10-18,Submitted,ACC-PINV-2026-00481
2026-10-29,Submitted,ACC-PINV-2026-00482
2026-10-28,Submitted,ACC-PINV-2026-00483
2026-09-12,Submitted,ACC-PINV-2026-00484
2026-09-12,Submitted,ACC-PINV-2026-00485
2026-10-20,Submitted,ACC-PINV-2026-00486
2026-09-17,Submitted,ACC-PINV-2026-00487
2026-08-26,Submitted,ACC-PINV-2026-00488
2026-11-11,Submitted,ACC-PINV-2026-00489
2026-08-29,Submitted,ACC-PINV-2026-00490
2026-09-07,Submitted,ACC-PINV-2026-00491
2026-09-23,Submitted,ACC-PINV-2026-00492
2026-10-15,Submitted,ACC-PINV-2026-00493
2026-09-27,Submitted,ACC-PINV-2026-00494
2026-08-10,Submitted,ACC-PINV-2026-00495
2026-11-05,Submitted,ACC-PINV-2026-00496
2026-09-27,Submitted,ACC-PINV-2026-00497
2026-10-05,Submitted,ACC-PINV-2026-00498
2026-10-18,Submitted,ACC-PINV-2026-00499
2026-09-15,Submitted,ACC-PINV-2026-00500
2026-11-16,Submitted,ACC-PINV-2026-00501
2026-10-18,Submitted,ACC-PINV-2026-00502
2026-09-22,Submitted,ACC-PINV-2026-00503
2026-09-16,Submitted,ACC-PINV-2026-00504
2026-11-04,Submitted,ACC-PINV-2026-00505
2026-11-24,Submitted,ACC-PINV-2026-00506
2026-09-11,Submitted,ACC-PINV-2026-00507
2026-09-07,Submitted,ACC-PINV-2026-00508
2026-09-10,Submitted,ACC-PINV-2026-00509
2026-10-25,Submitted,ACC-PINV-2026-00510
2026-10-19,Submitted,ACC-PINV-2026-00511
2026-08-27,Submitted,ACC-PINV-2026-00512
2026-09-29,Submitted,ACC-PINV-2026-00513
2026-08-19,Submitted,ACC-PINV-2026-00514
2026-09-27,Submitted,ACC-PINV-2026-00515
2026-09-29,Submitted,ACC-PINV-2026-00516
2026-09-21,Submitted,ACC-PINV-2026-00517
2026-08-20,Submitted,ACC-PINV-2026-00518
2026-11-06,Submitted,ACC-PINV-2026-00519
2026-09-15,Submitted,ACC-PINV-2026-00520
2026-07-29,Submitted,ACC-PINV-2026-00521
2026-10-15,Submitted,ACC-PINV-2026-00522
2026-10-15,Submitted,ACC-PINV-2026-00523
2026-10-15,Submitted,ACC-PINV-2026-00524
2026-08-03,Submitted,ACC-PINV-2026-00525
2026-11-26,Submitted,ACC-PINV-2026-00526
2026-10-31,Submitted,ACC-PINV-2026-00527
2026-08-27,Submitted,ACC-PINV-2026-00528
2026-08-22,Submitted,ACC-PINV-2026-00529
2026-08-30,Submitted,ACC-PINV-2026-00530
2026-09-18,Submitted,ACC-PINV-2026-00531
2026-10-27,Submitted,ACC-PINV-2026-00532
2026-09-10,Submitted,ACC-PINV-2026-00533
2026-08-31,Submitted,ACC-PINV-2026-00534
2026-11-05,Submitted,ACC-PINV-2026-00535
2026-09-07,Submitted,ACC-PINV-2026-00536
2026-10-16,Submitted,ACC-PINV-2026-00537
2026-11-03,Submitted,ACC-PINV-2026-00538
2026-10-13,Submitted,ACC-PINV-2026-00539
2026-08-21,Submitted,ACC-PINV-2026-00540
2026-08-16,Submitted,ACC-PINV-2026-00541
2026-10-19,Submitted,ACC-PINV-2026-00542
2026-09-19,Submitted,ACC-PINV-2026-00543
2026-09-26,Submitted,ACC-PINV-2026-00544
2026-08-07,Submitted,ACC-PINV-2026-00545
2026-09-26,Submitted,ACC-PINV-2026-00546
2026-10-10,Submitted,ACC-PINV-2026-00547
2026-10-06,Submitted,ACC-PINV-2026-00548
2026-09-09,Submitted,ACC-PINV-2026-00549
2026-10-13,Submitted,ACC-PINV-2026-00550
2026-08-30,Submitted,ACC-PINV-2026-00551
2026-10-07,Submitted,ACC-PINV-2026-00552
2026-10-15,Submitted,ACC-PINV-2026-00553
2026-11-22,Submitted,ACC-PINV-2026-00554
2026-10-28,Submitted,ACC-PINV-2026-00555
2026-09-03,Submitted,ACC-PINV-2026-00556
2026-10-22,Submitted,ACC-PINV-2026-00557
2026-09-04,Submitted,ACC-PINV-2026-00558
2026-10-23,Submitted,ACC-PINV-2026-00559
2026-08-30,Submitted,ACC-PINV-2026-00560
2026-08-30,Submitted,ACC-PINV-2026-00561
2026-10-28,Submitted,ACC-PINV-2026-00562
2026-10-23,Submitted,ACC-PINV-2026-00563
2026-09-04,Submitted,ACC-PINV-2026-00564
2026-10-14,Submitted,ACC-PINV-2026-00565
2026-11-01,Submitted,ACC-PINV-2026-00566
2026-10-16,Submitted,ACC-PINV-2026-00567
2026-08-17,Submitted,ACC-PINV-2026-00568
2026-08-23,Submitted,ACC-PINV-2026-00569
2026-10-03,Submitted,ACC-PINV-2026-00570
2026-08-23,Submitted,ACC-PINV-2026-00571
2026-08-06,Submitted,ACC-PINV-2026-00572
2026-08-27,Submitted,ACC-PINV-2026-00573
2026-08-23,Submitted,ACC-PINV-2026-00574
2026-10-31,Submitted,ACC-PINV-2026-00575
2026-09-08,Submitted,ACC-PINV-2026-00576
2026-08-18,Submitted,ACC-PINV-2026-00577
2026-09-14,Submitted,ACC-PINV-2026-00578
2026-09-03,Submitted,ACC-PINV-2026-00579
2026-11-09,Submitted,ACC-PINV-2026-00580
2026-10-11,Submitted,ACC-PINV-2026-00581
2026-10-21,Submitted,ACC-PINV-2026-00582
2026-09-23,Submitted,ACC-PINV-2026-00583
2026-10-03,Submitted,ACC-PINV-2026-00584
2026-08-15,Submitted,ACC-PINV-2026-00585
2026-08-26,Submitted,ACC-PINV-2026-00586
2026-08-15,Submitted,ACC-PINV-2026-00587
2026-10-20,Submitted,ACC-PINV-2026-00588
2026-09-10,Submitted,ACC-PINV-2026-00589
2026-09-10,Submitted,ACC-PINV-2026-00590
2026-09-05,Submitted,ACC-PINV-2026-00591
2026-09-20,Submitted,ACC-PINV-2026-00592
2026-09-20,Submitted,ACC-PINV-2026-00593
2026-11-25,Submitted,ACC-PINV-2026-00594
2026-10-18,Submitted,ACC-PINV-2026-00595
2026-10-25,Submitted,ACC-PINV-2026-00596
2026-09-04,Submitted,ACC-PINV-2026-00597
2026-09-08,Submitted,ACC-PINV-2026-00598
2026-10-13,Submitted,ACC-PINV-2026-00599
2026-08-03,Submitted,ACC-PINV-2026-00600
2026-10-25,Submitted,ACC-PINV-2026-00601
2026-09-07,Submitted,ACC-PINV-2026-00602
2026-10-31,Submitted,ACC-PINV-2026-00603
2026-09-04,Submitted,ACC-PINV-2026-00604
2026-10-26,Submitted,ACC-PINV-2026-00605
2026-10-17,Submitted,ACC-PINV-2026-00606
2026-11-15,Submitted,ACC-PINV-2026-00607
2026-08-28,Submitted,ACC-PINV-2026-00608
2026-08-24,Submitted,ACC-PINV-2026-00609
2026-10-21,Submitted,ACC-PINV-2026-00610
2026-10-25,Submitted,ACC-PINV-2026-00611
2026-09-24,Submitted,ACC-PINV-2026-00612
2026-09-29,Submitted,ACC-PINV-2026-00613
2026-09-08,Submitted,ACC-PINV-2026-00614
2026-10-26,Submitted,ACC-PINV-2026-00615
2026-10-30,Submitted,ACC-PINV-2026-00616
2026-09-01,Submitted,ACC-PINV-2026-00617
2026-08-14,Submitted,ACC-PINV-2026-00618
2026-09-07,Submitted,ACC-PINV-2026-00619
2026-09-30,Submitted,ACC-PINV-2026-00620
2026-08-24,Submitted,ACC-PINV-2026-00621
2026-10-01,Submitted,ACC-PINV-2026-00622
2026-07-28,Submitted,ACC-PINV-2026-00623
2026-09-30,Submitted,ACC-PINV-2026-00624
2026-11-08,Submitted,ACC-PINV-2026-00625
2026-08-15,Submitted,ACC-PINV-2026-00626
2026-09-30,Submitted,ACC-PINV-2026-00627
2026-09-12,Submitted,ACC-PINV-2026-00628
2026-08-19,Submitted,ACC-PINV-2026-00629
2026-10-22,Submitted,ACC-PINV-2026-00630
2026-11-14,Submitted,ACC-PINV-2026-00631
2026-09-03,Submitted,ACC-PINV-2026-00632
2026-10-06,Submitted,ACC-PINV-2026-00633
2026-08-02,Submitted,ACC-PINV-2026-00634
2026-10-14,Submitted,ACC-PINV-2026-00635
2026-08-25,Submitted,ACC-PINV-2026-00636
2026-07-29,Submitted,ACC-PINV-2026-00637
2026-08-10,Submitted,ACC-PINV-2026-00638
2026-09-18,Submitted,ACC-PINV-2026-00639
2026-08-24,Submitted,ACC-PINV-2026-00640
2026-08-19,Submitted,ACC-PINV-2026-00641
2026-08-18,Submitted,ACC-PINV-2026-00642
2026-09-18,Submitted,ACC-PINV-2026-00643
2026-10-01,Submitted,ACC-PINV-2026-00644
2026-10-24,Submitted,ACC-PINV-2026-00645
2026-09-13,Submitted,ACC-PINV-2026-00646
2026-09-06,Submitted,ACC-PINV-2026-00647
2026-09-15,Submitted,ACC-PINV-2026-00648
2026-11-11,Submitted,ACC-PINV-2026-00649
2026-10-30,Submitted,ACC-PINV-2026-00650
2026-09-16,Submitted,ACC-PINV-2026-00651
2026-09-16,Submitted,ACC-PINV-2026-00652
2026-09-28,Submitted,ACC-PINV-2026-00653
2026-10-25,Submitted,ACC-PINV-2026-00654
2026-08-09,Submitted,ACC-PINV-2026-00655
2026-09-10,Submitted,ACC-PINV-2026-00656
2026-11-29,Submitted,ACC-PINV-2026-00657
2026-10-21,Submitted,ACC-PINV-2026-00658
2026-10-14,Submitted,ACC-PINV-2026-00659
2026-11-11,Submitted,ACC-PINV-2026-00660
2026-08-29,Submitted,ACC-PINV-2026-00661
2026-11-15,Submitted,ACC-PINV-2026-00662
2026-09-14,Submitted,ACC-PINV-2026-00663
2026-07-30,Submitted,ACC-PINV-2026-00664
2026-10-21,Submitted,ACC-PINV-2026-00665
2026-10-04,Submitted,ACC-PINV-2026-00666
2026-09-22,Submitted,ACC-PINV-2026-00667
2026-08-08,Submitted,ACC-PINV-2026-00668
2026-09-12,Submitted,ACC-PINV-2026-00669
2026-10-25,Submitted,ACC-PINV-2026-00670
2026-09-02,Submitted,ACC-PINV-2026-00671
2026-10-17,Submitted,ACC-PINV-2026-00672
2026-10-19,Submitted,ACC-PINV-2026-00673
2026-09-17,Submitted,ACC-PINV-2026-00674
2026-09-27,Submitted,ACC-PINV-2026-00675
2026-09-19,Submitted,ACC-PINV-2026-00676
2026-08-31,Submitted,ACC-PINV-2026-00677
2026-10-24,Submitted,ACC-PINV-2026-00678
2026-08-06,Submitted,ACC-PINV-2026-00679
2026-10-09,Submitted,ACC-PINV-2026-00680
2026-10-07,Submitted,ACC-PINV-2026-00681
2026-09-20,Submitted,ACC-PINV-2026-00682
2026-11-21,Submitted,ACC-PINV-2026-00683
2026-08-21,Submitted,ACC-PINV-2026-00684
2026-10-24,Submitted,ACC-PINV-2026-00685
2026-09-25,Submitted,ACC-PINV-2026-00686
2026-09-02,Submitted,ACC-PINV-2026-00687
2026-10-13,Submitted,ACC-PINV-2026-00688
2026-10-06,Submitted,ACC-PINV-2026-00689
2026-09-19,Submitted,ACC-PINV-2026-00690
2026-09-23,Submitted,ACC-PINV-2026-00691
2026-09-25,Submitted,ACC-PINV-2026-00692
2026-08-14,Submitted,ACC-PINV-2026-00693
2026-09-21,Submitted,ACC-PINV-2026-00694
2026-07-24,Submitted,ACC-PINV-2026-00695
2026-10-02,Submitted,ACC-PINV-2026-00696
2026-10-23,Submitted,ACC-PINV-2026-00697
2026-08-29,Submitted,ACC-PINV-2026-00698
2026-11-06,Submitted,ACC-PINV-2026-00699
2026-08-12,Submitted,ACC-PINV-2026-00700
2026-09-16,Submitted,ACC-PINV-2026-00701
2026-10-27,Submitted,ACC-PINV-2026-00702
2026-10-30,Submitted,ACC-PINV-2026-00703
2026-09-21,Submitted,ACC-PINV-2026-00704
2026-08-22,Submitted,ACC-PINV-2026-00705
2026-10-27,Submitted,ACC-PINV-2026-00706
2026-08-14,Submitted,ACC-PINV-2026-00707
2026-10-16,Submitted,ACC-PINV-2026-00708
2026-10-07,Submitted,ACC-PINV-2026-00709
2026-08-21,Submitted,ACC-PINV-2026-00710
2026-10-09,Submitted,ACC-PINV-2026-00711
2026-10-08,Submitted,ACC-PINV-2026-00712
2026-09-18,Submitted,ACC-PINV-2026-00713
2026-09-15,Submitted,ACC-PINV-2026-00714
2026-08-09,Submitted,ACC-PINV-2026-00715
2026-10-04,Submitted,ACC-PINV-2026-00716
2026-10-07,Submitted,ACC-PINV-2026-00717
2026-09-05,Submitted,ACC-PINV-2026-00718
2026-09-12,Submitted,ACC-PINV-2026-00719
2026-08-19,Submitted,ACC-PINV-2026-00720
2026-09-20,Submitted,ACC-PINV-2026-00721
2026-11-01,Submitted,ACC-PINV-2026-00722
2026-09-20,Submitted,ACC-PINV-2026-00723
2026-11-04,Submitted,ACC-PINV-2026-00724
2026-11-02,Submitted,ACC-PINV-2026-00725
2026-09-12,Submitted,ACC-PINV-2026-00726
2026-09-23,Submitted,ACC-PINV-2026-00727
2026-09-11,Submitted,ACC-PINV-2026-00728
2026-08-05,Submitted,ACC-PINV-2026-00729
2026-09-20,Submitted,ACC-PINV-2026-00730
2026-10-18,Submitted,ACC-PINV-2026-00731
2026-10-22,Submitted,ACC-PINV-2026-00732
2026-10-03,Submitted,ACC-PINV-2026-00733
2026-11-10,Submitted,ACC-PINV-2026-00734
2026-10-08,Submitted,ACC-PINV-2026-00735
2026-09-14,Submitted,ACC-PINV-2026-00736
2026-10-15,Submitted,ACC-PINV-2026-00737
2026-08-18,Submitted,ACC-PINV-2026-00738
2026-07-31,Submitted,ACC-PINV-2026-00739
2026-08-21,Submitted,ACC-PINV-2026-00740
2026-09-03,Submitted,ACC-PINV-2026-00741
2026-09-01,Submitted,ACC-PINV-2026-00742
2026-11-25,Submitted,ACC-PINV-2026-00743
2026-09-02,Submitted,ACC-PINV-2026-00744
2026-09-23,Submitted,ACC-PINV-2026-00745
2026-10-23,Submitted,ACC-PINV-2026-00746
2026-08-08,Submitted,ACC-PINV-2026-00747
2026-10-21,Submitted,ACC-PINV-2026-00748
2026-09-28,Submitted,ACC-PINV-2026-00749
2026-07-30,Submitted,ACC-PINV-2026-00750
2026-09-06,Submitted,ACC-PINV-2026-00751
2026-10-19,Submitted,ACC-PINV-2026-00752
2026-11-25,Submitted,ACC-PINV-2026-00753
2026-09-07,Submitted,ACC-PINV-2026-00754
2026-09-01,Submitted,ACC-PINV-2026-00755
2026-10-27,Submitted,ACC-PINV-2026-00756
2026-11-25,Submitted,ACC-PINV-2026-00757
2026-10-28,Submitted,ACC-PINV-2026-00758
2026-11-01,Submitted,ACC-PINV-2026-00759
2026-08-09,Submitted,ACC-PINV-2026-00760
2026-09-11,Submitted,ACC-PINV-2026-00761
2026-10-18,Submitted,ACC-PINV-2026-00762
2026-10-14,Submitted,ACC-PINV-2026-00763
2026-08-17,Submitted,ACC-PINV-2026-00764
2026-09-12,Submitted,ACC-PINV-2026-00765
2026-09-19,Submitted,ACC-PINV-2026-00766
2026-10-25,Submitted,ACC-PINV-2026-00767
2026-08-24,Submitted,ACC-PINV-2026-00768
2026-11-10,Submitted,ACC-PINV-2026-00769
2026-10-14,Submitted,ACC-PINV-2026-00770
2026-08-24,Submitted,ACC-PINV-2026-00771
2026-09-11,Submitted,ACC-PINV-2026-00772
2026-07-31,Submitted,ACC-PINV-2026-00773
2026-10-17,Submitted,ACC-PINV-2026-00774
2026-09-07,Submitted,ACC-PINV-2026-00775
2026-09-27,Submitted,ACC-PINV-2026-00776
2026-10-05,Submitted,ACC-PINV-2026-00777
2026-10-27,Submitted,ACC-PINV-2026-00778
2026-08-18,Submitted,ACC-PINV-2026-00779
2026-09-23,Submitted,ACC-PINV-2026-00780
2026-08-03,Submitted,ACC-PINV-2026-00781
2026-10-11,Submitted,ACC-PINV-2026-00782
2026-10-29,Submitted,ACC-PINV-2026-00783
2026-08-31,Submitted,ACC-PINV-2026-00784
2026-09-01,Submitted,ACC-PINV-2026-00785
2026-10-06,Submitted,ACC-PINV-2026-00786
2026-10-13,Submitted,ACC-PINV-2026-00787
2026-08-08,Submitted,ACC-PINV-2026-00788
2026-10-04,Submitted,ACC-PINV-2026-00789
2026-09-15,Submitted,ACC-PINV-2026-00790
2026-10-26,Submitted,ACC-PINV-2026-00791
2026-08-24,Submitted,ACC-PINV-2026-00792
2026-09-18,Submitted,ACC-PINV-2026-00793
2026-11-11,Submitted,ACC-PINV-2026-00794
2026-09-06,Submitted,ACC-PINV-2026-00795
2026-10-06,Submitted,ACC-PINV-2026-00796
2026-10-07,Submitted,ACC-PINV-2026-00797
2026-09-02,Submitted,ACC-PINV-2026-00798
2026-11-16,Submitted,ACC-PINV-2026-00799
2026-09-21,Submitted,ACC-PINV-2026-00800
2026-09-22,Submitted,ACC-PINV-2026-00801
2026-09-25,Submitted,ACC-PINV-2026-00802
2026-10-22,Submitted,ACC-PINV-2026-00803
2026-10-11,Submitted,ACC-PINV-2026-00804
2026-10-09,Submitted,ACC-PINV-2026-00805
2026-10-17,Submitted,ACC-PINV-2026-00806
2026-10-26,Submitted,ACC-PINV-2026-00807
2026-09-04,Submitted,ACC-PINV-2026-00808
2026-08-27,Submitted,ACC-PINV-2026-00809
2026-11-12,Submitted,ACC-PINV-2026-00810
2026-09-24,Submitted,ACC-PINV-2026-00811
2026-09-05,Submitted,ACC-PINV-2026-00812
2026-08-03,Submitted,ACC-PINV-2026-00813
2026-09-03,Submitted,ACC-PINV-2026-00814
2026-10-03,Submitted,ACC-PINV-2026-00815
2026-09-23,Submitted,ACC-PINV-2026-00816
2026-09-10,Submitted,ACC-PINV-2026-00817
2026-10-06,Submitted,ACC-PINV-2026-00818
2026-09-16,Submitted,ACC-PINV-2026-00819
2026-09-05,Submitted,ACC-PINV-2026-00820
2026-10-17,Submitted,ACC-PINV-2026-00821
2026-10-03,Submitted,ACC-PINV-2026-00822
2026-10-04,Submitted,ACC-PINV-2026-00823
2026-08-20,Submitted,ACC-PINV-2026-00824
2026-09-27,Submitted,ACC-PINV-2026-00825
2026-09-17,Submitted,ACC-PINV-2026-00826
2026-09-03,Submitted,ACC-PINV-2026-00827
2026-10-28,Submitted,ACC-PINV-2026-00828
2026-11-04,Submitted,ACC-PINV-2026-00829
2026-11-19,Submitted,ACC-PINV-2026-00830
2026-08-29,Submitted,ACC-PINV-2026-00831
2026-09-02,Submitted,ACC-PINV-2026-00832
2026-11-13,Submitted,ACC-PINV-2026-00833
2026-10-16,Submitted,ACC-PINV-2026-00834
2026-09-11,Submitted,ACC-PINV-2026-00835
2026-08-23,Submitted,ACC-PINV-2026-00836
2026-09-26,Submitted,ACC-PINV-2026-00837
2026-10-27,Submitted,ACC-PINV-2026-00838
2026-11-24,Submitted,ACC-PINV-2026-00839
2026-08-31,Submitted,ACC-PINV-2026-00840
2026-09-08,Submitted,ACC-PINV-2026-00841
2026-11-15,Submitted,ACC-PINV-2026-00842
2026-10-30,Submitted,ACC-PINV-2026-00843
2026-10-08,Submitted,ACC-PINV-2026-00844
2026-08-25,Submitted,ACC-PINV-2026-00845
2026-08-19,Submitted,ACC-PINV-2026-00846
2026-08-14,Submitted,ACC-PINV-2026-00847
2026-08-11,Submitted,ACC-PINV-2026-00848
2026-09-10,Submitted,ACC-PINV-2026-00849
2026-10-18,Submitted,ACC-PINV-2026-00850
2026-09-19,Submitted,ACC-PINV-2026-00851
2026-10-09,Submitted,ACC-PINV-2026-00852
2026-09-22,Submitted,ACC-PINV-2026-00853
2026-09-13,Submitted,ACC-PINV-2026-00854
2026-10-02,Submitted,ACC-PINV-2026-00855
2026-10-17,Submitted,ACC-PINV-2026-00856
2026-11-04,Submitted,ACC-PINV-2026-00857
2026-10-29,Submitted,ACC-PINV-2026-00858
2026-09-19,Submitted,ACC-PINV-2026-00859
2026-08-24,Submitted,ACC-PINV-2026-00860
2026-09-17,Submitted,ACC-PINV-2026-00861
2026-11-04,Submitted,ACC-PINV-2026-00862
2026-09-13,Submitted,ACC-PINV-2026-00863
2026-11-12,Submitted,ACC-PINV-2026-00864
2026-08-28,Submitted,ACC-PINV-2026-00865
2026-08-16,Submitted,ACC-PINV-2026-00866
2026-10-24,Submitted,ACC-PINV-2026-00867
2026-09-23,Submitted,ACC-PINV-2026-00868
2026-10-10,Submitted,ACC-PINV-2026-00869
2026-08-21,Submitted,ACC-PINV-2026-00870
2026-10-10,Submitted,ACC-PINV-2026-00871
2026-09-25,Submitted,ACC-PINV-2026-00872
2026-09-15,Submitted,ACC-PINV-2026-00873
2026-11-02,Submitted,ACC-PINV-2026-00874
2026-10-03,Submitted,ACC-PINV-2026-00875
2026-10-21,Submitted,ACC-PINV-2026-00876
2026-11-03,Submitted,ACC-PINV-2026-00877
2026-09-19,Submitted,ACC-PINV-2026-00878
2026-11-02,Submitted,ACC-PINV-2026-00879
2026-10-08,Submitted,ACC-PINV-2026-00880
2026-10-23,Submitted,ACC-PINV-2026-00881
2026-11-06,Submitted,ACC-PINV-2026-00882
2026-09-19,Submitted,ACC-PINV-2026-00883
2026-11-04,Submitted,ACC-PINV-2026-00884
2026-10-11,Submitted,ACC-PINV-2026-00885
2026-10-20,Submitted,ACC-PINV-2026-00886
2026-09-23,Submitted,ACC-PINV-2026-00887
2026-09-08,Submitted,ACC-PINV-2026-00888
2026-11-05,Submitted,ACC-PINV-2026-00889
2026-10-07,Submitted,ACC-PINV-2026-00890
2026-11-13,Submitted,ACC-PINV-2026-00891
2026-09-19,Submitted,ACC-PINV-2026-00892
2026-09-03,Submitted,ACC-PINV-2026-00893
2026-08-29,Submitted,ACC-PINV-2026-00894
2026-10-20,Submitted,ACC-PINV-2026-00895
2026-09-16,Submitted,ACC-PINV-2026-00896
2026-10-08,Submitted,ACC-PINV-2026-00897
2026-08-19,Submitted,ACC-PINV-2026-00898
2026-11-15,Submitted,ACC-PINV-2026-00899
2026-08-30,Submitted,ACC-PINV-2026-00900
2026-09-19,Submitted,ACC-PINV-2026-00901
2026-08-24,Submitted,ACC-PINV-2026-00902
2026-08-05,Submitted,ACC-PINV-2026-00903
2026-08-11,Submitted,ACC-PINV-2026-00904
2026-11-04,Submitted,ACC-PINV-2026-00905
2026-09-15,Submitted,ACC-PINV-2026-00906
2026-09-02,Submitted,ACC-PINV-2026-00907
2026-10-11,Submitted,ACC-PINV-2026-00908
2026-08-18,Submitted,ACC-PINV-2026-00909
2026-10-13,Submitted,ACC-PINV-2026-00910
2026-08-21,Submitted,ACC-PINV-2026-00911
2026-11-01,Submitted,ACC-PINV-2026-00912
2026-09-23,Submitted,ACC-PINV-2026-00913
2026-11-04,Submitted,ACC-PINV-2026-00914
2026-09-21,Submitted,ACC-PINV-2026-00915
2026-11-15,Submitted,ACC-PINV-2026-00916
2026-08-04,Submitted,ACC-PINV-2026-00917
2026-09-21,Submitted,ACC-PINV-2026-00918
2026-09-04,Submitted,ACC-PINV-2026-00919
2026-11-04,Submitted,ACC-PINV-2026-00920
2026-09-12,Submitted,ACC-PINV-2026-00921
2026-10-11,Submitted,ACC-PINV-2026-00922
2026-08-21,Submitted,ACC-PINV-2026-00923
2026-09-01,Submitted,ACC-PINV-2026-00924
2026-08-28,Submitted,ACC-PINV-2026-00925
2026-10-31,Submitted,ACC-PINV-2026-00926
2026-09-11,Submitted,ACC-PINV-2026-00927
2026-08-12,Submitted,ACC-PINV-2026-00928
2026-10-28,Submitted,ACC-PINV-2026-00929
2026-10-22,Submitted,ACC-PINV-2026-00930
2026-09-14,Submitted,ACC-PINV-2026-00931
2026-08-27,Submitted,ACC-PINV-2026-00932
2026-08-26,Submitted,ACC-PINV-2026-00933
2026-09-29,Submitted,ACC-PINV-2026-00934
2026-10-24,Submitted,ACC-PINV-2026-00935
2026-08-30,Submitted,ACC-PINV-2026-00936
2026-10-22,Submitted,ACC-PINV-2026-00937
2026-10-20,Submitted,ACC-PINV-2026-00938
2026-10-21,Submitted,ACC-PINV-2026-00939
2026-08-08,Submitted,ACC-PINV-2026-00940
2026-08-21,Submitted,ACC-PINV-2026-00941
2026-08-30,Submitted,ACC-PINV-2026-00942
2026-10-05,Submitted,ACC-PINV-2026-00943
2026-09-21,Submitted,ACC-PINV-2026-00944
2026-09-10,Submitted,ACC-PINV-2026-00945
2026-10-13,Submitted,ACC-PINV-2026-00946
2026-09-03,Submitted,ACC-PINV-2026-00947
2026-08-26,Submitted,ACC-PINV-2026-00948
2026-08-10,Submitted,ACC-PINV-2026-00949
2026-09-27,Submitted,ACC-PINV-2026-00950
2026-09-07,Submitted,ACC-PINV-2026-00951
2026-10-18,Submitted,ACC-PINV-2026-00952
2026-10-02,Submitted,ACC-PINV-2026-00953
2026-08-12,Submitted,ACC-PINV-2026-00954
2026-09-29,Submitted,ACC-PINV-2026-00955
2026-11-05,Submitted,ACC-PINV-2026-00956
2026-08-17,Submitted,ACC-PINV-2026-00957
2026-08-15,Submitted,ACC-PINV-2026-00958
2026-08-26,Submitted,ACC-PINV-2026-00959
2026-08-20,Submitted,ACC-PINV-2026-00960
2026-09-01,Submitted,ACC-PINV-2026-00961
2026-11-05,Submitted,ACC-PINV-2026-00962
2026-10-17,Submitted,ACC-PINV-2026-00963
2026-11-07,Submitted,ACC-PINV-2026-00964
2026-09-04,Submitted,ACC-PINV-2026-00965
2026-09-11,Submitted,ACC-PINV-2026-00966
2026-10-07,Submitted,ACC-PINV-2026-00967
2026-10-30,Submitted,ACC-PINV-2026-00968
2026-10-08,Submitted,ACC-PINV-2026-00969
2026-09-02,Submitted,ACC-PINV-2026-00970
2026-10-17,Submitted,ACC-PINV-2026-00971
2026-11-15,Submitted,ACC-PINV-2026-00972
2026-08-17,Submitted,ACC-PINV-2026-00973
2026-08-19,Submitted,ACC-PINV-2026-00974
2026-11-03,Submitted,ACC-PINV-2026-00975
2026-09-19,Submitted,ACC-PINV-2026-00976
2026-09-30,Submitted,ACC-PINV-2026-00977
2026-10-01,Submitted,ACC-PINV-2026-00978
2026-09-23,Submitted,ACC-PINV-2026-00979
2026-09-14,Submitted,ACC-PINV-2026-00980
2026-10-08,Submitted,ACC-PINV-2026-00981
2026-08-28,Submitted,ACC-PINV-2026-00982
2026-10-23,Submitted,ACC-PINV-2026-00983
2026-08-29,Submitted,ACC-PINV-2026-00984
2026-10-20,Submitted,ACC-PINV-2026-00985
2026-09-16,Submitted,ACC-PINV-2026-00986
2026-11-19,Submitted,ACC-PINV-2026-00987
2026-10-07,Submitted,ACC-PINV-2026-00988
2026-09-08,Submitted,ACC-PINV-2026-00989
2026-08-09,Submitted,ACC-PINV-2026-00990
2026-08-18,Submitted,ACC-PINV-2026-00991
2026-08-12,Submitted,ACC-PINV-2026-00992
2026-11-03,Submitted,ACC-PINV-2026-00993
2026-10-26,Submitted,ACC-PINV-2026-00994
2026-10-14,Submitted,ACC-PINV-2026-00995
2026-09-24,Submitted,ACC-PINV-2026-00996
2026-08-19,Submitted,ACC-PINV-2026-00997
2026-10-13,Submitted,ACC-PINV-2026-00998
2026-11-09,Submitted,ACC-PINV-2026-00999
2026-10-12,Submitted,ACC-PINV-2026-01000
2026-10-27,Submitted,ACC-PINV-2026-01001
2026-08-16,Submitted,ACC-PINV-2026-01002
2026-09-17,Submitted,ACC-PINV-2026-01003
2026-10-18,Submitted,ACC-PINV-2026-01004
2026-11-03,Submitted,ACC-PINV-2026-01005
2026-10-04,Submitted,ACC-PINV-2026-01006
2026-10-05,Submitted,ACC-PINV-2026-01007
2026-09-10,Submitted,ACC-PINV-2026-01008
2026-09-22,Submitted,ACC-PINV-2026-01009
2026-10-14,Submitted,ACC-PINV-2026-01010
2026-09-20,Submitted,ACC-PINV-2026-01011
2026-10-23,Submitted,ACC-PINV-2026-01012
2026-09-02,Submitted,ACC-PINV-2026-01013
2026-08-10,Submitted,ACC-PINV-2026-01014
2026-09-22,Submitted,ACC-PINV-2026-01015
2026-09-02,Submitted,ACC-PINV-2026-01016
2026-09-18,Submitted,ACC-PINV-2026-01017
2026-09-23,Submitted,ACC-PINV-2026-01018
2026-09-09,Submitted,ACC-PINV-2026-01019
2026-08-24,Submitted,ACC-PINV-2026-01020
2026-09-22,Submitted,ACC-PINV-2026-01021
2026-09-21,Submitted,ACC-PINV-2026-01022
2026-08-26,Submitted,ACC-PINV-2026-01023
2026-08-20,Submitted,ACC-PINV-2026-01024
2026-09-04,Submitted,ACC-PINV-2026-01025
2026-10-16,Submitted,ACC-PINV-2026-01026
2026-09-14,Submitted,ACC-PINV-2026-01027
2026-11-20,Submitted,ACC-PINV-2026-01028
2026-10-16,Submitted,ACC-PINV-2026-01029
2026-08-17,Submitted,ACC-PINV-2026-01030
2026-10-18,Submitted,ACC-PINV-2026-01031
2026-08-16,Submitted,ACC-PINV-2026-01032
2026-11-03,Submitted,ACC-PINV-2026-01033
2026-10-02,Submitted,ACC-PINV-2026-01034
2026-10-19,Submitted,ACC-PINV-2026-01035
2026-10-08,Submitted,ACC-PINV-2026-01036
2026-09-03,Submitted,ACC-PINV-2026-01037
2026-08-18,Submitted,ACC-PINV-2026-01038
2026-08-10,Submitted,ACC-PINV-2026-01039
2026-09-27,Submitted,ACC-PINV-2026-01040
2026-09-01,Submitted,ACC-PINV-2026-01041
2026-08-04,Submitted,ACC-PINV-2026-01042
2026-10-17,Submitted,ACC-PINV-2026-01043
2026-10-03,Submitted,ACC-PINV-2026-01044
2026-09-20,Submitted,ACC-PINV-2026-01045
2026-09-01,Submitted,ACC-PINV-2026-01046
2026-10-28,Submitted,ACC-PINV-2026-01047
2026-10-19,Submitted,ACC-PINV-2026-01048
2026-08-23,Submitted,ACC-PINV-2026-01049
2026-09-21,Submitted,ACC-PINV-2026-01050
2026-08-07,Submitted,ACC-PINV-2026-01051
2026-09-19,Submitted,ACC-PINV-2026-01052
2026-10-03,Submitted,ACC-PINV-2026-01053
2026-08-31,Submitted,ACC-PINV-2026-01054
2026-11-05,Submitted,ACC-PINV-2026-01055
2026-09-26,Submitted,ACC-PINV-2026-01056
2026-10-16,Submitted,ACC-PINV-2026-01057
2026-10-04,Submitted,ACC-PINV-2026-01058
2026-10-05,Submitted,ACC-PINV-2026-01059
2026-11-06,Submitted,ACC-PINV-2026-01060
2026-09-28,Submitted,ACC-PINV-2026-01061
2026-09-30,Submitted,ACC-PINV-2026-01062
2026-10-25,Submitted,ACC-PINV-2026-01063
2026-09-16,Submitted,ACC-PINV-2026-01064
2026-09-22,Submitted,ACC-PINV-2026-01065
2026-09-28,Submitted,ACC-PINV-2026-01066
2026-08-19,Submitted,ACC-PINV-2026-01067
2026-11-03,Submitted,ACC-PINV-2026-01068
2026-08-29,Submitted,ACC-PINV-2026-01069
2026-10-15,Submitted,ACC-PINV-2026-01070
2026-10-02,Submitted,ACC-PINV-2026-01071
2026-10-24,Submitted,ACC-PINV-2026-01072
2026-10-14,Submitted,ACC-PINV-2026-01073
2026-10-13,Submitted,ACC-PINV-2026-01074
2026-08-27,Submitted,ACC-PINV-2026-01075
2026-11-12,Submitted,ACC-PINV-2026-01076
2026-08-21,Submitted,ACC-PINV-2026-01077
2026-09-12,Submitted,ACC-PINV-2026-01078
2026-10-14,Submitted,ACC-PINV-2026-01079
2026-08-05,Submitted,ACC-PINV-2026-01080
2026-09-25,Submitted,ACC-PINV-2026-01081
2026-09-06,Submitted,ACC-PINV-2026-01082
2026-10-13,Submitted,ACC-PINV-2026-01083
2026-09-16,Submitted,ACC-PINV-2026-01084
2026-09-17,Submitted,ACC-PINV-2026-01085
2026-10-15,Submitted,ACC-PINV-2026-01086
2026-09-16,Submitted,ACC-PINV-2026-01087
2026-09-18,Submitted,ACC-PINV-2026-01088
2026-10-22,Submitted,ACC-PINV-2026-01089
2026-09-18,Submitted,ACC-PINV-2026-01090
2026-09-29,Submitted,ACC-PINV-2026-01091
2026-08-30,Submitted,ACC-PINV-2026-01092
2026-10-14,Submitted,ACC-PINV-2026-01093
2026-10-12,Submitted,ACC-PINV-2026-01094
2026-08-19,Submitted,ACC-PINV-2026-01095
2026-10-08,Submitted,ACC-PINV-2026-01096
2026-10-04,Submitted,ACC-PINV-2026-01097
2026-11-17,Submitted,ACC-PINV-2026-01098
2026-11-20,Submitted,ACC-PINV-2026-01099
2026-09-22,Submitted,ACC-PINV-2026-01100
2026-08-25,Submitted,ACC-PINV-2026-01101
2026-09-20,Submitted,ACC-PINV-2026-01102
2026-09-25,Submitted,ACC-PINV-2026-01103
2026-10-14,Submitted,ACC-PINV-2026-01104
2026-11-04,Submitted,ACC-PINV-2026-01105
2026-11-07,Submitted,ACC-PINV-2026-01106
2026-10-05,Submitted,ACC-PINV-2026-01107
2026-09-12,Submitted,ACC-PINV-2026-01108
2026-10-22,Submitted,ACC-PINV-2026-01109
2026-08-05,Submitted,ACC-PINV-2026-01110
2026-08-19,Submitted,ACC-PINV-2026-01111
2026-09-17,Submitted,ACC-PINV-2026-01112
2026-11-03,Submitted,ACC-PINV-2026-01113
2026-10-12,Submitted,ACC-PINV-2026-01114
2026-09-21,Submitted,ACC-PINV-2026-01115
2026-08-28,Submitted,ACC-PINV-2026-01116
2026-08-08,Submitted,ACC-PINV-2026-01117
2026-08-09,Submitted,ACC-PINV-2026-01118
2026-09-27,Submitted,ACC-PINV-2026-01119
2026-10-26,Submitted,ACC-PINV-2026-01120
2026-09-11,Submitted,ACC-PINV-2026-01121
2026-08-13,Submitted,ACC-PINV-2026-01122
2026-08-23,Submitted,ACC-PINV-2026-01123
2026-08-12,Submitted,ACC-PINV-2026-01124
2026-10-08,Submitted,ACC-PINV-2026-01125
2026-11-16,Submitted,ACC-PINV-2026-01126
2026-10-18,Submitted,ACC-PINV-2026-01127
