PURCHASEORDERNUMBER,ORDERVENDORACCOUNTNUMBER,ACCOUNTINGDATE,PURCHASEORDERSTATUS,DOCUMENTAPPROVALSTATUS,ORDERERPERSONNELNUMBER
PO26-000001,SA-000042,2026-07-02T00:00:00,Invoiced,Confirmed,000012
PO26-000002,SA-000046,2026-07-06T00:00:00,Invoiced,Confirmed,000018
PO26-000003,SA-000013,2026-08-05T00:00:00,Invoiced,Confirmed,000035
PO26-000004,SA-000023,2026-09-02T00:00:00,Invoiced,Confirmed,000005
PO26-000005,SA-000011,2026-07-02T00:00:00,Invoiced,Confirmed,000007
PO26-000006,SA-000046,2026-08-17T00:00:00,Invoiced,Confirmed,000031
PO26-000007,SA-000033,2026-09-14T00:00:00,Invoiced,Confirmed,000017
PO26-000008,SA-000023,2026-07-02T00:00:00,Invoiced,Confirmed,000035
PO26-000009,SA-000043,2026-09-28T00:00:00,Invoiced,Confirmed,000031
PO26-000010,SA-000033,2026-08-03T00:00:00,Invoiced,Confirmed,000037
PO26-000011,SA-000034,2026-07-26T00:00:00,Invoiced,Confirmed,000005
PO26-000012,SA-000009,2026-08-13T00:00:00,Invoiced,Confirmed,000002
PO26-000013,SA-000046,2026-09-14T00:00:00,Invoiced,Confirmed,000003
PO26-000014,SA-000014,2026-08-27T00:00:00,Invoiced,Confirmed,000003
PO26-000015,SA-000008,2026-09-20T00:00:00,Invoiced,Confirmed,000027
PO26-000016,SA-000046,2026-08-09T00:00:00,Invoiced,Confirmed,000025
PO26-000017,SA-000018,2026-09-09T00:00:00,Invoiced,Confirmed,000026
PO26-000018,SA-000046,2026-08-23T00:00:00,Invoiced,Confirmed,000011
PO26-000019,SA-000020,2026-07-27T00:00:00,Invoiced,Confirmed,000027
PO26-000020,SA-000019,2026-09-07T00:00:00,Invoiced,Confirmed,000017
PO26-000021,SA-000045,2026-09-20T00:00:00,Invoiced,Confirmed,000005
PO26-000022,SA-000044,2026-08-13T00:00:00,Invoiced,Confirmed,000028
PO26-000023,SA-000005,2026-09-08T00:00:00,Invoiced,Confirmed,000037
PO26-000024,SA-000023,2026-07-29T00:00:00,Invoiced,Confirmed,000002
PO26-000025,SA-000021,2026-07-23T00:00:00,Invoiced,Confirmed,000033
PO26-000026,SA-000015,2026-09-30T00:00:00,Invoiced,Confirmed,000014
PO26-000027,SA-000033,2026-08-13T00:00:00,Invoiced,Confirmed,000038
PO26-000028,SA-000009,2026-07-30T00:00:00,Invoiced,Confirmed,000014
PO26-000029,SA-000018,2026-08-10T00:00:00,Invoiced,Confirmed,000038
PO26-000030,SA-000006,2026-09-30T00:00:00,Invoiced,Confirmed,000018
PO26-000031,SA-000042,2026-07-01T00:00:00,Invoiced,Confirmed,000014
PO26-000032,SA-000046,2026-09-09T00:00:00,Invoiced,Confirmed,000009
PO26-000033,SA-000038,2026-08-13T00:00:00,Invoiced,Confirmed,000026
PO26-000034,SA-000033,2026-07-21T00:00:00,Invoiced,Confirmed,000025
PO26-000035,SA-000021,2026-08-23T00:00:00,Invoiced,Confirmed,000031
PO26-000036,SA-000045,2026-07-12T00:00:00,Invoiced,Confirmed,000011
PO26-000037,SA-000010,2026-08-31T00:00:00,Invoiced,Confirmed,000017
PO26-000038,SA-000036,2026-09-08T00:00:00,Invoiced,Confirmed,000037
PO26-000039,SA-000046,2026-07-05T00:00:00,Invoiced,Confirmed,000030
PO26-000040,SA-000025,2026-08-31T00:00:00,Invoiced,Confirmed,000017
PO26-000041,SA-000016,2026-07-16T00:00:00,Invoiced,Confirmed,000025
PO26-000042,SA-000009,2026-08-23T00:00:00,Invoiced,Confirmed,000033
PO26-000043,SA-000022,2026-08-12T00:00:00,Invoiced,Confirmed,000012
PO26-000044,SA-000030,2026-08-24T00:00:00,Invoiced,Confirmed,000032
PO26-000045,SA-000036,2026-07-28T00:00:00,Invoiced,Confirmed,000004
PO26-000046,SA-000043,2026-07-15T00:00:00,Invoiced,Confirmed,000016
PO26-000047,SA-000030,2026-09-27T00:00:00,Invoiced,Confirmed,000032
PO26-000048,SA-000023,2026-09-02T00:00:00,Invoiced,Confirmed,000032
PO26-000049,SA-000029,2026-08-23T00:00:00,Invoiced,Confirmed,000002
PO26-000050,SA-000012,2026-08-27T00:00:00,Invoiced,Confirmed,000032
PO26-000051,SA-000038,2026-08-24T00:00:00,Invoiced,Confirmed,000011
PO26-000052,SA-000040,2026-08-30T00:00:00,Invoiced,Confirmed,000029
PO26-000053,SA-000023,2026-08-02T00:00:00,Invoiced,Confirmed,000025
PO26-000054,SA-000036,2026-07-05T00:00:00,Invoiced,Confirmed,000012
PO26-000055,SA-000023,2026-08-31T00:00:00,Invoiced,Confirmed,000018
PO26-000056,SA-000008,2026-08-30T00:00:00,Invoiced,Confirmed,000002
PO26-000057,SA-000003,2026-09-01T00:00:00,Invoiced,Confirmed,000033
PO26-000058,SA-000045,2026-09-23T00:00:00,Invoiced,Confirmed,000025
PO26-000059,SA-000020,2026-09-09T00:00:00,Invoiced,Confirmed,000032
PO26-000060,SA-000042,2026-07-30T00:00:00,Invoiced,Confirmed,000037
PO26-000061,SA-000018,2026-08-26T00:00:00,Invoiced,Confirmed,000005
PO26-000062,SA-000046,2026-07-13T00:00:00,Invoiced,Confirmed,000037
PO26-000063,SA-000008,2026-08-06T00:00:00,Invoiced,Confirmed,000026
PO26-000064,SA-000003,2026-08-17T00:00:00,Invoiced,Confirmed,000025
PO26-000065,SA-000045,2026-07-26T00:00:00,Invoiced,Confirmed,000005
PO26-000066,SA-000032,2026-09-02T00:00:00,Invoiced,Confirmed,000037
PO26-000067,SA-000046,2026-07-26T00:00:00,Invoiced,Confirmed,000003
PO26-000068,SA-000046,2026-08-20T00:00:00,Invoiced,Confirmed,000038
PO26-000069,SA-000041,2026-08-24T00:00:00,Invoiced,Confirmed,000004
PO26-000070,SA-000041,2026-08-12T00:00:00,Invoiced,Confirmed,000001
PO26-000071,SA-000027,2026-09-28T00:00:00,Invoiced,Confirmed,000005
PO26-000072,SA-000046,2026-07-23T00:00:00,Invoiced,Confirmed,000002
PO26-000073,SA-000016,2026-07-27T00:00:00,Invoiced,Confirmed,000029
PO26-000074,SA-000011,2026-08-06T00:00:00,Invoiced,Confirmed,000012
PO26-000075,SA-000015,2026-07-20T00:00:00,Invoiced,Confirmed,000004
PO26-000076,SA-000046,2026-08-20T00:00:00,Invoiced,Confirmed,000004
PO26-000077,SA-000008,2026-07-15T00:00:00,Invoiced,Confirmed,000018
PO26-000078,SA-000017,2026-07-14T00:00:00,Invoiced,Confirmed,000018
PO26-000079,SA-000046,2026-09-09T00:00:00,Invoiced,Confirmed,000011
PO26-000080,SA-000040,2026-08-05T00:00:00,Invoiced,Confirmed,000001
PO26-000081,SA-000020,2026-07-14T00:00:00,Invoiced,Confirmed,000029
PO26-000082,SA-000017,2026-07-05T00:00:00,Invoiced,Confirmed,000012
PO26-000083,SA-000002,2026-07-05T00:00:00,Invoiced,Confirmed,000003
PO26-000084,SA-000003,2026-08-05T00:00:00,Invoiced,Confirmed,000005
PO26-000085,SA-000007,2026-08-12T00:00:00,Invoiced,Confirmed,000010
PO26-000086,SA-000046,2026-07-13T00:00:00,Invoiced,Confirmed,000001
PO26-000087,SA-000046,2026-09-21T00:00:00,Invoiced,Confirmed,000004
PO26-000088,SA-000009,2026-08-10T00:00:00,Invoiced,Confirmed,000029
PO26-000089,SA-000037,2026-07-12T00:00:00,Invoiced,Confirmed,000009
PO26-000090,SA-000018,2026-08-24T00:00:00,Invoiced,Confirmed,000030
PO26-000091,SA-000046,2026-09-16T00:00:00,Invoiced,Confirmed,000035
PO26-000092,SA-000045,2026-07-13T00:00:00,Invoiced,Confirmed,000025
PO26-000093,SA-000008,2026-09-28T00:00:00,Invoiced,Confirmed,000014
PO26-000094,SA-000003,2026-08-17T00:00:00,Invoiced,Confirmed,000011
PO26-000095,SA-000032,2026-08-04T00:00:00,Invoiced,Confirmed,000011
PO26-000096,SA-000033,2026-09-28T00:00:00,Invoiced,Confirmed,000035
PO26-000097,SA-000007,2026-09-21T00:00:00,Invoiced,Confirmed,000001
PO26-000098,SA-000016,2026-07-20T00:00:00,Invoiced,Confirmed,000032
PO26-000099,SA-000004,2026-09-21T00:00:00,Invoiced,Confirmed,000037
PO26-000100,SA-000046,2026-08-26T00:00:00,Invoiced,Confirmed,000002
PO26-000101,SA-000034,2026-08-30T00:00:00,Invoiced,Confirmed,000018
PO26-000102,SA-000046,2026-08-20T00:00:00,Invoiced,Confirmed,000002
PO26-000103,SA-000003,2026-09-28T00:00:00,Invoiced,Confirmed,000030
PO26-000104,SA-000041,2026-08-03T00:00:00,Invoiced,Confirmed,000007
PO26-000105,SA-000024,2026-09-06T00:00:00,Invoiced,Confirmed,000014
PO26-000106,SA-000012,2026-07-28T00:00:00,Invoiced,Confirmed,000004
PO26-000107,SA-000046,2026-07-19T00:00:00,Invoiced,Confirmed,000003
PO26-000108,SA-000007,2026-09-28T00:00:00,Invoiced,Confirmed,000038
PO26-000109,SA-000042,2026-08-16T00:00:00,Invoiced,Confirmed,000014
PO26-000110,SA-000041,2026-09-10T00:00:00,Invoiced,Confirmed,000017
PO26-000111,SA-000025,2026-09-14T00:00:00,Invoiced,Confirmed,000033
PO26-000112,SA-000016,2026-08-19T00:00:00,Invoiced,Confirmed,000038
PO26-000113,SA-000004,2026-09-21T00:00:00,Invoiced,Confirmed,000016
PO26-000114,SA-000046,2026-09-09T00:00:00,Invoiced,Confirmed,000035
PO26-000115,SA-000031,2026-07-02T00:00:00,Invoiced,Confirmed,000014
PO26-000116,SA-000021,2026-09-15T00:00:00,Invoiced,Confirmed,000010
PO26-000117,SA-000001,2026-08-06T00:00:00,Invoiced,Confirmed,000012
PO26-000118,SA-000038,2026-07-29T00:00:00,Invoiced,Confirmed,000004
PO26-000119,SA-000015,2026-07-13T00:00:00,Invoiced,Confirmed,000026
PO26-000120,SA-000035,2026-07-22T00:00:00,Invoiced,Confirmed,000032
PO26-000121,SA-000041,2026-08-10T00:00:00,Invoiced,Confirmed,000004
PO26-000122,SA-000037,2026-08-03T00:00:00,Invoiced,Confirmed,000002
PO26-000123,SA-000027,2026-08-24T00:00:00,Invoiced,Confirmed,000027
PO26-000124,SA-000030,2026-09-15T00:00:00,Invoiced,Confirmed,000026
PO26-000125,SA-000018,2026-08-12T00:00:00,Invoiced,Confirmed,000028
PO26-000126,SA-000017,2026-08-11T00:00:00,Invoiced,Confirmed,000009
PO26-000127,SA-000018,2026-08-19T00:00:00,Invoiced,Confirmed,000001
PO26-000128,SA-000027,2026-08-04T00:00:00,Invoiced,Confirmed,000037
PO26-000129,SA-000034,2026-09-02T00:00:00,Invoiced,Confirmed,000002
PO26-000130,SA-000016,2026-09-13T00:00:00,Invoiced,Confirmed,000005
PO26-000131,SA-000011,2026-08-20T00:00:00,Invoiced,Confirmed,000031
PO26-000132,SA-000046,2026-07-05T00:00:00,Invoiced,Confirmed,000016
PO26-000133,SA-000040,2026-09-02T00:00:00,Invoiced,Confirmed,000010
PO26-000134,SA-000008,2026-07-06T00:00:00,Invoiced,Confirmed,000037
PO26-000135,SA-000046,2026-08-23T00:00:00,Invoiced,Confirmed,000032
PO26-000136,SA-000045,2026-07-27T00:00:00,Invoiced,Confirmed,000011
PO26-000137,SA-000021,2026-09-29T00:00:00,Invoiced,Confirmed,000010
PO26-000138,SA-000011,2026-08-31T00:00:00,Invoiced,Confirmed,000029
PO26-000139,SA-000032,2026-08-05T00:00:00,Invoiced,Confirmed,000011
PO26-000140,SA-000024,2026-07-29T00:00:00,Invoiced,Confirmed,000017
PO26-000141,SA-000022,2026-08-24T00:00:00,Invoiced,Confirmed,000001
PO26-000142,SA-000042,2026-08-04T00:00:00,Invoiced,Confirmed,000014
PO26-000143,SA-000017,2026-07-23T00:00:00,Invoiced,Confirmed,000001
PO26-000144,SA-000014,2026-08-05T00:00:00,Invoiced,Confirmed,000014
PO26-000145,SA-000034,2026-07-21T00:00:00,Invoiced,Confirmed,000027
PO26-000146,SA-000046,2026-07-22T00:00:00,Invoiced,Confirmed,000027
PO26-000147,SA-000028,2026-07-06T00:00:00,Invoiced,Confirmed,000037
PO26-000148,SA-000044,2026-09-08T00:00:00,Invoiced,Confirmed,000012
PO26-000149,SA-000039,2026-08-09T00:00:00,Invoiced,Confirmed,000004
PO26-000150,SA-000012,2026-08-19T00:00:00,Invoiced,Confirmed,000011
PO26-000151,SA-000027,2026-07-05T00:00:00,Invoiced,Confirmed,000038
PO26-000152,SA-000024,2026-09-29T00:00:00,Invoiced,Confirmed,000026
PO26-000153,SA-000046,2026-07-16T00:00:00,Invoiced,Confirmed,000037
PO26-000154,SA-000015,2026-08-03T00:00:00,Invoiced,Confirmed,000016
PO26-000155,SA-000005,2026-07-29T00:00:00,Invoiced,Confirmed,000001
PO26-000156,SA-000045,2026-08-12T00:00:00,Invoiced,Confirmed,000031
PO26-000157,SA-000025,2026-07-13T00:00:00,Invoiced,Confirmed,000009
PO26-000158,SA-000010,2026-08-30T00:00:00,Invoiced,Confirmed,000027
PO26-000159,SA-000046,2026-09-20T00:00:00,Invoiced,Confirmed,000017
PO26-000160,SA-000026,2026-08-09T00:00:00,Invoiced,Confirmed,000007
PO26-000161,SA-000025,2026-08-05T00:00:00,Invoiced,Confirmed,000026
PO26-000162,SA-000015,2026-09-10T00:00:00,Invoiced,Confirmed,000004
PO26-000163,SA-000043,2026-08-23T00:00:00,Invoiced,Confirmed,000010
PO26-000164,SA-000018,2026-07-29T00:00:00,Invoiced,Confirmed,000035
PO26-000165,SA-000046,2026-09-01T00:00:00,Invoiced,Confirmed,000031
PO26-000166,SA-000042,2026-09-01T00:00:00,Invoiced,Confirmed,000001
PO26-000167,SA-000046,2026-09-06T00:00:00,Invoiced,Confirmed,000018
PO26-000168,SA-000046,2026-07-26T00:00:00,Invoiced,Confirmed,000014
PO26-000169,SA-000026,2026-08-10T00:00:00,Invoiced,Confirmed,000038
PO26-000170,SA-000044,2026-07-20T00:00:00,Invoiced,Confirmed,000005
PO26-000171,SA-000046,2026-07-12T00:00:00,Invoiced,Confirmed,000001
PO26-000172,SA-000046,2026-09-08T00:00:00,Invoiced,Confirmed,000030
PO26-000173,SA-000024,2026-07-23T00:00:00,Invoiced,Confirmed,000011
PO26-000174,SA-000045,2026-08-18T00:00:00,Invoiced,Confirmed,000031
PO26-000175,SA-000022,2026-09-10T00:00:00,Invoiced,Confirmed,000003
PO26-000176,SA-000043,2026-09-29T00:00:00,Invoiced,Confirmed,000032
PO26-000177,SA-000039,2026-08-17T00:00:00,Invoiced,Confirmed,000031
PO26-000178,SA-000013,2026-08-24T00:00:00,Invoiced,Confirmed,000002
PO26-000179,SA-000035,2026-07-28T00:00:00,Invoiced,Confirmed,000011
PO26-000180,SA-000020,2026-08-09T00:00:00,Invoiced,Confirmed,000007
PO26-000181,SA-000036,2026-09-22T00:00:00,Invoiced,Confirmed,000001
PO26-000182,SA-000010,2026-08-11T00:00:00,Invoiced,Confirmed,000012
PO26-000183,SA-000046,2026-09-03T00:00:00,Invoiced,Confirmed,000016
PO26-000184,SA-000046,2026-07-16T00:00:00,Invoiced,Confirmed,000038
PO26-000185,SA-000023,2026-07-02T00:00:00,Invoiced,Confirmed,000032
PO26-000186,SA-000017,2026-07-02T00:00:00,Invoiced,Confirmed,000010
PO26-000187,SA-000036,2026-08-06T00:00:00,Invoiced,Confirmed,000003
PO26-000188,SA-000010,2026-09-01T00:00:00,Invoiced,Confirmed,000030
PO26-000189,SA-000046,2026-07-29T00:00:00,Invoiced,Confirmed,000009
PO26-000190,SA-000031,2026-09-20T00:00:00,Invoiced,Confirmed,000005
PO26-000191,SA-000046,2026-08-09T00:00:00,Invoiced,Confirmed,000004
PO26-000192,SA-000044,2026-08-17T00:00:00,Invoiced,Confirmed,000010
PO26-000193,SA-000009,2026-08-06T00:00:00,Invoiced,Confirmed,000002
PO26-000194,SA-000032,2026-09-20T00:00:00,Invoiced,Confirmed,000014
PO26-000195,SA-000030,2026-07-05T00:00:00,Invoiced,Confirmed,000003
PO26-000196,SA-000010,2026-09-17T00:00:00,Invoiced,Confirmed,000038
PO26-000197,SA-000004,2026-08-25T00:00:00,Invoiced,Confirmed,000012
PO26-000198,SA-000041,2026-09-13T00:00:00,Invoiced,Confirmed,000016
PO26-000199,SA-000046,2026-08-03T00:00:00,Invoiced,Confirmed,000014
PO26-000200,SA-000004,2026-08-02T00:00:00,Invoiced,Confirmed,000007
PO26-000201,SA-000037,2026-08-30T00:00:00,Invoiced,Confirmed,000007
PO26-000202,SA-000046,2026-07-15T00:00:00,Invoiced,Confirmed,000032
PO26-000203,SA-000020,2026-07-29T00:00:00,Invoiced,Confirmed,000027
PO26-000204,SA-000020,2026-08-12T00:00:00,Invoiced,Confirmed,000032
PO26-000205,SA-000032,2026-08-18T00:00:00,Invoiced,Confirmed,000014
PO26-000206,SA-000011,2026-09-30T00:00:00,Invoiced,Confirmed,000025
PO26-000207,SA-000002,2026-07-08T00:00:00,Invoiced,Confirmed,000005
PO26-000208,SA-000031,2026-09-28T00:00:00,Invoiced,Confirmed,000017
PO26-000209,SA-000038,2026-09-10T00:00:00,Invoiced,Confirmed,000003
PO26-000210,SA-000030,2026-08-13T00:00:00,Invoiced,Confirmed,000010
PO26-000211,SA-000007,2026-09-30T00:00:00,Invoiced,Confirmed,000017
PO26-000212,SA-000013,2026-08-27T00:00:00,Invoiced,Confirmed,000037
PO26-000213,SA-000022,2026-08-27T00:00:00,Invoiced,Confirmed,000012
PO26-000214,SA-000031,2026-08-10T00:00:00,Invoiced,Confirmed,000025
PO26-000215,SA-000010,2026-08-04T00:00:00,Invoiced,Confirmed,000001
PO26-000216,SA-000033,2026-09-20T00:00:00,Invoiced,Confirmed,000017
PO26-000217,SA-000046,2026-07-07T00:00:00,Invoiced,Confirmed,000009
PO26-000218,SA-000027,2026-07-13T00:00:00,Invoiced,Confirmed,000026
PO26-000219,SA-000008,2026-07-26T00:00:00,Invoiced,Confirmed,000035
PO26-000220,SA-000003,2026-09-09T00:00:00,Invoiced,Confirmed,000005
PO26-000221,SA-000032,2026-09-15T00:00:00,Invoiced,Confirmed,000032
PO26-000222,SA-000028,2026-09-20T00:00:00,Invoiced,Confirmed,000037
PO26-000223,SA-000010,2026-08-24T00:00:00,Invoiced,Confirmed,000035
PO26-000224,SA-000006,2026-08-19T00:00:00,Invoiced,Confirmed,000027
PO26-000225,SA-000005,2026-09-23T00:00:00,Invoiced,Confirmed,000005
PO26-000226,SA-000016,2026-09-07T00:00:00,Invoiced,Confirmed,000001
PO26-000227,SA-000024,2026-09-28T00:00:00,Invoiced,Confirmed,000035
PO26-000228,SA-000004,2026-07-08T00:00:00,Invoiced,Confirmed,000026
PO26-000229,SA-000029,2026-09-27T00:00:00,Invoiced,Confirmed,000016
PO26-000230,SA-000018,2026-08-30T00:00:00,Invoiced,Confirmed,000026
PO26-000231,SA-000024,2026-09-30T00:00:00,Invoiced,Confirmed,000017
PO26-000232,SA-000041,2026-07-02T00:00:00,Invoiced,Confirmed,000026
PO26-000233,SA-000017,2026-08-13T00:00:00,Invoiced,Confirmed,000010
PO26-000234,SA-000005,2026-08-26T00:00:00,Invoiced,Confirmed,000010
PO26-000235,SA-000023,2026-07-02T00:00:00,Invoiced,Confirmed,000027
PO26-000236,SA-000015,2026-08-31T00:00:00,Invoiced,Confirmed,000002
PO26-000237,SA-000031,2026-07-22T00:00:00,Invoiced,Confirmed,000033
PO26-000238,SA-000038,2026-09-09T00:00:00,Invoiced,Confirmed,000035
PO26-000239,SA-000015,2026-07-09T00:00:00,Invoiced,Confirmed,000017
PO26-000240,SA-000040,2026-08-11T00:00:00,Invoiced,Confirmed,000018
PO26-000241,SA-000022,2026-09-29T00:00:00,Invoiced,Confirmed,000033
PO26-000242,SA-000043,2026-07-05T00:00:00,Invoiced,Confirmed,000007
PO26-000243,SA-000007,2026-07-23T00:00:00,Invoiced,Confirmed,000018
PO26-000244,SA-000035,2026-07-30T00:00:00,Invoiced,Confirmed,000005
PO26-000245,SA-000006,2026-07-30T00:00:00,Invoiced,Confirmed,000035
PO26-000246,SA-000025,2026-08-13T00:00:00,Invoiced,Confirmed,000002
PO26-000247,SA-000043,2026-09-13T00:00:00,Invoiced,Confirmed,000014
PO26-000248,SA-000034,2026-07-23T00:00:00,Invoiced,Confirmed,000005
PO26-000249,SA-000003,2026-09-23T00:00:00,Invoiced,Confirmed,000035
PO26-000250,SA-000008,2026-08-13T00:00:00,Invoiced,Confirmed,000011
PO26-000251,SA-000046,2026-07-21T00:00:00,Invoiced,Confirmed,000027
PO26-000252,SA-000030,2026-09-15T00:00:00,Invoiced,Confirmed,000033
PO26-000253,SA-000032,2026-08-25T00:00:00,Invoiced,Confirmed,000016
PO26-000254,SA-000033,2026-09-10T00:00:00,Invoiced,Confirmed,000030
PO26-000255,SA-000012,2026-09-27T00:00:00,Invoiced,Confirmed,000026
PO26-000256,SA-000008,2026-07-16T00:00:00,Invoiced,Confirmed,000004
PO26-000257,SA-000041,2026-08-20T00:00:00,Invoiced,Confirmed,000033
PO26-000258,SA-000012,2026-08-06T00:00:00,Invoiced,Confirmed,000026
PO26-000259,SA-000045,2026-07-21T00:00:00,Invoiced,Confirmed,000030
PO26-000260,SA-000019,2026-08-17T00:00:00,Invoiced,Confirmed,000002
PO26-000261,SA-000019,2026-08-16T00:00:00,Invoiced,Confirmed,000012
PO26-000262,SA-000042,2026-09-13T00:00:00,Invoiced,Confirmed,000003
PO26-000263,SA-000006,2026-09-09T00:00:00,Invoiced,Confirmed,000027
PO26-000264,SA-000046,2026-09-23T00:00:00,Invoiced,Confirmed,000026
PO26-000265,SA-000032,2026-08-24T00:00:00,Invoiced,Confirmed,000031
PO26-000266,SA-000019,2026-08-12T00:00:00,Invoiced,Confirmed,000014
PO26-000267,SA-000023,2026-09-02T00:00:00,Invoiced,Confirmed,000014
PO26-000268,SA-000038,2026-07-20T00:00:00,Invoiced,Confirmed,000003
PO26-000269,SA-000037,2026-09-27T00:00:00,Invoiced,Confirmed,000037
PO26-000270,SA-000018,2026-07-12T00:00:00,Invoiced,Confirmed,000018
PO26-000271,SA-000027,2026-08-12T00:00:00,Invoiced,Confirmed,000011
PO26-000272,SA-000009,2026-08-10T00:00:00,Invoiced,Confirmed,000011
PO26-000273,SA-000046,2026-09-09T00:00:00,Invoiced,Confirmed,000038
PO26-000274,SA-000021,2026-07-29T00:00:00,Invoiced,Confirmed,000033
PO26-000275,SA-000004,2026-09-01T00:00:00,Invoiced,Confirmed,000004
PO26-000276,SA-000007,2026-08-31T00:00:00,Invoiced,Confirmed,000026
PO26-000277,SA-000046,2026-07-16T00:00:00,Invoiced,Confirmed,000018
PO26-000278,SA-000009,2026-07-28T00:00:00,Invoiced,Confirmed,000026
PO26-000279,SA-000017,2026-08-02T00:00:00,Invoiced,Confirmed,000009
PO26-000280,SA-000041,2026-09-08T00:00:00,Invoiced,Confirmed,000030
PO26-000281,SA-000004,2026-09-20T00:00:00,Invoiced,Confirmed,000029
PO26-000282,SA-000016,2026-07-01T00:00:00,Invoiced,Confirmed,000009
PO26-000283,SA-000003,2026-07-15T00:00:00,Invoiced,Confirmed,000037
PO26-000284,SA-000016,2026-07-14T00:00:00,Invoiced,Confirmed,000009
PO26-000285,SA-000018,2026-09-10T00:00:00,Invoiced,Confirmed,000018
PO26-000286,SA-000004,2026-08-26T00:00:00,Invoiced,Confirmed,000012
PO26-000287,SA-000006,2026-09-07T00:00:00,Invoiced,Confirmed,000031
PO26-000288,SA-000020,2026-07-09T00:00:00,Invoiced,Confirmed,000035
PO26-000289,SA-000040,2026-09-07T00:00:00,Invoiced,Confirmed,000030
PO26-000290,SA-000044,2026-08-19T00:00:00,Invoiced,Confirmed,000009
PO26-000291,SA-000037,2026-07-12T00:00:00,Invoiced,Confirmed,000026
PO26-000292,SA-000034,2026-08-04T00:00:00,Invoiced,Confirmed,000012
PO26-000293,SA-000036,2026-08-16T00:00:00,Invoiced,Confirmed,000007
PO26-000294,SA-000023,2026-08-27T00:00:00,Invoiced,Confirmed,000003
PO26-000295,SA-000046,2026-08-12T00:00:00,Invoiced,Confirmed,000037
PO26-000296,SA-000004,2026-08-27T00:00:00,Invoiced,Confirmed,000011
PO26-000297,SA-000031,2026-09-21T00:00:00,Invoiced,Confirmed,000009
PO26-000298,SA-000042,2026-07-29T00:00:00,Invoiced,Confirmed,000027
PO26-000299,SA-000046,2026-09-02T00:00:00,Invoiced,Confirmed,000038
PO26-000300,SA-000042,2026-07-12T00:00:00,Invoiced,Confirmed,000028
PO26-000301,SA-000015,2026-08-16T00:00:00,Invoiced,Confirmed,000004
PO26-000302,SA-000046,2026-07-01T00:00:00,Invoiced,Confirmed,000011
PO26-000303,SA-000042,2026-07-21T00:00:00,Invoiced,Confirmed,000001
PO26-000304,SA-000004,2026-07-20T00:00:00,Invoiced,Confirmed,000037
PO26-000305,SA-000006,2026-08-13T00:00:00,Invoiced,Confirmed,000029
PO26-000306,SA-000031,2026-07-09T00:00:00,Invoiced,Confirmed,000001
PO26-000307,SA-000006,2026-07-06T00:00:00,Invoiced,Confirmed,000012
PO26-000308,SA-000046,2026-07-28T00:00:00,Invoiced,Confirmed,000032
PO26-000309,SA-000040,2026-08-30T00:00:00,Invoiced,Confirmed,000025
PO26-000310,SA-000031,2026-08-17T00:00:00,Invoiced,Confirmed,000032
PO26-000311,SA-000009,2026-09-27T00:00:00,Invoiced,Confirmed,000001
PO26-000312,SA-000023,2026-09-10T00:00:00,Invoiced,Confirmed,000005
PO26-000313,SA-000046,2026-09-16T00:00:00,Invoiced,Confirmed,000032
PO26-000314,SA-000015,2026-09-02T00:00:00,Invoiced,Confirmed,000002
PO26-000315,SA-000022,2026-09-22T00:00:00,Invoiced,Confirmed,000029
PO26-000316,SA-000023,2026-07-07T00:00:00,Invoiced,Confirmed,000035
PO26-000317,SA-000003,2026-09-06T00:00:00,Invoiced,Confirmed,000010
PO26-000318,SA-000025,2026-08-27T00:00:00,Invoiced,Confirmed,000011
PO26-000319,SA-000046,2026-07-29T00:00:00,Invoiced,Confirmed,000017
PO26-000320,SA-000026,2026-07-08T00:00:00,Invoiced,Confirmed,000007
PO26-000321,SA-000009,2026-07-14T00:00:00,Invoiced,Confirmed,000030
PO26-000322,SA-000019,2026-09-24T00:00:00,Invoiced,Confirmed,000001
PO26-000323,SA-000046,2026-08-05T00:00:00,Invoiced,Confirmed,000001
PO26-000324,SA-000046,2026-07-16T00:00:00,Invoiced,Confirmed,000033
PO26-000325,SA-000021,2026-07-05T00:00:00,Invoiced,Confirmed,000018
PO26-000326,SA-000021,2026-07-29T00:00:00,Invoiced,Confirmed,000029
PO26-000327,SA-000023,2026-08-05T00:00:00,Invoiced,Confirmed,000004
PO26-000328,SA-000015,2026-08-06T00:00:00,Invoiced,Confirmed,000004
PO26-000329,SA-000046,2026-07-09T00:00:00,Invoiced,Confirmed,000007
PO26-000330,SA-000011,2026-08-19T00:00:00,Invoiced,Confirmed,000026
PO26-000331,SA-000046,2026-07-16T00:00:00,Invoiced,Confirmed,000010
PO26-000332,SA-000013,2026-07-09T00:00:00,Invoiced,Confirmed,000014
PO26-000333,SA-000030,2026-09-23T00:00:00,Invoiced,Confirmed,000030
PO26-000334,SA-000046,2026-08-18T00:00:00,Invoiced,Confirmed,000038
PO26-000335,SA-000046,2026-09-13T00:00:00,Invoiced,Confirmed,000035
PO26-000336,SA-000019,2026-07-15T00:00:00,Invoiced,Confirmed,000032
PO26-000337,SA-000041,2026-08-26T00:00:00,Invoiced,Confirmed,000012
PO26-000338,SA-000046,2026-08-17T00:00:00,Invoiced,Confirmed,000002
PO26-000339,SA-000034,2026-08-05T00:00:00,Invoiced,Confirmed,000038
PO26-000340,SA-000022,2026-07-26T00:00:00,Invoiced,Confirmed,000032
PO26-000341,SA-000012,2026-07-22T00:00:00,Invoiced,Confirmed,000001
PO26-000342,SA-000013,2026-07-19T00:00:00,Invoiced,Confirmed,000026
PO26-000343,SA-000029,2026-08-13T00:00:00,Invoiced,Confirmed,000017
PO26-000344,SA-000046,2026-07-02T00:00:00,Invoiced,Confirmed,000007
PO26-000345,SA-000004,2026-07-13T00:00:00,Invoiced,Confirmed,000029
PO26-000346,SA-000046,2026-07-02T00:00:00,Invoiced,Confirmed,000017
PO26-000347,SA-000009,2026-07-14T00:00:00,Invoiced,Confirmed,000038
PO26-000348,SA-000046,2026-09-07T00:00:00,Invoiced,Confirmed,000037
PO26-000349,SA-000006,2026-07-19T00:00:00,Invoiced,Confirmed,000031
PO26-000350,SA-000023,2026-09-09T00:00:00,Invoiced,Confirmed,000030
PO26-000351,SA-000012,2026-09-14T00:00:00,Invoiced,Confirmed,000032
PO26-000352,SA-000045,2026-09-16T00:00:00,Invoiced,Confirmed,000012
PO26-000353,SA-000043,2026-08-11T00:00:00,Invoiced,Confirmed,000010
PO26-000354,SA-000044,2026-07-28T00:00:00,Invoiced,Confirmed,000012
PO26-000355,SA-000024,2026-07-13T00:00:00,Invoiced,Confirmed,000038
PO26-000356,SA-000024,2026-07-29T00:00:00,Invoiced,Confirmed,000027
PO26-000357,SA-000016,2026-08-12T00:00:00,Invoiced,Confirmed,000004
PO26-000358,SA-000009,2026-08-12T00:00:00,Invoiced,Confirmed,000032
PO26-000359,SA-000046,2026-07-09T00:00:00,Invoiced,Confirmed,000025
PO26-000360,SA-000013,2026-09-16T00:00:00,Invoiced,Confirmed,000029
PO26-000361,SA-000008,2026-09-20T00:00:00,Invoiced,Confirmed,000011
PO26-000362,SA-000016,2026-07-27T00:00:00,Invoiced,Confirmed,000016
PO26-000363,SA-000019,2026-07-22T00:00:00,Invoiced,Confirmed,000003
PO26-000364,SA-000046,2026-09-14T00:00:00,Invoiced,Confirmed,000002
PO26-000365,SA-000046,2026-07-20T00:00:00,Invoiced,Confirmed,000007
PO26-000366,SA-000022,2026-07-29T00:00:00,Invoiced,Confirmed,000005
PO26-000367,SA-000023,2026-08-09T00:00:00,Invoiced,Confirmed,000002
PO26-000368,SA-000046,2026-08-09T00:00:00,Invoiced,Confirmed,000001
PO26-000369,SA-000013,2026-09-09T00:00:00,Invoiced,Confirmed,000003
PO26-000370,SA-000040,2026-09-13T00:00:00,Invoiced,Confirmed,000030
PO26-000371,SA-000003,2026-08-27T00:00:00,Invoiced,Confirmed,000032
PO26-000372,SA-000040,2026-07-16T00:00:00,Invoiced,Confirmed,000001
PO26-000373,SA-000043,2026-08-17T00:00:00,Invoiced,Confirmed,000028
PO26-000374,SA-000019,2026-09-21T00:00:00,Invoiced,Confirmed,000005
PO26-000375,SA-000046,2026-08-31T00:00:00,Invoiced,Confirmed,000012
PO26-000376,SA-000025,2026-08-02T00:00:00,Invoiced,Confirmed,000018
PO26-000377,SA-000046,2026-07-12T00:00:00,Invoiced,Confirmed,000037
PO26-000378,SA-000046,2026-07-05T00:00:00,Invoiced,Confirmed,000007
PO26-000379,SA-000022,2026-08-24T00:00:00,Invoiced,Confirmed,000028
PO26-000380,SA-000038,2026-07-09T00:00:00,Invoiced,Confirmed,000031
PO26-000381,SA-000011,2026-07-30T00:00:00,Invoiced,Confirmed,000032
PO26-000382,SA-000005,2026-08-23T00:00:00,Invoiced,Confirmed,000037
PO26-000383,SA-000023,2026-09-07T00:00:00,Invoiced,Confirmed,000002
PO26-000384,SA-000046,2026-09-09T00:00:00,Invoiced,Confirmed,000007
PO26-000385,SA-000008,2026-07-07T00:00:00,Invoiced,Confirmed,000004
PO26-000386,SA-000023,2026-08-13T00:00:00,Invoiced,Confirmed,000009
PO26-000387,SA-000023,2026-07-14T00:00:00,Invoiced,Confirmed,000004
PO26-000388,SA-000034,2026-07-22T00:00:00,Invoiced,Confirmed,000026
PO26-000389,SA-000007,2026-09-15T00:00:00,Invoiced,Confirmed,000018
PO26-000390,SA-000023,2026-09-15T00:00:00,Invoiced,Confirmed,000007
PO26-000391,SA-000046,2026-09-08T00:00:00,Invoiced,Confirmed,000012
PO26-000392,SA-000044,2026-09-02T00:00:00,Invoiced,Confirmed,000018
PO26-000393,SA-000001,2026-08-04T00:00:00,Invoiced,Confirmed,000017
PO26-000394,SA-000046,2026-08-31T00:00:00,Invoiced,Confirmed,000030
PO26-000395,SA-000007,2026-07-16T00:00:00,Invoiced,Confirmed,000032
PO26-000396,SA-000035,2026-09-03T00:00:00,Invoiced,Confirmed,000017
PO26-000397,SA-000014,2026-09-13T00:00:00,Invoiced,Confirmed,000009
PO26-000398,SA-000005,2026-08-11T00:00:00,Invoiced,Confirmed,000026
PO26-000399,SA-000044,2026-07-20T00:00:00,Invoiced,Confirmed,000032
PO26-000400,SA-000045,2026-08-13T00:00:00,Invoiced,Confirmed,000004
PO26-000401,SA-000012,2026-08-13T00:00:00,Invoiced,Confirmed,000010
PO26-000402,SA-000013,2026-08-11T00:00:00,Invoiced,Confirmed,000025
PO26-000403,SA-000002,2026-09-09T00:00:00,Invoiced,Confirmed,000035
PO26-000404,SA-000002,2026-08-13T00:00:00,Invoiced,Confirmed,000029
PO26-000405,SA-000016,2026-08-03T00:00:00,Invoiced,Confirmed,000035
PO26-000406,SA-000004,2026-08-05T00:00:00,Invoiced,Confirmed,000030
PO26-000407,SA-000044,2026-07-12T00:00:00,Invoiced,Confirmed,000003
PO26-000408,SA-000029,2026-09-23T00:00:00,Invoiced,Confirmed,000011
PO26-000409,SA-000040,2026-08-16T00:00:00,Invoiced,Confirmed,000028
PO26-000410,SA-000014,2026-09-30T00:00:00,Invoiced,Confirmed,000007
PO26-000411,SA-000046,2026-07-14T00:00:00,Invoiced,Confirmed,000037
PO26-000412,SA-000024,2026-09-28T00:00:00,Invoiced,Confirmed,000001
PO26-000413,SA-000046,2026-09-28T00:00:00,Invoiced,Confirmed,000026
PO26-000414,SA-000025,2026-08-04T00:00:00,Invoiced,Confirmed,000002
PO26-000415,SA-000008,2026-09-27T00:00:00,Invoiced,Confirmed,000003
PO26-000416,SA-000039,2026-08-16T00:00:00,Invoiced,Confirmed,000031
PO26-000417,SA-000014,2026-08-03T00:00:00,Invoiced,Confirmed,000001
PO26-000418,SA-000026,2026-07-21T00:00:00,Invoiced,Confirmed,000009
PO26-000419,SA-000006,2026-09-07T00:00:00,Invoiced,Confirmed,000029
PO26-000420,SA-000030,2026-07-01T00:00:00,Invoiced,Confirmed,000017
PO26-000421,SA-000043,2026-09-29T00:00:00,Invoiced,Confirmed,000028
PO26-000422,SA-000014,2026-09-15T00:00:00,Invoiced,Confirmed,000031
PO26-000423,SA-000001,2026-07-13T00:00:00,Invoiced,Confirmed,000026
PO26-000424,SA-000046,2026-08-24T00:00:00,Invoiced,Confirmed,000001
PO26-000425,SA-000007,2026-09-21T00:00:00,Invoiced,Confirmed,000031
PO26-000426,SA-000046,2026-08-24T00:00:00,Invoiced,Confirmed,000027
PO26-000427,SA-000046,2026-07-22T00:00:00,Invoiced,Confirmed,000004
PO26-000428,SA-000021,2026-07-30T00:00:00,Invoiced,Confirmed,000005
PO26-000429,SA-000019,2026-09-16T00:00:00,Invoiced,Confirmed,000033
PO26-000430,SA-000029,2026-07-09T00:00:00,Invoiced,Confirmed,000018
PO26-000431,SA-000027,2026-09-13T00:00:00,Invoiced,Confirmed,000025
PO26-000432,SA-000035,2026-09-28T00:00:00,Invoiced,Confirmed,000026
PO26-000433,SA-000034,2026-08-04T00:00:00,Invoiced,Confirmed,000026
PO26-000434,SA-000046,2026-08-04T00:00:00,Invoiced,Confirmed,000028
PO26-000435,SA-000046,2026-07-06T00:00:00,Invoiced,Confirmed,000018
PO26-000436,SA-000016,2026-09-16T00:00:00,Invoiced,Confirmed,000029
PO26-000437,SA-000012,2026-09-28T00:00:00,Invoiced,Confirmed,000032
PO26-000438,SA-000038,2026-09-08T00:00:00,Invoiced,Confirmed,000011
PO26-000439,SA-000040,2026-09-28T00:00:00,Invoiced,Confirmed,000017
PO26-000440,SA-000007,2026-09-08T00:00:00,Invoiced,Confirmed,000033
PO26-000441,SA-000030,2026-09-03T00:00:00,Invoiced,Confirmed,000037
PO26-000442,SA-000011,2026-09-28T00:00:00,Invoiced,Confirmed,000031
PO26-000443,SA-000020,2026-07-28T00:00:00,Invoiced,Confirmed,000037
PO26-000444,SA-000003,2026-07-06T00:00:00,Invoiced,Confirmed,000007
PO26-000445,SA-000045,2026-07-21T00:00:00,Invoiced,Confirmed,000014
PO26-000446,SA-000016,2026-07-13T00:00:00,Invoiced,Confirmed,000011
PO26-000447,SA-000038,2026-09-23T00:00:00,Invoiced,Confirmed,000029
PO26-000448,SA-000004,2026-08-02T00:00:00,Invoiced,Confirmed,000031
PO26-000449,SA-000019,2026-09-29T00:00:00,Invoiced,Confirmed,000014
PO26-000450,SA-000008,2026-07-16T00:00:00,Invoiced,Confirmed,000012
PO26-000451,SA-000043,2026-07-06T00:00:00,Invoiced,Confirmed,000029
PO26-000452,SA-000027,2026-07-07T00:00:00,Invoiced,Confirmed,000009
PO26-000453,SA-000012,2026-09-02T00:00:00,Invoiced,Confirmed,000003
PO26-000454,SA-000029,2026-07-01T00:00:00,Invoiced,Confirmed,000018
PO26-000455,SA-000019,2026-07-01T00:00:00,Invoiced,Confirmed,000026
PO26-000456,SA-000010,2026-08-25T00:00:00,Invoiced,Confirmed,000012
PO26-000457,SA-000025,2026-09-15T00:00:00,Invoiced,Confirmed,000012
PO26-000458,SA-000014,2026-09-22T00:00:00,Invoiced,Confirmed,000001
PO26-000459,SA-000002,2026-09-20T00:00:00,Invoiced,Confirmed,000025
PO26-000460,SA-000023,2026-09-01T00:00:00,Invoiced,Confirmed,000012
PO26-000461,SA-000046,2026-09-22T00:00:00,Invoiced,Confirmed,000002
PO26-000462,SA-000011,2026-08-31T00:00:00,Invoiced,Confirmed,000005
PO26-000463,SA-000041,2026-08-23T00:00:00,Invoiced,Confirmed,000035
PO26-000464,SA-000011,2026-07-22T00:00:00,Invoiced,Confirmed,000027
PO26-000465,SA-000030,2026-09-21T00:00:00,Invoiced,Confirmed,000018
PO26-000466,SA-000034,2026-08-05T00:00:00,Invoiced,Confirmed,000010
PO26-000467,SA-000034,2026-07-26T00:00:00,Invoiced,Confirmed,000018
PO26-000468,SA-000029,2026-07-07T00:00:00,Invoiced,Confirmed,000033
PO26-000469,SA-000036,2026-09-10T00:00:00,Invoiced,Confirmed,000002
PO26-000470,SA-000026,2026-07-12T00:00:00,Invoiced,Confirmed,000011
PO26-000471,SA-000002,2026-08-25T00:00:00,Invoiced,Confirmed,000035
PO26-000472,SA-000019,2026-07-15T00:00:00,Invoiced,Confirmed,000028
PO26-000473,SA-000006,2026-09-01T00:00:00,Invoiced,Confirmed,000027
PO26-000474,SA-000046,2026-08-12T00:00:00,Invoiced,Confirmed,000005
PO26-000475,SA-000032,2026-08-02T00:00:00,Invoiced,Confirmed,000037
PO26-000476,SA-000031,2026-09-14T00:00:00,Invoiced,Confirmed,000032
PO26-000477,SA-000008,2026-09-15T00:00:00,Invoiced,Confirmed,000017
PO26-000478,SA-000046,2026-07-06T00:00:00,Invoiced,Confirmed,000037
PO26-000479,SA-000043,2026-07-16T00:00:00,Invoiced,Confirmed,000028
PO26-000480,SA-000034,2026-08-16T00:00:00,Invoiced,Confirmed,000033
PO26-000481,SA-000025,2026-09-17T00:00:00,Invoiced,Confirmed,000031
PO26-000482,SA-000024,2026-09-17T00:00:00,Invoiced,Confirmed,000001
PO26-000483,SA-000005,2026-09-16T00:00:00,Invoiced,Confirmed,000002
PO26-000484,SA-000012,2026-08-18T00:00:00,Invoiced,Confirmed,000018
PO26-000485,SA-000014,2026-07-28T00:00:00,Invoiced,Confirmed,000035
PO26-000486,SA-000036,2026-09-13T00:00:00,Invoiced,Confirmed,000003
PO26-000487,SA-000022,2026-08-06T00:00:00,Invoiced,Confirmed,000018
PO26-000488,SA-000046,2026-07-27T00:00:00,Invoiced,Confirmed,000025
PO26-000489,SA-000046,2026-09-08T00:00:00,Invoiced,Confirmed,000011
PO26-000490,SA-000025,2026-07-16T00:00:00,Invoiced,Confirmed,000005
PO26-000491,SA-000034,2026-07-29T00:00:00,Invoiced,Confirmed,000032
PO26-000492,SA-000046,2026-07-27T00:00:00,Invoiced,Confirmed,000032
PO26-000493,SA-000018,2026-08-30T00:00:00,Invoiced,Confirmed,000032
PO26-000494,SA-000009,2026-08-30T00:00:00,Invoiced,Confirmed,000030
PO26-000495,SA-000016,2026-07-14T00:00:00,Invoiced,Confirmed,000004
PO26-000496,SA-000040,2026-09-20T00:00:00,Invoiced,Confirmed,000012
PO26-000497,SA-000032,2026-08-06T00:00:00,Invoiced,Confirmed,000035
PO26-000498,SA-000040,2026-08-19T00:00:00,Invoiced,Confirmed,000031
PO26-000499,SA-000046,2026-09-14T00:00:00,Invoiced,Confirmed,000032
PO26-000500,SA-000010,2026-08-18T00:00:00,Invoiced,Confirmed,000033
PO26-000501,SA-000031,2026-09-28T00:00:00,Invoiced,Confirmed,000011
PO26-000502,SA-000009,2026-09-21T00:00:00,Invoiced,Confirmed,000004
PO26-000503,SA-000021,2026-07-29T00:00:00,Invoiced,Confirmed,000002
PO26-000504,SA-000021,2026-08-16T00:00:00,Invoiced,Confirmed,000003
PO26-000505,SA-000038,2026-09-08T00:00:00,Invoiced,Confirmed,000033
PO26-000506,SA-000028,2026-09-27T00:00:00,Invoiced,Confirmed,000018
PO26-000507,SA-000021,2026-07-28T00:00:00,Invoiced,Confirmed,000003
PO26-000508,SA-000004,2026-07-27T00:00:00,Invoiced,Confirmed,000025
PO26-000509,SA-000010,2026-07-27T00:00:00,Invoiced,Confirmed,000011
PO26-000510,SA-000013,2026-09-14T00:00:00,Invoiced,Confirmed,000004
PO26-000511,SA-000007,2026-08-31T00:00:00,Invoiced,Confirmed,000033
PO26-000512,SA-000046,2026-08-02T00:00:00,Invoiced,Confirmed,000011
PO26-000513,SA-000046,2026-09-08T00:00:00,Invoiced,Confirmed,000007
PO26-000514,SA-000043,2026-07-14T00:00:00,Invoiced,Confirmed,000009
PO26-000515,SA-000029,2026-08-19T00:00:00,Invoiced,Confirmed,000017
PO26-000516,SA-000003,2026-08-24T00:00:00,Invoiced,Confirmed,000025
PO26-000517,SA-000025,2026-08-06T00:00:00,Invoiced,Confirmed,000035
PO26-000518,SA-000010,2026-07-02T00:00:00,Invoiced,Confirmed,000007
PO26-000519,SA-000044,2026-09-13T00:00:00,Invoiced,Confirmed,000032
PO26-000520,SA-000015,2026-07-29T00:00:00,Invoiced,Confirmed,000003
PO26-000521,SA-000028,2026-07-07T00:00:00,Invoiced,Confirmed,000035
PO26-000522,SA-000045,2026-09-09T00:00:00,Invoiced,Confirmed,000025
PO26-000523,SA-000026,2026-09-02T00:00:00,Invoiced,Confirmed,000011
PO26-000524,SA-000011,2026-09-28T00:00:00,Invoiced,Confirmed,000017
PO26-000525,SA-000029,2026-07-05T00:00:00,Invoiced,Confirmed,000003
PO26-000526,SA-000015,2026-09-30T00:00:00,Invoiced,Confirmed,000031
PO26-000527,SA-000013,2026-09-30T00:00:00,Invoiced,Confirmed,000037
PO26-000528,SA-000046,2026-08-06T00:00:00,Invoiced,Confirmed,000007
PO26-000529,SA-000022,2026-07-26T00:00:00,Invoiced,Confirmed,000018
PO26-000530,SA-000041,2026-07-16T00:00:00,Invoiced,Confirmed,000009
PO26-000531,SA-000018,2026-08-05T00:00:00,Invoiced,Confirmed,000009
PO26-000532,SA-000018,2026-09-17T00:00:00,Invoiced,Confirmed,000032
PO26-000533,SA-000003,2026-07-29T00:00:00,Invoiced,Confirmed,000011
PO26-000534,SA-000020,2026-08-10T00:00:00,Invoiced,Confirmed,000038
PO26-000535,SA-000027,2026-09-09T00:00:00,Invoiced,Confirmed,000038
PO26-000536,SA-000035,2026-08-10T00:00:00,Invoiced,Confirmed,000037
PO26-000537,SA-000022,2026-09-02T00:00:00,Invoiced,Confirmed,000038
PO26-000538,SA-000027,2026-09-29T00:00:00,Invoiced,Confirmed,000027
PO26-000539,SA-000024,2026-08-30T00:00:00,Invoiced,Confirmed,000012
PO26-000540,SA-000046,2026-07-16T00:00:00,Invoiced,Confirmed,000001
PO26-000541,SA-000040,2026-07-22T00:00:00,Invoiced,Confirmed,000004
PO26-000542,SA-000018,2026-08-24T00:00:00,Invoiced,Confirmed,000010
PO26-000543,SA-000034,2026-08-16T00:00:00,Invoiced,Confirmed,000012
PO26-000544,SA-000041,2026-08-26T00:00:00,Invoiced,Confirmed,000004
PO26-000545,SA-000010,2026-07-09T00:00:00,Invoiced,Confirmed,000030
PO26-000546,SA-000040,2026-08-03T00:00:00,Invoiced,Confirmed,000026
PO26-000547,SA-000009,2026-09-17T00:00:00,Invoiced,Confirmed,000011
PO26-000548,SA-000034,2026-08-11T00:00:00,Invoiced,Confirmed,000030
PO26-000549,SA-000003,2026-07-29T00:00:00,Invoiced,Confirmed,000026
PO26-000550,SA-000006,2026-09-10T00:00:00,Invoiced,Confirmed,000017
PO26-000551,SA-000024,2026-07-21T00:00:00,Invoiced,Confirmed,000035
PO26-000552,SA-000011,2026-08-17T00:00:00,Invoiced,Confirmed,000032
PO26-000553,SA-000023,2026-09-20T00:00:00,Invoiced,Confirmed,000026
PO26-000554,SA-000036,2026-09-28T00:00:00,Invoiced,Confirmed,000031
PO26-000555,SA-000045,2026-09-20T00:00:00,Invoiced,Confirmed,000030
PO26-000556,SA-000022,2026-08-02T00:00:00,Invoiced,Confirmed,000007
PO26-000557,SA-000002,2026-09-22T00:00:00,Invoiced,Confirmed,000033
PO26-000558,SA-000039,2026-07-27T00:00:00,Invoiced,Confirmed,000003
PO26-000559,SA-000017,2026-09-01T00:00:00,Invoiced,Confirmed,000033
PO26-000560,SA-000027,2026-07-09T00:00:00,Invoiced,Confirmed,000026
PO26-000561,SA-000046,2026-08-06T00:00:00,Invoiced,Confirmed,000004
PO26-000562,SA-000015,2026-09-17T00:00:00,Invoiced,Confirmed,000027
PO26-000563,SA-000040,2026-09-16T00:00:00,Invoiced,Confirmed,000032
PO26-000564,SA-000045,2026-08-12T00:00:00,Invoiced,Confirmed,000005
PO26-000565,SA-000014,2026-08-19T00:00:00,Invoiced,Confirmed,000017
PO26-000566,SA-000035,2026-09-06T00:00:00,Invoiced,Confirmed,000004
PO26-000567,SA-000011,2026-09-21T00:00:00,Invoiced,Confirmed,000005
PO26-000568,SA-000013,2026-07-20T00:00:00,Invoiced,Confirmed,000027
PO26-000569,SA-000032,2026-07-29T00:00:00,Invoiced,Confirmed,000005
PO26-000570,SA-000046,2026-08-25T00:00:00,Invoiced,Confirmed,000007
PO26-000571,SA-000030,2026-07-22T00:00:00,Invoiced,Confirmed,000002
PO26-000572,SA-000029,2026-07-06T00:00:00,Invoiced,Confirmed,000038
PO26-000573,SA-000014,2026-07-21T00:00:00,Invoiced,Confirmed,000003
PO26-000574,SA-000008,2026-07-08T00:00:00,Invoiced,Confirmed,000002
PO26-000575,SA-000042,2026-09-30T00:00:00,Invoiced,Confirmed,000025
PO26-000576,SA-000037,2026-08-24T00:00:00,Invoiced,Confirmed,000030
PO26-000577,SA-000030,2026-07-12T00:00:00,Invoiced,Confirmed,000033
PO26-000578,SA-000021,2026-07-16T00:00:00,Invoiced,Confirmed,000033
PO26-000579,SA-000022,2026-08-06T00:00:00,Invoiced,Confirmed,000014
PO26-000580,SA-000040,2026-09-20T00:00:00,Invoiced,Confirmed,000009
PO26-000581,SA-000046,2026-09-15T00:00:00,Invoiced,Confirmed,000011
PO26-000582,SA-000046,2026-09-16T00:00:00,Invoiced,Confirmed,000011
PO26-000583,SA-000029,2026-08-19T00:00:00,Invoiced,Confirmed,000033
PO26-000584,SA-000046,2026-08-20T00:00:00,Invoiced,Confirmed,000014
PO26-000585,SA-000003,2026-07-05T00:00:00,Invoiced,Confirmed,000004
PO26-000586,SA-000046,2026-07-22T00:00:00,Invoiced,Confirmed,000037
PO26-000587,SA-000004,2026-07-30T00:00:00,Invoiced,Confirmed,000038
PO26-000588,SA-000015,2026-09-08T00:00:00,Invoiced,Confirmed,000037
PO26-000589,SA-000032,2026-08-03T00:00:00,Invoiced,Confirmed,000030
PO26-000590,SA-000006,2026-07-23T00:00:00,Invoiced,Confirmed,000016
PO26-000591,SA-000006,2026-07-08T00:00:00,Invoiced,Confirmed,000011
PO26-000592,SA-000037,2026-09-07T00:00:00,Invoiced,Confirmed,000003
PO26-000593,SA-000042,2026-08-11T00:00:00,Invoiced,Confirmed,000018
PO26-000594,SA-000005,2026-09-30T00:00:00,Invoiced,Confirmed,000003
PO26-000595,SA-000018,2026-09-28T00:00:00,Invoiced,Confirmed,000028
PO26-000596,SA-000012,2026-09-07T00:00:00,Invoiced,Confirmed,000017
PO26-000597,SA-000026,2026-07-22T00:00:00,Invoiced,Confirmed,000033
PO26-000598,SA-000031,2026-07-27T00:00:00,Invoiced,Confirmed,000016
PO26-000599,SA-000020,2026-09-14T00:00:00,Invoiced,Confirmed,000002
PO26-000600,SA-000046,2026-07-14T00:00:00,Invoiced,Confirmed,000018
PO26-000601,SA-000030,2026-09-08T00:00:00,Invoiced,Confirmed,000033
PO26-000602,SA-000046,2026-07-22T00:00:00,Invoiced,Confirmed,000032
PO26-000603,SA-000040,2026-09-17T00:00:00,Invoiced,Confirmed,000001
PO26-000604,SA-000032,2026-07-27T00:00:00,Invoiced,Confirmed,000038
PO26-000605,SA-000031,2026-09-09T00:00:00,Invoiced,Confirmed,000002
PO26-000606,SA-000040,2026-09-20T00:00:00,Invoiced,Confirmed,000012
PO26-000607,SA-000015,2026-09-23T00:00:00,Invoiced,Confirmed,000031
PO26-000608,SA-000009,2026-08-05T00:00:00,Invoiced,Confirmed,000005
PO26-000609,SA-000035,2026-07-14T00:00:00,Invoiced,Confirmed,000025
PO26-000610,SA-000022,2026-09-01T00:00:00,Invoiced,Confirmed,000031
PO26-000611,SA-000012,2026-09-15T00:00:00,Invoiced,Confirmed,000014
PO26-000612,SA-000013,2026-09-03T00:00:00,Invoiced,Confirmed,000035
PO26-000613,SA-000013,2026-08-03T00:00:00,Invoiced,Confirmed,000010
PO26-000614,SA-000012,2026-08-02T00:00:00,Invoiced,Confirmed,000025
PO26-000615,SA-000003,2026-09-03T00:00:00,Invoiced,Confirmed,000029
PO26-000616,SA-000042,2026-09-10T00:00:00,Invoiced,Confirmed,000011
PO26-000617,SA-000009,2026-07-23T00:00:00,Invoiced,Confirmed,000033
PO26-000618,SA-000030,2026-07-05T00:00:00,Invoiced,Confirmed,000035
PO26-000619,SA-000020,2026-07-12T00:00:00,Invoiced,Confirmed,000003
PO26-000620,SA-000040,2026-08-31T00:00:00,Invoiced,Confirmed,000014
PO26-000621,SA-000006,2026-07-20T00:00:00,Invoiced,Confirmed,000010
PO26-000622,SA-000028,2026-08-31T00:00:00,Invoiced,Confirmed,000011
PO26-000623,SA-000007,2026-07-06T00:00:00,Invoiced,Confirmed,000007
PO26-000624,SA-000031,2026-08-12T00:00:00,Invoiced,Confirmed,000004
PO26-000625,SA-000028,2026-09-24T00:00:00,Invoiced,Confirmed,000011
PO26-000626,SA-000032,2026-07-02T00:00:00,Invoiced,Confirmed,000029
PO26-000627,SA-000030,2026-07-27T00:00:00,Invoiced,Confirmed,000027
PO26-000628,SA-000005,2026-07-20T00:00:00,Invoiced,Confirmed,000009
PO26-000629,SA-000046,2026-07-14T00:00:00,Invoiced,Confirmed,000012
PO26-000630,SA-000012,2026-08-23T00:00:00,Invoiced,Confirmed,000003
PO26-000631,SA-000026,2026-09-30T00:00:00,Invoiced,Confirmed,000035
PO26-000632,SA-000046,2026-08-10T00:00:00,Invoiced,Confirmed,000003
PO26-000633,SA-000027,2026-08-31T00:00:00,Invoiced,Confirmed,000033
PO26-000634,SA-000032,2026-07-14T00:00:00,Invoiced,Confirmed,000016
PO26-000635,SA-000020,2026-09-21T00:00:00,Invoiced,Confirmed,000037
PO26-000636,SA-000026,2026-07-29T00:00:00,Invoiced,Confirmed,000025
PO26-000637,SA-000030,2026-07-02T00:00:00,Invoiced,Confirmed,000032
PO26-000638,SA-000002,2026-07-06T00:00:00,Invoiced,Confirmed,000007
PO26-000639,SA-000034,2026-08-06T00:00:00,Invoiced,Confirmed,000010
PO26-000640,SA-000017,2026-07-09T00:00:00,Invoiced,Confirmed,000004
PO26-000641,SA-000036,2026-08-05T00:00:00,Invoiced,Confirmed,000011
PO26-000642,SA-000007,2026-07-16T00:00:00,Invoiced,Confirmed,000030
PO26-000643,SA-000045,2026-07-29T00:00:00,Invoiced,Confirmed,000011
PO26-000644,SA-000046,2026-08-11T00:00:00,Invoiced,Confirmed,000018
PO26-000645,SA-000008,2026-09-03T00:00:00,Invoiced,Confirmed,000003
PO26-000646,SA-000046,2026-07-21T00:00:00,Invoiced,Confirmed,000002
PO26-000647,SA-000013,2026-08-04T00:00:00,Invoiced,Confirmed,000007
PO26-000648,SA-000031,2026-07-19T00:00:00,Invoiced,Confirmed,000003
PO26-000649,SA-000014,2026-09-28T00:00:00,Invoiced,Confirmed,000032
PO26-000650,SA-000011,2026-09-23T00:00:00,Invoiced,Confirmed,000025
PO26-000651,SA-000012,2026-08-16T00:00:00,Invoiced,Confirmed,000010
PO26-000652,SA-000030,2026-08-02T00:00:00,Invoiced,Confirmed,000031
PO26-000653,SA-000002,2026-08-27T00:00:00,Invoiced,Confirmed,000031
PO26-000654,SA-000022,2026-08-30T00:00:00,Invoiced,Confirmed,000002
PO26-000655,SA-000046,2026-07-05T00:00:00,Invoiced,Confirmed,000037
PO26-000656,SA-000009,2026-08-13T00:00:00,Invoiced,Confirmed,000004
PO26-000657,SA-000024,2026-09-28T00:00:00,Invoiced,Confirmed,000037
PO26-000658,SA-000037,2026-09-23T00:00:00,Invoiced,Confirmed,000004
PO26-000659,SA-000019,2026-09-03T00:00:00,Invoiced,Confirmed,000025
PO26-000660,SA-000046,2026-09-22T00:00:00,Invoiced,Confirmed,000018
PO26-000661,SA-000012,2026-07-06T00:00:00,Invoiced,Confirmed,000030
PO26-000662,SA-000006,2026-09-27T00:00:00,Invoiced,Confirmed,000011
PO26-000663,SA-000001,2026-07-28T00:00:00,Invoiced,Confirmed,000030
PO26-000664,SA-000037,2026-07-01T00:00:00,Invoiced,Confirmed,000027
PO26-000665,SA-000023,2026-09-20T00:00:00,Invoiced,Confirmed,000035
PO26-000666,SA-000046,2026-08-16T00:00:00,Invoiced,Confirmed,000027
PO26-000667,SA-000045,2026-08-11T00:00:00,Invoiced,Confirmed,000033
PO26-000668,SA-000029,2026-07-02T00:00:00,Invoiced,Confirmed,000007
PO26-000669,SA-000024,2026-08-23T00:00:00,Invoiced,Confirmed,000009
PO26-000670,SA-000026,2026-08-31T00:00:00,Invoiced,Confirmed,000032
PO26-000671,SA-000045,2026-07-26T00:00:00,Invoiced,Confirmed,000018
PO26-000672,SA-000035,2026-09-17T00:00:00,Invoiced,Confirmed,000011
PO26-000673,SA-000011,2026-09-10T00:00:00,Invoiced,Confirmed,000005
PO26-000674,SA-000002,2026-08-02T00:00:00,Invoiced,Confirmed,000001
PO26-000675,SA-000004,2026-08-26T00:00:00,Invoiced,Confirmed,000004
PO26-000676,SA-000037,2026-07-23T00:00:00,Invoiced,Confirmed,000030
PO26-000677,SA-000016,2026-07-16T00:00:00,Invoiced,Confirmed,000027
PO26-000678,SA-000018,2026-08-27T00:00:00,Invoiced,Confirmed,000009
PO26-000679,SA-000002,2026-07-15T00:00:00,Invoiced,Confirmed,000027
PO26-000680,SA-000035,2026-08-24T00:00:00,Invoiced,Confirmed,000018
PO26-000681,SA-000017,2026-09-07T00:00:00,Invoiced,Confirmed,000002
PO26-000682,SA-000046,2026-08-30T00:00:00,Invoiced,Confirmed,000011
PO26-000683,SA-000010,2026-09-21T00:00:00,Invoiced,Confirmed,000007
PO26-000684,SA-000032,2026-07-15T00:00:00,Invoiced,Confirmed,000018
PO26-000685,SA-000019,2026-09-17T00:00:00,Invoiced,Confirmed,000002
PO26-000686,SA-000028,2026-08-04T00:00:00,Invoiced,Confirmed,000005
PO26-000687,SA-000033,2026-07-30T00:00:00,Invoiced,Confirmed,000010
PO26-000688,SA-000031,2026-08-31T00:00:00,Invoiced,Confirmed,000016
PO26-000689,SA-000045,2026-09-07T00:00:00,Invoiced,Confirmed,000037
PO26-000690,SA-000014,2026-08-23T00:00:00,Invoiced,Confirmed,000009
PO26-000691,SA-000022,2026-07-26T00:00:00,Invoiced,Confirmed,000016
PO26-000692,SA-000020,2026-08-26T00:00:00,Invoiced,Confirmed,000005
PO26-000693,SA-000007,2026-07-20T00:00:00,Invoiced,Confirmed,000031
PO26-000694,SA-000010,2026-07-30T00:00:00,Invoiced,Confirmed,000025
PO26-000695,SA-000003,2026-07-01T00:00:00,Invoiced,Confirmed,000001
PO26-000696,SA-000034,2026-08-18T00:00:00,Invoiced,Confirmed,000032
PO26-000697,SA-000002,2026-09-10T00:00:00,Invoiced,Confirmed,000025
PO26-000698,SA-000014,2026-08-09T00:00:00,Invoiced,Confirmed,000030
PO26-000699,SA-000046,2026-09-17T00:00:00,Invoiced,Confirmed,000037
PO26-000700,SA-000031,2026-07-16T00:00:00,Invoiced,Confirmed,000017
PO26-000701,SA-000031,2026-08-05T00:00:00,Invoiced,Confirmed,000009
PO26-000702,SA-000046,2026-09-23T00:00:00,Invoiced,Confirmed,000009
PO26-000703,SA-000046,2026-09-07T00:00:00,Invoiced,Confirmed,000026
PO26-000704,SA-000024,2026-08-25T00:00:00,Invoiced,Confirmed,000029
PO26-000705,SA-000015,2026-07-23T00:00:00,Invoiced,Confirmed,000003
PO26-000706,SA-000030,2026-09-07T00:00:00,Invoiced,Confirmed,000033
PO26-000707,SA-000046,2026-07-27T00:00:00,Invoiced,Confirmed,000032
PO26-000708,SA-000032,2026-09-15T00:00:00,Invoiced,Confirmed,000009
PO26-000709,SA-000002,2026-08-31T00:00:00,Invoiced,Confirmed,000030
PO26-000710,SA-000046,2026-07-06T00:00:00,Invoiced,Confirmed,000010
PO26-000711,SA-000037,2026-09-15T00:00:00,Invoiced,Confirmed,000001
PO26-000712,SA-000046,2026-09-10T00:00:00,Invoiced,Confirmed,000033
PO26-000713,SA-000018,2026-08-18T00:00:00,Invoiced,Confirmed,000014
PO26-000714,SA-000034,2026-08-19T00:00:00,Invoiced,Confirmed,000002
PO26-000715,SA-000046,2026-07-12T00:00:00,Invoiced,Confirmed,000032
PO26-000716,SA-000002,2026-08-30T00:00:00,Invoiced,Confirmed,000037
PO26-000717,SA-000025,2026-08-30T00:00:00,Invoiced,Confirmed,000014
PO26-000718,SA-000022,2026-07-15T00:00:00,Invoiced,Confirmed,000018
PO26-000719,SA-000046,2026-07-30T00:00:00,Invoiced,Confirmed,000010
PO26-000720,SA-000014,2026-07-20T00:00:00,Invoiced,Confirmed,000016
PO26-000721,SA-000023,2026-08-02T00:00:00,Invoiced,Confirmed,000001
PO26-000722,SA-000046,2026-09-22T00:00:00,Invoiced,Confirmed,000002
PO26-000723,SA-000042,2026-07-20T00:00:00,Invoiced,Confirmed,000009
PO26-000724,SA-000022,2026-09-22T00:00:00,Invoiced,Confirmed,000038
PO26-000725,SA-000022,2026-09-10T00:00:00,Invoiced,Confirmed,000037
PO26-000726,SA-000017,2026-07-22T00:00:00,Invoiced,Confirmed,000001
PO26-000727,SA-000016,2026-07-26T00:00:00,Invoiced,Confirmed,000031
PO26-000728,SA-000003,2026-07-16T00:00:00,Invoiced,Confirmed,000030
PO26-000729,SA-000044,2026-07-16T00:00:00,Invoiced,Confirmed,000002
PO26-000730,SA-000030,2026-08-10T00:00:00,Invoiced,Confirmed,000038
PO26-000731,SA-000039,2026-09-06T00:00:00,Invoiced,Confirmed,000010
PO26-000732,SA-000013,2026-09-15T00:00:00,Invoiced,Confirmed,000017
PO26-000733,SA-000011,2026-08-06T00:00:00,Invoiced,Confirmed,000010
PO26-000734,SA-000016,2026-09-15T00:00:00,Invoiced,Confirmed,000031
PO26-000735,SA-000046,2026-08-30T00:00:00,Invoiced,Confirmed,000025
PO26-000736,SA-000046,2026-08-09T00:00:00,Invoiced,Confirmed,000004
PO26-000737,SA-000032,2026-09-03T00:00:00,Invoiced,Confirmed,000029
PO26-000738,SA-000004,2026-07-12T00:00:00,Invoiced,Confirmed,000031
PO26-000739,SA-000013,2026-07-13T00:00:00,Invoiced,Confirmed,000010
PO26-000740,SA-000042,2026-07-26T00:00:00,Invoiced,Confirmed,000003
PO26-000741,SA-000046,2026-07-14T00:00:00,Invoiced,Confirmed,000025
PO26-000742,SA-000046,2026-07-27T00:00:00,Invoiced,Confirmed,000032
PO26-000743,SA-000013,2026-09-21T00:00:00,Invoiced,Confirmed,000005
PO26-000744,SA-000040,2026-07-13T00:00:00,Invoiced,Confirmed,000003
PO26-000745,SA-000046,2026-09-02T00:00:00,Invoiced,Confirmed,000014
PO26-000746,SA-000038,2026-09-13T00:00:00,Invoiced,Confirmed,000004
PO26-000747,SA-000031,2026-07-05T00:00:00,Invoiced,Confirmed,000004
PO26-000748,SA-000041,2026-08-19T00:00:00,Invoiced,Confirmed,000009
PO26-000749,SA-000046,2026-08-18T00:00:00,Invoiced,Confirmed,000012
PO26-000750,SA-000021,2026-07-05T00:00:00,Invoiced,Confirmed,000031
PO26-000751,SA-000029,2026-08-09T00:00:00,Invoiced,Confirmed,000009
PO26-000752,SA-000046,2026-09-01T00:00:00,Invoiced,Confirmed,000002
PO26-000753,SA-000046,2026-09-28T00:00:00,Invoiced,Confirmed,000026
PO26-000754,SA-000008,2026-08-11T00:00:00,Invoiced,Confirmed,000027
PO26-000755,SA-000029,2026-07-02T00:00:00,Invoiced,Confirmed,000011
PO26-000756,SA-000015,2026-09-07T00:00:00,Invoiced,Confirmed,000038
PO26-000757,SA-000046,2026-09-29T00:00:00,Invoiced,Confirmed,000037
PO26-000758,SA-000021,2026-09-20T00:00:00,Invoiced,Confirmed,000018
PO26-000759,SA-000039,2026-09-17T00:00:00,Invoiced,Confirmed,000037
PO26-000760,SA-000016,2026-07-06T00:00:00,Invoiced,Confirmed,000003
PO26-000761,SA-000038,2026-08-12T00:00:00,Invoiced,Confirmed,000026
PO26-000762,SA-000046,2026-09-14T00:00:00,Invoiced,Confirmed,000005
PO26-000763,SA-000001,2026-09-10T00:00:00,Invoiced,Confirmed,000012
PO26-000764,SA-000027,2026-07-09T00:00:00,Invoiced,Confirmed,000012
PO26-000765,SA-000036,2026-07-21T00:00:00,Invoiced,Confirmed,000025
PO26-000766,SA-000038,2026-08-04T00:00:00,Invoiced,Confirmed,000017
PO26-000767,SA-000046,2026-09-24T00:00:00,Invoiced,Confirmed,000025
PO26-000768,SA-000036,2026-07-27T00:00:00,Invoiced,Confirmed,000012
PO26-000769,SA-000027,2026-09-15T00:00:00,Invoiced,Confirmed,000002
PO26-000770,SA-000029,2026-08-25T00:00:00,Invoiced,Confirmed,000014
PO26-000771,SA-000046,2026-07-16T00:00:00,Invoiced,Confirmed,000026
PO26-000772,SA-000046,2026-08-03T00:00:00,Invoiced,Confirmed,000018
PO26-000773,SA-000042,2026-07-16T00:00:00,Invoiced,Confirmed,000018
PO26-000774,SA-000044,2026-09-03T00:00:00,Invoiced,Confirmed,000011
PO26-000775,SA-000035,2026-07-26T00:00:00,Invoiced,Confirmed,000027
PO26-000776,SA-000015,2026-09-03T00:00:00,Invoiced,Confirmed,000010
PO26-000777,SA-000046,2026-08-17T00:00:00,Invoiced,Confirmed,000010
PO26-000778,SA-000046,2026-09-22T00:00:00,Invoiced,Confirmed,000012
PO26-000779,SA-000035,2026-07-06T00:00:00,Invoiced,Confirmed,000009
PO26-000780,SA-000046,2026-08-17T00:00:00,Invoiced,Confirmed,000035
PO26-000781,SA-000007,2026-07-02T00:00:00,Invoiced,Confirmed,000017
PO26-000782,SA-000001,2026-08-27T00:00:00,Invoiced,Confirmed,000029
PO26-000783,SA-000046,2026-09-02T00:00:00,Invoiced,Confirmed,000030
PO26-000784,SA-000034,2026-07-16T00:00:00,Invoiced,Confirmed,000025
PO26-000785,SA-000033,2026-07-22T00:00:00,Invoiced,Confirmed,000025
PO26-000786,SA-000041,2026-09-03T00:00:00,Invoiced,Confirmed,000002
PO26-000787,SA-000045,2026-09-21T00:00:00,Invoiced,Confirmed,000038
PO26-000788,SA-000023,2026-07-09T00:00:00,Invoiced,Confirmed,000014
PO26-000789,SA-000012,2026-08-09T00:00:00,Invoiced,Confirmed,000037
PO26-000790,SA-000036,2026-08-05T00:00:00,Invoiced,Confirmed,000032
PO26-000791,SA-000001,2026-09-06T00:00:00,Invoiced,Confirmed,000007
PO26-000792,SA-000036,2026-08-03T00:00:00,Invoiced,Confirmed,000027
PO26-000793,SA-000005,2026-08-30T00:00:00,Invoiced,Confirmed,000002
PO26-000794,SA-000046,2026-09-23T00:00:00,Invoiced,Confirmed,000016
PO26-000795,SA-000007,2026-08-04T00:00:00,Invoiced,Confirmed,000007
PO26-000796,SA-000021,2026-08-17T00:00:00,Invoiced,Confirmed,000010
PO26-000797,SA-000011,2026-08-23T00:00:00,Invoiced,Confirmed,000010
PO26-000798,SA-000039,2026-08-02T00:00:00,Invoiced,Confirmed,000026
PO26-000799,SA-000031,2026-09-21T00:00:00,Invoiced,Confirmed,000038
PO26-000800,SA-000031,2026-08-20T00:00:00,Invoiced,Confirmed,000004
PO26-000801,SA-000020,2026-08-18T00:00:00,Invoiced,Confirmed,000016
PO26-000802,SA-000016,2026-07-26T00:00:00,Invoiced,Confirmed,000014
PO26-000803,SA-000016,2026-08-30T00:00:00,Invoiced,Confirmed,000018
PO26-000804,SA-000025,2026-08-25T00:00:00,Invoiced,Confirmed,000032
PO26-000805,SA-000022,2026-08-19T00:00:00,Invoiced,Confirmed,000014
PO26-000806,SA-000020,2026-09-27T00:00:00,Invoiced,Confirmed,000025
PO26-000807,SA-000036,2026-09-16T00:00:00,Invoiced,Confirmed,000010
PO26-000808,SA-000046,2026-08-06T00:00:00,Invoiced,Confirmed,000011
PO26-000809,SA-000044,2026-07-15T00:00:00,Invoiced,Confirmed,000031
PO26-000810,SA-000021,2026-09-14T00:00:00,Invoiced,Confirmed,000011
PO26-000811,SA-000022,2026-08-09T00:00:00,Invoiced,Confirmed,000005
PO26-000812,SA-000024,2026-08-10T00:00:00,Invoiced,Confirmed,000010
PO26-000813,SA-000015,2026-07-08T00:00:00,Invoiced,Confirmed,000027
PO26-000814,SA-000039,2026-07-20T00:00:00,Invoiced,Confirmed,000010
PO26-000815,SA-000046,2026-08-18T00:00:00,Invoiced,Confirmed,000016
PO26-000816,SA-000025,2026-08-02T00:00:00,Invoiced,Confirmed,000011
PO26-000817,SA-000031,2026-07-20T00:00:00,Invoiced,Confirmed,000005
PO26-000818,SA-000032,2026-08-13T00:00:00,Invoiced,Confirmed,000004
PO26-000819,SA-000014,2026-08-23T00:00:00,Invoiced,Confirmed,000030
PO26-000820,SA-000008,2026-07-28T00:00:00,Invoiced,Confirmed,000010
PO26-000821,SA-000032,2026-09-08T00:00:00,Invoiced,Confirmed,000012
PO26-000822,SA-000046,2026-09-02T00:00:00,Invoiced,Confirmed,000011
PO26-000823,SA-000004,2026-08-27T00:00:00,Invoiced,Confirmed,000031
PO26-000824,SA-000013,2026-07-02T00:00:00,Invoiced,Confirmed,000007
PO26-000825,SA-000025,2026-08-16T00:00:00,Invoiced,Confirmed,000018
PO26-000826,SA-000008,2026-08-09T00:00:00,Invoiced,Confirmed,000014
PO26-000827,SA-000036,2026-07-30T00:00:00,Invoiced,Confirmed,000037
PO26-000828,SA-000008,2026-09-20T00:00:00,Invoiced,Confirmed,000012
PO26-000829,SA-000038,2026-09-21T00:00:00,Invoiced,Confirmed,000018
PO26-000830,SA-000041,2026-09-27T00:00:00,Invoiced,Confirmed,000010
PO26-000831,SA-000046,2026-07-26T00:00:00,Invoiced,Confirmed,000037
PO26-000832,SA-000046,2026-08-09T00:00:00,Invoiced,Confirmed,000031
PO26-000833,SA-000008,2026-09-28T00:00:00,Invoiced,Confirmed,000010
PO26-000834,SA-000033,2026-09-07T00:00:00,Invoiced,Confirmed,000033
PO26-000835,SA-000030,2026-07-27T00:00:00,Invoiced,Confirmed,000003
PO26-000836,SA-000004,2026-07-09T00:00:00,Invoiced,Confirmed,000001
PO26-000837,SA-000018,2026-08-26T00:00:00,Invoiced,Confirmed,000029
PO26-000838,SA-000043,2026-09-14T00:00:00,Invoiced,Confirmed,000016
PO26-000839,SA-000014,2026-09-30T00:00:00,Invoiced,Confirmed,000016
PO26-000840,SA-000020,2026-07-08T00:00:00,Invoiced,Confirmed,000025
PO26-000841,SA-000027,2026-07-12T00:00:00,Invoiced,Confirmed,000004
PO26-000842,SA-000001,2026-09-27T00:00:00,Invoiced,Confirmed,000005
PO26-000843,SA-000006,2026-09-13T00:00:00,Invoiced,Confirmed,000017
PO26-000844,SA-000029,2026-08-17T00:00:00,Invoiced,Confirmed,000003
PO26-000845,SA-000038,2026-07-19T00:00:00,Invoiced,Confirmed,000004
PO26-000846,SA-000011,2026-07-13T00:00:00,Invoiced,Confirmed,000025
PO26-000847,SA-000011,2026-07-01T00:00:00,Invoiced,Confirmed,000026
PO26-000848,SA-000037,2026-07-02T00:00:00,Invoiced,Confirmed,000007
PO26-000849,SA-000046,2026-08-02T00:00:00,Invoiced,Confirmed,000028
PO26-000850,SA-000001,2026-09-17T00:00:00,Invoiced,Confirmed,000037
PO26-000851,SA-000035,2026-07-28T00:00:00,Invoiced,Confirmed,000029
PO26-000852,SA-000031,2026-08-27T00:00:00,Invoiced,Confirmed,000028
PO26-000853,SA-000031,2026-07-30T00:00:00,Invoiced,Confirmed,000033
PO26-000854,SA-000046,2026-08-06T00:00:00,Invoiced,Confirmed,000030
PO26-000855,SA-000031,2026-08-09T00:00:00,Invoiced,Confirmed,000037
PO26-000856,SA-000021,2026-09-22T00:00:00,Invoiced,Confirmed,000028
PO26-000857,SA-000013,2026-09-27T00:00:00,Invoiced,Confirmed,000029
PO26-000858,SA-000043,2026-09-02T00:00:00,Invoiced,Confirmed,000027
PO26-000859,SA-000001,2026-08-20T00:00:00,Invoiced,Confirmed,000017
PO26-000860,SA-000016,2026-08-03T00:00:00,Invoiced,Confirmed,000016
PO26-000861,SA-000008,2026-08-12T00:00:00,Invoiced,Confirmed,000001
PO26-000862,SA-000013,2026-09-24T00:00:00,Invoiced,Confirmed,000025
PO26-000863,SA-000032,2026-07-16T00:00:00,Invoiced,Confirmed,000004
PO26-000864,SA-000041,2026-09-14T00:00:00,Invoiced,Confirmed,000038
PO26-000865,SA-000003,2026-07-21T00:00:00,Invoiced,Confirmed,000016
PO26-000866,SA-000039,2026-07-06T00:00:00,Invoiced,Confirmed,000014
PO26-000867,SA-000043,2026-09-16T00:00:00,Invoiced,Confirmed,000011
PO26-000868,SA-000021,2026-08-17T00:00:00,Invoiced,Confirmed,000012
PO26-000869,SA-000035,2026-08-13T00:00:00,Invoiced,Confirmed,000035
PO26-000870,SA-000046,2026-07-14T00:00:00,Invoiced,Confirmed,000017
PO26-000871,SA-000020,2026-09-13T00:00:00,Invoiced,Confirmed,000030
PO26-000872,SA-000045,2026-07-30T00:00:00,Invoiced,Confirmed,000028
PO26-000873,SA-000006,2026-08-24T00:00:00,Invoiced,Confirmed,000002
PO26-000874,SA-000022,2026-09-16T00:00:00,Invoiced,Confirmed,000031
PO26-000875,SA-000023,2026-09-14T00:00:00,Invoiced,Confirmed,000016
PO26-000876,SA-000009,2026-09-14T00:00:00,Invoiced,Confirmed,000003
PO26-000877,SA-000045,2026-09-15T00:00:00,Invoiced,Confirmed,000018
PO26-000878,SA-000001,2026-08-19T00:00:00,Invoiced,Confirmed,000005
PO26-000879,SA-000046,2026-09-29T00:00:00,Invoiced,Confirmed,000017
PO26-000880,SA-000006,2026-09-08T00:00:00,Invoiced,Confirmed,000003
PO26-000881,SA-000033,2026-09-08T00:00:00,Invoiced,Confirmed,000025
PO26-000882,SA-000034,2026-09-09T00:00:00,Invoiced,Confirmed,000009
PO26-000883,SA-000037,2026-08-04T00:00:00,Invoiced,Confirmed,000033
PO26-000884,SA-000013,2026-09-24T00:00:00,Invoiced,Confirmed,000012
PO26-000885,SA-000015,2026-09-03T00:00:00,Invoiced,Confirmed,000001
PO26-000886,SA-000008,2026-09-13T00:00:00,Invoiced,Confirmed,000001
PO26-000887,SA-000028,2026-07-29T00:00:00,Invoiced,Confirmed,000029
PO26-000888,SA-000016,2026-07-30T00:00:00,Invoiced,Confirmed,000028
PO26-000889,SA-000012,2026-09-06T00:00:00,Invoiced,Confirmed,000030
PO26-000890,SA-000001,2026-08-24T00:00:00,Invoiced,Confirmed,000011
PO26-000891,SA-000025,2026-09-16T00:00:00,Invoiced,Confirmed,000009
PO26-000892,SA-000044,2026-07-30T00:00:00,Invoiced,Confirmed,000009
PO26-000893,SA-000029,2026-07-19T00:00:00,Invoiced,Confirmed,000005
PO26-000894,SA-000007,2026-07-27T00:00:00,Invoiced,Confirmed,000011
PO26-000895,SA-000027,2026-08-27T00:00:00,Invoiced,Confirmed,000001
PO26-000896,SA-000033,2026-08-04T00:00:00,Invoiced,Confirmed,000018
PO26-000897,SA-000032,2026-09-15T00:00:00,Invoiced,Confirmed,000033
PO26-000898,SA-000037,2026-07-26T00:00:00,Invoiced,Confirmed,000028
PO26-000899,SA-000013,2026-09-30T00:00:00,Invoiced,Confirmed,000025
PO26-000900,SA-000045,2026-07-20T00:00:00,Invoiced,Confirmed,000002
PO26-000901,SA-000002,2026-08-20T00:00:00,Invoiced,Confirmed,000018
PO26-000902,SA-000046,2026-07-02T00:00:00,Invoiced,Confirmed,000031
PO26-000903,SA-000046,2026-07-08T00:00:00,Invoiced,Confirmed,000033
PO26-000904,SA-000009,2026-07-16T00:00:00,Invoiced,Confirmed,000018
PO26-000905,SA-000002,2026-09-23T00:00:00,Invoiced,Confirmed,000004
PO26-000906,SA-000018,2026-08-05T00:00:00,Invoiced,Confirmed,000030
PO26-000907,SA-000044,2026-07-20T00:00:00,Invoiced,Confirmed,000018
PO26-000908,SA-000028,2026-08-23T00:00:00,Invoiced,Confirmed,000001
PO26-000909,SA-000002,2026-07-14T00:00:00,Invoiced,Confirmed,000017
PO26-000910,SA-000008,2026-08-30T00:00:00,Invoiced,Confirmed,000009
PO26-000911,SA-000046,2026-07-07T00:00:00,Invoiced,Confirmed,000031
PO26-000912,SA-000029,2026-09-15T00:00:00,Invoiced,Confirmed,000033
PO26-000913,SA-000046,2026-08-20T00:00:00,Invoiced,Confirmed,000012
PO26-000914,SA-000038,2026-09-30T00:00:00,Invoiced,Confirmed,000025
PO26-000915,SA-000008,2026-08-19T00:00:00,Invoiced,Confirmed,000033
PO26-000916,SA-000016,2026-09-20T00:00:00,Invoiced,Confirmed,000014
PO26-000917,SA-000038,2026-07-05T00:00:00,Invoiced,Confirmed,000009
PO26-000918,SA-000018,2026-08-04T00:00:00,Invoiced,Confirmed,000010
PO26-000919,SA-000025,2026-07-16T00:00:00,Invoiced,Confirmed,000007
PO26-000920,SA-000010,2026-09-08T00:00:00,Invoiced,Confirmed,000012
PO26-000921,SA-000003,2026-08-03T00:00:00,Invoiced,Confirmed,000007
PO26-000922,SA-000038,2026-09-06T00:00:00,Invoiced,Confirmed,000030
PO26-000923,SA-000003,2026-07-09T00:00:00,Invoiced,Confirmed,000028
PO26-000924,SA-000046,2026-07-27T00:00:00,Invoiced,Confirmed,000009
PO26-000925,SA-000008,2026-07-16T00:00:00,Invoiced,Confirmed,000016
PO26-000926,SA-000026,2026-09-27T00:00:00,Invoiced,Confirmed,000014
PO26-000927,SA-000023,2026-08-20T00:00:00,Invoiced,Confirmed,000007
PO26-000928,SA-000032,2026-07-05T00:00:00,Invoiced,Confirmed,000011
PO26-000929,SA-000045,2026-09-14T00:00:00,Invoiced,Confirmed,000005
PO26-000930,SA-000011,2026-09-10T00:00:00,Invoiced,Confirmed,000027
PO26-000931,SA-000027,2026-08-03T00:00:00,Invoiced,Confirmed,000025
PO26-000932,SA-000022,2026-07-12T00:00:00,Invoiced,Confirmed,000026
PO26-000933,SA-000020,2026-07-06T00:00:00,Invoiced,Confirmed,000028
PO26-000934,SA-000013,2026-08-10T00:00:00,Invoiced,Confirmed,000037
PO26-000935,SA-000026,2026-09-06T00:00:00,Invoiced,Confirmed,000031
PO26-000936,SA-000030,2026-07-13T00:00:00,Invoiced,Confirmed,000037
PO26-000937,SA-000031,2026-09-21T00:00:00,Invoiced,Confirmed,000014
PO26-000938,SA-000005,2026-08-27T00:00:00,Invoiced,Confirmed,000012
PO26-000939,SA-000024,2026-09-24T00:00:00,Invoiced,Confirmed,000016
PO26-000940,SA-000039,2026-07-07T00:00:00,Invoiced,Confirmed,000004
PO26-000941,SA-000016,2026-07-19T00:00:00,Invoiced,Confirmed,000007
PO26-000942,SA-000046,2026-07-30T00:00:00,Invoiced,Confirmed,000010
PO26-000943,SA-000012,2026-09-22T00:00:00,Invoiced,Confirmed,000004
PO26-000944,SA-000023,2026-08-05T00:00:00,Invoiced,Confirmed,000007
PO26-000945,SA-000011,2026-07-23T00:00:00,Invoiced,Confirmed,000014
PO26-000946,SA-000004,2026-09-20T00:00:00,Invoiced,Confirmed,000033
PO26-000947,SA-000044,2026-07-20T00:00:00,Invoiced,Confirmed,000029
PO26-000948,SA-000008,2026-07-15T00:00:00,Invoiced,Confirmed,000029
PO26-000949,SA-000046,2026-07-01T00:00:00,Invoiced,Confirmed,000009
PO26-000950,SA-000019,2026-07-28T00:00:00,Invoiced,Confirmed,000003
PO26-000951,SA-000034,2026-07-22T00:00:00,Invoiced,Confirmed,000007
PO26-000952,SA-000006,2026-09-14T00:00:00,Invoiced,Confirmed,000033
PO26-000953,SA-000046,2026-08-19T00:00:00,Invoiced,Confirmed,000025
PO26-000954,SA-000046,2026-07-09T00:00:00,Invoiced,Confirmed,000001
PO26-000955,SA-000034,2026-08-17T00:00:00,Invoiced,Confirmed,000018
PO26-000956,SA-000008,2026-09-30T00:00:00,Invoiced,Confirmed,000002
PO26-000957,SA-000046,2026-07-21T00:00:00,Invoiced,Confirmed,000035
PO26-000958,SA-000019,2026-07-06T00:00:00,Invoiced,Confirmed,000027
PO26-000959,SA-000019,2026-07-13T00:00:00,Invoiced,Confirmed,000035
PO26-000960,SA-000046,2026-07-30T00:00:00,Invoiced,Confirmed,000004
PO26-000961,SA-000008,2026-08-10T00:00:00,Invoiced,Confirmed,000005
PO26-000962,SA-000046,2026-09-30T00:00:00,Invoiced,Confirmed,000027
PO26-000963,SA-000005,2026-09-16T00:00:00,Invoiced,Confirmed,000002
PO26-000964,SA-000020,2026-09-22T00:00:00,Invoiced,Confirmed,000009
PO26-000965,SA-000011,2026-08-10T00:00:00,Invoiced,Confirmed,000025
PO26-000966,SA-000021,2026-07-30T00:00:00,Invoiced,Confirmed,000004
PO26-000967,SA-000018,2026-09-01T00:00:00,Invoiced,Confirmed,000002
PO26-000968,SA-000033,2026-09-13T00:00:00,Invoiced,Confirmed,000030
PO26-000969,SA-000046,2026-09-07T00:00:00,Invoiced,Confirmed,000003
PO26-000970,SA-000041,2026-07-08T00:00:00,Invoiced,Confirmed,000009
PO26-000971,SA-000001,2026-09-21T00:00:00,Invoiced,Confirmed,000001
PO26-000972,SA-000008,2026-09-14T00:00:00,Invoiced,Confirmed,000005
PO26-000973,SA-000046,2026-07-20T00:00:00,Invoiced,Confirmed,000033
PO26-000974,SA-000010,2026-07-23T00:00:00,Invoiced,Confirmed,000001
PO26-000975,SA-000038,2026-09-01T00:00:00,Invoiced,Confirmed,000035
PO26-000976,SA-000017,2026-08-04T00:00:00,Invoiced,Confirmed,000017
PO26-000977,SA-000021,2026-08-31T00:00:00,Invoiced,Confirmed,000029
PO26-000978,SA-000032,2026-08-11T00:00:00,Invoiced,Confirmed,000032
PO26-000979,SA-000045,2026-09-08T00:00:00,Invoiced,Confirmed,000011
PO26-000980,SA-000013,2026-08-06T00:00:00,Invoiced,Confirmed,000032
PO26-000981,SA-000018,2026-08-25T00:00:00,Invoiced,Confirmed,000035
PO26-000982,SA-000018,2026-07-19T00:00:00,Invoiced,Confirmed,000032
PO26-000983,SA-000042,2026-09-14T00:00:00,Invoiced,Confirmed,000033
PO26-000984,SA-000034,2026-07-27T00:00:00,Invoiced,Confirmed,000028
PO26-000985,SA-000001,2026-09-02T00:00:00,Invoiced,Confirmed,000004
PO26-000986,SA-000017,2026-07-20T00:00:00,Invoiced,Confirmed,000002
PO26-000987,SA-000046,2026-09-30T00:00:00,Invoiced,Confirmed,000025
PO26-000988,SA-000017,2026-08-23T00:00:00,Invoiced,Confirmed,000029
PO26-000989,SA-000046,2026-07-27T00:00:00,Invoiced,Confirmed,000004
PO26-000990,SA-000018,2026-07-02T00:00:00,Invoiced,Confirmed,000028
PO26-000991,SA-000021,2026-07-15T00:00:00,Invoiced,Confirmed,000032
PO26-000992,SA-000007,2026-07-15T00:00:00,Invoiced,Confirmed,000026
PO26-000993,SA-000041,2026-09-02T00:00:00,Invoiced,Confirmed,000011
PO26-000994,SA-000002,2026-09-07T00:00:00,Invoiced,Confirmed,000028
PO26-000995,SA-000018,2026-08-27T00:00:00,Invoiced,Confirmed,000032
PO26-000996,SA-000018,2026-08-31T00:00:00,Invoiced,Confirmed,000002
PO26-000997,SA-000046,2026-07-13T00:00:00,Invoiced,Confirmed,000026
PO26-000998,SA-000033,2026-09-02T00:00:00,Invoiced,Confirmed,000025
PO26-000999,SA-000038,2026-09-23T00:00:00,Invoiced,Confirmed,000014
PO26-001000,SA-000021,2026-09-16T00:00:00,Invoiced,Confirmed,000026
PO26-001001,SA-000045,2026-09-06T00:00:00,Invoiced,Confirmed,000018
PO26-001002,SA-000045,2026-07-07T00:00:00,Invoiced,Confirmed,000038
PO26-001003,SA-000004,2026-08-17T00:00:00,Invoiced,Confirmed,000038
PO26-001004,SA-000046,2026-09-14T00:00:00,Invoiced,Confirmed,000012
PO26-001005,SA-000013,2026-09-27T00:00:00,Invoiced,Confirmed,000014
PO26-001006,SA-000012,2026-09-09T00:00:00,Invoiced,Confirmed,000033
PO26-001007,SA-000002,2026-09-06T00:00:00,Invoiced,Confirmed,000033
PO26-001008,SA-000004,2026-07-26T00:00:00,Invoiced,Confirmed,000014
PO26-001009,SA-000046,2026-08-18T00:00:00,Invoiced,Confirmed,000009
PO26-001010,SA-000046,2026-08-23T00:00:00,Invoiced,Confirmed,000004
PO26-001011,SA-000021,2026-08-11T00:00:00,Invoiced,Confirmed,000027
PO26-001012,SA-000022,2026-09-03T00:00:00,Invoiced,Confirmed,000004
PO26-001013,SA-000014,2026-08-06T00:00:00,Invoiced,Confirmed,000028
PO26-001014,SA-000030,2026-07-13T00:00:00,Invoiced,Confirmed,000007
PO26-001015,SA-000006,2026-08-05T00:00:00,Invoiced,Confirmed,000026
PO26-001016,SA-000021,2026-07-22T00:00:00,Invoiced,Confirmed,000001
PO26-001017,SA-000043,2026-08-24T00:00:00,Invoiced,Confirmed,000005
PO26-001018,SA-000022,2026-08-11T00:00:00,Invoiced,Confirmed,000025
PO26-001019,SA-000046,2026-08-17T00:00:00,Invoiced,Confirmed,000033
PO26-001020,SA-000024,2026-07-21T00:00:00,Invoiced,Confirmed,000011
PO26-001021,SA-000046,2026-08-23T00:00:00,Invoiced,Confirmed,000025
PO26-001022,SA-000041,2026-08-11T00:00:00,Invoiced,Confirmed,000037
PO26-001023,SA-000032,2026-07-16T00:00:00,Invoiced,Confirmed,000027
PO26-001024,SA-000046,2026-07-22T00:00:00,Invoiced,Confirmed,000011
PO26-001025,SA-000018,2026-08-04T00:00:00,Invoiced,Confirmed,000017
PO26-001026,SA-000038,2026-08-25T00:00:00,Invoiced,Confirmed,000007
PO26-001027,SA-000046,2026-08-18T00:00:00,Invoiced,Confirmed,000037
PO26-001028,SA-000013,2026-09-29T00:00:00,Invoiced,Confirmed,000027
PO26-001029,SA-000025,2026-09-02T00:00:00,Invoiced,Confirmed,000003
PO26-001030,SA-000006,2026-07-22T00:00:00,Invoiced,Confirmed,000002
PO26-001031,SA-000040,2026-09-06T00:00:00,Invoiced,Confirmed,000025
PO26-001032,SA-000001,2026-07-21T00:00:00,Invoiced,Confirmed,000003
PO26-001033,SA-000028,2026-09-29T00:00:00,Invoiced,Confirmed,000009
PO26-001034,SA-000044,2026-08-12T00:00:00,Invoiced,Confirmed,000007
PO26-001035,SA-000025,2026-09-28T00:00:00,Invoiced,Confirmed,000025
PO26-001036,SA-000017,2026-08-24T00:00:00,Invoiced,Confirmed,000002
PO26-001037,SA-000008,2026-07-13T00:00:00,Invoiced,Confirmed,000005
PO26-001038,SA-000004,2026-07-06T00:00:00,Invoiced,Confirmed,000028
PO26-001039,SA-000040,2026-07-05T00:00:00,Invoiced,Confirmed,000009
PO26-001040,SA-000025,2026-08-13T00:00:00,Invoiced,Confirmed,000033
PO26-001041,SA-000006,2026-07-30T00:00:00,Invoiced,Confirmed,000035
PO26-001042,SA-000042,2026-07-09T00:00:00,Invoiced,Confirmed,000016
PO26-001043,SA-000025,2026-08-18T00:00:00,Invoiced,Confirmed,000028
PO26-001044,SA-000011,2026-08-18T00:00:00,Invoiced,Confirmed,000005
PO26-001045,SA-000022,2026-08-10T00:00:00,Invoiced,Confirmed,000012
PO26-001046,SA-000015,2026-07-16T00:00:00,Invoiced,Confirmed,000007
PO26-001047,SA-000046,2026-09-21T00:00:00,Invoiced,Confirmed,000004
PO26-001048,SA-000014,2026-09-16T00:00:00,Invoiced,Confirmed,000029
PO26-001049,SA-000043,2026-07-12T00:00:00,Invoiced,Confirmed,000004
PO26-001050,SA-000039,2026-08-13T00:00:00,Invoiced,Confirmed,000025
PO26-001051,SA-000046,2026-07-15T00:00:00,Invoiced,Confirmed,000001
PO26-001052,SA-000046,2026-08-23T00:00:00,Invoiced,Confirmed,000038
PO26-001053,SA-000030,2026-09-07T00:00:00,Invoiced,Confirmed,000012
PO26-001054,SA-000020,2026-07-29T00:00:00,Invoiced,Confirmed,000001
PO26-001055,SA-000018,2026-09-24T00:00:00,Invoiced,Confirmed,000012
PO26-001056,SA-000046,2026-07-28T00:00:00,Invoiced,Confirmed,000010
PO26-001057,SA-000040,2026-08-18T00:00:00,Invoiced,Confirmed,000003
PO26-001058,SA-000033,2026-08-25T00:00:00,Invoiced,Confirmed,000038
PO26-001059,SA-000021,2026-08-24T00:00:00,Invoiced,Confirmed,000038
PO26-001060,SA-000010,2026-09-24T00:00:00,Invoiced,Confirmed,000004
PO26-001061,SA-000006,2026-08-13T00:00:00,Invoiced,Confirmed,000012
PO26-001062,SA-000032,2026-08-31T00:00:00,Invoiced,Confirmed,000027
PO26-001063,SA-000046,2026-09-09T00:00:00,Invoiced,Confirmed,000010
PO26-001064,SA-000019,2026-07-22T00:00:00,Invoiced,Confirmed,000032
PO26-001065,SA-000023,2026-08-20T00:00:00,Invoiced,Confirmed,000025
PO26-001066,SA-000022,2026-08-05T00:00:00,Invoiced,Confirmed,000007
PO26-001067,SA-000004,2026-07-22T00:00:00,Invoiced,Confirmed,000038
PO26-001068,SA-000027,2026-09-15T00:00:00,Invoiced,Confirmed,000001
PO26-001069,SA-000021,2026-07-09T00:00:00,Invoiced,Confirmed,000004
PO26-001070,SA-000008,2026-09-15T00:00:00,Invoiced,Confirmed,000011
PO26-001071,SA-000043,2026-09-13T00:00:00,Invoiced,Confirmed,000002
PO26-001072,SA-000040,2026-09-08T00:00:00,Invoiced,Confirmed,000002
PO26-001073,SA-000046,2026-09-15T00:00:00,Invoiced,Confirmed,000003
PO26-001074,SA-000006,2026-08-27T00:00:00,Invoiced,Confirmed,000032
PO26-001075,SA-000038,2026-07-05T00:00:00,Invoiced,Confirmed,000025
PO26-001076,SA-000005,2026-09-24T00:00:00,Invoiced,Confirmed,000010
PO26-001077,SA-000024,2026-07-15T00:00:00,Invoiced,Confirmed,000002
PO26-001078,SA-000006,2026-07-21T00:00:00,Invoiced,Confirmed,000001
PO26-001079,SA-000033,2026-09-01T00:00:00,Invoiced,Confirmed,000010
PO26-001080,SA-000043,2026-07-02T00:00:00,Invoiced,Confirmed,000005
PO26-001081,SA-000046,2026-08-23T00:00:00,Invoiced,Confirmed,000038
PO26-001082,SA-000026,2026-07-22T00:00:00,Invoiced,Confirmed,000029
PO26-001083,SA-000046,2026-09-21T00:00:00,Invoiced,Confirmed,000002
PO26-001084,SA-000042,2026-08-03T00:00:00,Invoiced,Confirmed,000009
PO26-001085,SA-000039,2026-08-13T00:00:00,Invoiced,Confirmed,000003
PO26-001086,SA-000033,2026-09-16T00:00:00,Invoiced,Confirmed,000012
PO26-001087,SA-000038,2026-08-10T00:00:00,Invoiced,Confirmed,000005
PO26-001088,SA-000015,2026-07-26T00:00:00,Invoiced,Confirmed,000032
PO26-001089,SA-000046,2026-09-27T00:00:00,Invoiced,Confirmed,000016
PO26-001090,SA-000024,2026-08-20T00:00:00,Invoiced,Confirmed,000004
PO26-001091,SA-000018,2026-08-05T00:00:00,Invoiced,Confirmed,000033
PO26-001092,SA-000025,2026-07-14T00:00:00,Invoiced,Confirmed,000011
PO26-001093,SA-000020,2026-08-12T00:00:00,Invoiced,Confirmed,000038
PO26-001094,SA-000046,2026-08-23T00:00:00,Invoiced,Confirmed,000038
PO26-001095,SA-000034,2026-07-16T00:00:00,Invoiced,Confirmed,000033
PO26-001096,SA-000036,2026-09-07T00:00:00,Invoiced,Confirmed,000029
PO26-001097,SA-000036,2026-08-31T00:00:00,Invoiced,Confirmed,000010
PO26-001098,SA-000016,2026-09-20T00:00:00,Invoiced,Confirmed,000026
PO26-001099,SA-000039,2026-09-24T00:00:00,Invoiced,Confirmed,000037
PO26-001100,SA-000028,2026-08-11T00:00:00,Invoiced,Confirmed,000010
PO26-001101,SA-000004,2026-07-22T00:00:00,Invoiced,Confirmed,000017
PO26-001102,SA-000004,2026-07-26T00:00:00,Invoiced,Confirmed,000017
PO26-001103,SA-000004,2026-07-26T00:00:00,Invoiced,Confirmed,000017
PO26-001104,SA-000022,2026-09-16T00:00:00,Invoiced,Confirmed,000025
PO26-001105,SA-000022,2026-09-20T00:00:00,Invoiced,Confirmed,000025
PO26-001106,SA-000022,2026-09-20T00:00:00,Invoiced,Confirmed,000025
PO26-001107,SA-000055,2026-08-03T00:00:00,Invoiced,Confirmed,000017
PO26-001108,SA-000056,2026-08-17T00:00:00,Invoiced,Confirmed,000018
PO26-001109,SA-000042,2026-07-30T00:00:00,Invoiced,Confirmed,000035
PO26-001110,SA-000042,2026-09-13T00:00:00,Invoiced,Confirmed,000035
PO26-001111,SA-000037,2026-09-08T00:00:00,Invoiced,Confirmed,000032
PO26-001112,SA-000039,2026-08-17T00:00:00,Invoiced,Confirmed,000029
PO26-001113,SA-000027,2026-08-04T00:00:00,Invoiced,Confirmed,000010
PO26-001114,SA-000041,2026-07-14T00:00:00,Invoiced,Confirmed,000007
PO26-001115,SA-000048,2026-07-21T00:00:00,Invoiced,Confirmed,000015
PO26-001116,SA-000033,2026-09-10T00:00:00,Invoiced,Confirmed,000023
PO26-001117,SA-000046,2026-08-30T00:00:00,Invoiced,Confirmed,000038
PO26-001118,SA-000036,2026-08-05T00:00:00,Invoiced,Confirmed,000038
PO26-001119,SA-000030,2026-07-20T00:00:00,Invoiced,Confirmed,000004
PO26-001120,SA-000031,2026-07-08T00:00:00,Invoiced,Confirmed,000004
PO26-001121,SA-000031,2026-07-05T00:00:00,Invoiced,Confirmed,000004
PO26-001122,SA-000031,2026-09-06T00:00:00,Invoiced,Confirmed,000007
PO26-001123,SA-000031,2026-09-28T00:00:00,Invoiced,Confirmed,000007
PO26-001124,SA-000031,2026-08-27T00:00:00,Invoiced,Confirmed,000012
PO26-999999,SA-000001,2026-08-02T00:00:00,Canceled,Approved,000001
