PERSONNELNUMBER,IBAN
000001,SA8139986987973091141707
000002,SA4556815188447294055761
000003,SA7168976846978809320819
000004,SA7317784864887663440029
000005,SA5347787680457178472671
000006,SA1362701079819331908452
000007,SA9728379298416229486628
000008,SA1610550087547517799229
000009,SA9579318603208073702838
000010,SA6468616425247764725877
000011,SA4133017568205258983194
000012,SA9494821416210521854914
000013,SA4106460013041189557990
000014,SA3976158464506045414659
000015,SA3801291102859406925666
000016,SA2280886423004876452912
000017,SA4585003703826538453557
000018,SA9432627058602145842108
000019,SA9066882811265844093244
000020,SA2630976582802582201805
000021,SA3829932157116494157718
000022,SA7951117443256885576523
000023,SA5696327926451547428435
000024,SA4497660856517883655062
000025,SA4259967750031450378495
000026,SA8012537392419689821046
000027,SA8375555974754072075473
000028,SA6439061884791889575552
000029,SA4886193073368828347285
000030,SA9832982229004422485272
000031,SA2697804385817625280700
000032,SA4502831663233735286675
000033,SA8971331159212363608244
000034,SA7874572128357699085417
000035,SA8814401901879169797802
000036,SA1612840019815247357363
000037,SA0739273197967807360872
000038,SA5469059828195391827611
000039,SA3304284514203817805780
000040,SA4121430490741828898370
