VENDORACCOUNTNUMBER,BANKACCOUNTID,IBAN,BANKACCOUNTNUMBER
SA-000001,MAIN,SA7130066817922328385642,922328385642
SA-000002,MAIN,SA2983725278120617695851,120617695851
SA-000003,MAIN,SA1634999248005279137298,005279137298
SA-000004,MAIN,SA9842640794260791135716,260791135716
SA-000005,MAIN,SA4796745219803346352136,803346352136
SA-000006,MAIN,SA6398488645732840934269,732840934269
SA-000007,MAIN,SA0940985846388498556830,388498556830
SA-000008,MAIN,SA3896501332796726835081,796726835081
SA-000009,MAIN,SA7958163540115276113875,115276113875
SA-000010,MAIN,SA3277186210761770775106,761770775106
SA-000011,MAIN,SA8836152029944613516199,944613516199
SA-000012,MAIN,SA4398286408948746439725,948746439725
SA-000013,MAIN,SA9303995515669796156795,669796156795
SA-000014,MAIN,SA6547056709048801564644,048801564644
SA-000015,MAIN,SA3205987198890421631111,890421631111
SA-000016,MAIN,SA8046587306424829601796,424829601796
SA-000017,MAIN,SA0412634789235240137615,235240137615
SA-000018,MAIN,SA1483354148818137852223,818137852223
SA-000019,MAIN,SA4975332571929480853470,929480853470
SA-000020,MAIN,SA1341461754420146133800,420146133800
SA-000021,MAIN,SA1478658930597760553848,597760553848
SA-000022,MAIN,SA0670907276151413633437,151413633437
SA-000023,MAIN,SA7526239424646686316653,646686316653
SA-000024,MAIN,SA7453581342172334967704,172334967704
SA-000025,MAIN,SA7516886561141082359534,141082359534
SA-000026,MAIN,SA2947478182446026195680,446026195680
SA-000027,MAIN,SA0520070091703927330570,703927330570
SA-000028,MAIN,SA7781661146351102038300,351102038300
SA-000029,MAIN,SA0426371671552930126708,552930126708
SA-000030,MAIN,SA7057929923981337027186,981337027186
SA-000031,MAIN,SA2999147067554850663516,554850663516
SA-000032,MAIN,SA9734812417264366282909,264366282909
SA-000033,MAIN,SA4220426283709506018898,709506018898
SA-000034,MAIN,SA1780133252695637827608,695637827608
SA-000035,MAIN,SA6121385607002238696953,002238696953
SA-000036,MAIN,SA6550135100637171124335,637171124335
SA-000037,MAIN,SA0986801543161030225021,161030225021
SA-000038,MAIN,SA1482941834190823861352,190823861352
SA-000039,MAIN,SA8637877604054246854242,054246854242
SA-000040,MAIN,SA2974476604713936055049,713936055049
SA-000041,MAIN,SA1610550087547517799229,547517799229
SA-000042,MAIN,SA0372056832660756896516,660756896516
SA-000043,MAIN,SA8203962209876953971100,876953971100
SA-000044,MAIN,SA6002822070169298442782,169298442782
SA-000045,MAIN,SA4431774664323167779214,323167779214
SA-000046,MAIN,SA4796725218990332126686,990332126686
SA-000047,MAIN,SA3831294715029529207425,029529207425
SA-000048,MAIN,SA3717634526064501145946,064501145946
SA-000049,MAIN,SA4500748514810133156040,810133156040
SA-000050,MAIN,SA9596101019544461515753,544461515753
SA-000051,MAIN,SA5490921889049953142373,049953142373
SA-000052,MAIN,SA9516854247448059498065,448059498065
SA-000053,MAIN,SA5284561863405613575069,405613575069
SA-000054,MAIN,SA9814331791430747776388,430747776388
SA-000055,MAIN,SA7815763407337707514732,337707514732
SA-000056,MAIN,SA0893895781505355053414,505355053414
