VENDORACCOUNTNUMBER,VENDORORGANIZATIONNAME,TAXEXEMPTNUMBER,CREATEDDATETIME
SA-000001,Shams Madar Contracting (fictional),3101659311100003,2024-07-03T00:00:00
SA-000002,Sarh Rimal Trading (fictional),3101124680400003,2023-12-19T00:00:00
SA-000003,Buruj Noor Solutions (fictional),3101399287000003,2023-09-16T00:00:00
SA-000004,Nakheel Najd Trading (fictional),3101006672200003,2023-05-11T00:00:00
SA-000005,Bina Sarh Est. (fictional),3101498951300003,2025-01-15T00:00:00
SA-000006,Sahab Tamayuz Services (fictional),3101900095400003,2024-10-22T00:00:00
SA-000007,Sahab Sarh Est. (fictional),3101833652900003,2024-10-13T00:00:00
SA-000008,Qimma Waha Est. (fictional),3101611036400003,2024-02-01T00:00:00
SA-000009,Najd Najd Contracting (fictional),3101206567800003,2024-02-12T00:00:00
SA-000010,Tamayuz Jazeera Trading (fictional),3101581215600003,2023-03-30T00:00:00
SA-000011,Jazeera Qimma Solutions (fictional),3101429058200003,2023-03-12T00:00:00
SA-000012,Bina Rawabi Est. (fictional),3101970374500003,2025-05-28T00:00:00
SA-000013,Waha Taqa Services (fictional),3101185090200003,2023-11-15T00:00:00
SA-000014,Buruj Dana Services (fictional),3101597640800003,2023-01-15T00:00:00
SA-000015,Noor Masar Contracting (fictional),3101130705100003,2023-03-01T00:00:00
SA-000016,Buruj Dana Trading (fictional),3101739553600003,2023-05-21T00:00:00
SA-000017,Nakheel Sarh Solutions (fictional),3101246507100003,2024-10-13T00:00:00
SA-000018,Dana Rimal Trading (fictional),3101968054100003,2024-01-11T00:00:00
SA-000019,Shams Bina Solutions (fictional),3101654890900003,2023-05-03T00:00:00
SA-000020,Taqa Sahab Services (fictional),3101658671800003,2024-04-10T00:00:00
SA-000021,Rawabi Masar Trading (fictional),3101534177400003,2024-10-03T00:00:00
SA-000022,Waha Madar Est. (fictional),3101135716200003,2024-07-04T00:00:00
SA-000023,Noor Najd Trading (fictional),3101885033700003,2025-01-27T00:00:00
SA-000024,Tamayuz Shams Solutions (fictional),3101961086400003,2024-09-03T00:00:00
SA-000025,Taqa Rimal Solutions (fictional),3101462852500003,2023-02-17T00:00:00
SA-000026,Tamayuz Bina Trading (fictional),3101475306500003,2024-11-26T00:00:00
SA-000027,Shams Noor Trading (fictional),3101026693700003,2023-02-26T00:00:00
SA-000028,Masar Wadi Services (fictional),3101844802600003,2024-06-21T00:00:00
SA-000029,Taqa Noor Solutions (fictional),3101005780800003,2023-07-31T00:00:00
SA-000030,Rimal Sahab Supplies (fictional),3101753724500003,2025-06-01T00:00:00
SA-000031,Najd Madar Supplies (fictional),3101201236800003,2025-06-14T00:00:00
SA-000032,Nakheel Qimma Supplies (fictional),3101531109000003,2023-05-31T00:00:00
SA-000033,Jazeera Noor Supplies (fictional),3101225024200003,2025-01-18T00:00:00
SA-000034,Sarh Noor Services (fictional),3101524809500003,2023-05-06T00:00:00
SA-000035,Sahab Najd Solutions (fictional),3101986738200003,2025-05-25T00:00:00
SA-000036,Bina Afaq Contracting (fictional),3101495970500003,2024-05-17T00:00:00
SA-000037,Rimal Qimma Services (fictional),3101615995500003,2024-07-21T00:00:00
SA-000038,Madar Jazeera Trading (fictional),3101197678500003,2024-01-12T00:00:00
SA-000039,Najd Sahab Contracting (fictional),3101362552500003,2023-06-29T00:00:00
SA-000040,Sarh Qimma Services (fictional),3101118178600003,2025-05-04T00:00:00
SA-000041,Dana Madar Est. (fictional),3101957699600003,2023-01-12T00:00:00
SA-000042,Bina Taqa Est. (fictional),3101511963200003,2025-04-28T00:00:00
SA-000043,Taqa Shams Trading (fictional),3101943277800003,2024-05-26T00:00:00
SA-000044,Buruj Waha Supplies (fictional),3101838492200003,2025-03-15T00:00:00
SA-000045,Wadi Dana Solutions (fictional),3101257141700003,2025-04-10T00:00:00
SA-000046,Rimal Madar Contracting (fictional),3101486366500003,2025-05-29T00:00:00
SA-000047,Buruj Jazeera Contracting (fictional),3101150409000003,2024-04-21T00:00:00
SA-000048,Dana Rawabi Est. (fictional),3101840437200003,2024-08-05T00:00:00
SA-000049,Wadi Buruj Est. (fictional),3101894487600003,2024-01-05T00:00:00
SA-000050,Shams Masar Est. (fictional),3101120231200003,2024-06-07T00:00:00
SA-000051,Tamayuz Sahab Trading (fictional),3101288179100003,2023-02-20T00:00:00
SA-000052,Masar Dana Solutions (fictional),3101746024400003,2024-08-02T00:00:00
SA-000053,Madar Waha Services (fictional),3101231065500003,2024-03-23T00:00:00
SA-000054,Taqa Jazeera Est. (fictional),3101647230500003,2024-10-26T00:00:00
SA-000055,Taqa Quick Est. (fictional),3101624793000003,2026-08-02T00:00:00
SA-000056,Dana Quick Contracting (fictional),3101886510900003,2026-08-16T00:00:00
