Bill ID,Bill Date,Bill Number,Bill Status,Vendor Name,Total,Purchase Order Number
460000,2026-07-21,INV-4395,Paid,Bina Taqa Est. (fictional),4307.95,PO-00001
460000,2026-07-21,INV-4395,Paid,Bina Taqa Est. (fictional),4307.95,PO-00001
460001,2026-07-16,INV-5017,Paid,Rimal Madar Contracting (fictional),27039.1,PO-00002
460002,2026-08-09,INV-4844,Paid,Waha Taqa Services (fictional),32127.76,PO-00003
460003,2026-09-17,INV-2223,Paid,Noor Najd Trading (fictional),5643.7,PO-00004
460004,2026-07-15,INV-3768,Paid,Jazeera Qimma Solutions (fictional),34742.4,PO-00005
460005,2026-08-22,INV-5057,Paid,Rimal Madar Contracting (fictional),6280.04,PO-00006
460006,2026-10-01,INV-4606,Paid,Jazeera Noor Supplies (fictional),23443.68,PO-00007
460007,2026-07-14,INV-2276,Paid,Noor Najd Trading (fictional),17073.36,PO-00008
460008,2026-10-18,INV-4001,Paid,Taqa Shams Trading (fictional),29448.0,PO-00009
460009,2026-08-08,INV-4629,Paid,Jazeera Noor Supplies (fictional),15391.08,PO-00010
460010,2026-07-31,INV-1759,Paid,Sarh Noor Services (fictional),11969.55,PO-00011
460011,2026-08-31,INV-2951,Paid,Najd Najd Contracting (fictional),28252.38,PO-00012
460012,2026-09-29,INV-4812,Paid,Rimal Madar Contracting (fictional),13609.56,PO-00013
460013,2026-09-02,INV-1893,Paid,Buruj Dana Services (fictional),20234.55,PO-00014
460014,2026-10-05,INV-4220,Paid,Qimma Waha Est. (fictional),9233.0,PO-00015
460015,2026-08-14,INV-5023,Paid,Rimal Madar Contracting (fictional),20158.16,PO-00016
460016,2026-09-17,INV-2131,Paid,Dana Rimal Trading (fictional),36822.34,PO-00017
460017,2026-09-04,INV-5037,Paid,Rimal Madar Contracting (fictional),32038.08,PO-00018
460018,2026-08-09,INV-2211,Paid,Taqa Sahab Services (fictional),22545.76,PO-00019
460019,2026-09-25,INV-1588,Paid,Shams Bina Solutions (fictional),14696.4,PO-00020
460020,2026-09-25,INV-4416,Paid,Wadi Dana Solutions (fictional),26988.28,PO-00021
460021,2026-08-17,INV-2992,Paid,Buruj Waha Supplies (fictional),16348.75,PO-00022
460022,2026-09-20,INV-1107,Paid,Bina Sarh Est. (fictional),16611.48,PO-00023
460023,2026-08-03,INV-2307,Paid,Noor Najd Trading (fictional),27716.64,PO-00024
460024,2026-08-03,INV-3236,Paid,Rawabi Masar Trading (fictional),18367.26,PO-00025
460025,2026-10-19,INV-1922,Paid,Noor Masar Contracting (fictional),4920.43,PO-00026
460026,2026-08-29,INV-4675,Paid,Jazeera Noor Supplies (fictional),30033.15,PO-00027
460027,2026-08-09,INV-2989,Paid,Najd Najd Contracting (fictional),16452.15,PO-00028
460028,2026-08-19,INV-2172,Paid,Dana Rimal Trading (fictional),3539.01,PO-00029
460029,2026-10-20,INV-1873,Paid,Sahab Tamayuz Services (fictional),27650.95,PO-00030
460030,2026-07-17,INV-4448,Paid,Bina Taqa Est. (fictional),6948.87,PO-00031
460031,2026-09-15,INV-2421,Paid,Rimal Madar Contracting (fictional),34614.88,PO-00032
460032,2026-08-17,INV-1795,Paid,Madar Jazeera Trading (fictional),30276.09,PO-00033
460033,2026-08-06,INV-4699,Paid,Jazeera Noor Supplies (fictional),21838.88,PO-00034
460034,2026-09-01,INV-3261,Paid,Rawabi Masar Trading (fictional),38909.0,PO-00035
460035,2026-07-25,INV-4443,Paid,Wadi Dana Solutions (fictional),7040.07,PO-00036
460036,2026-09-07,INV-1116,Paid,Tamayuz Jazeera Trading (fictional),22617.7,PO-00037
460037,2026-09-18,INV-3452,Paid,Bina Afaq Contracting (fictional),4852.82,PO-00038
460038,2026-07-22,INV-3051,Paid,Rimal Madar Contracting (fictional),19614.84,PO-00039
460039,2026-09-17,INV-4883,Paid,Taqa Rimal Solutions (fictional),22924.4,PO-00040
460040,2026-08-01,INV-1799,Paid,Buruj Dana Trading (fictional),22746.4,PO-00041
460041,2026-09-08,INV-3024,Paid,Najd Najd Contracting (fictional),38630.34,PO-00042
460042,2026-08-21,INV-3611,Paid,Waha Madar Est. (fictional),11847.52,PO-00043
460043,2026-09-05,INV-2628,Paid,Rimal Sahab Supplies (fictional),31887.58,PO-00044
460044,2026-08-01,INV-3459,Paid,Bina Afaq Contracting (fictional),19020.45,PO-00045
460045,2026-07-31,INV-4009,Paid,Taqa Shams Trading (fictional),14289.1,PO-00046
460046,2026-10-07,INV-2665,Paid,Rimal Sahab Supplies (fictional),12760.02,PO-00047
460047,2026-09-15,INV-2321,Paid,Noor Najd Trading (fictional),37311.34,PO-00048
460048,2026-08-27,INV-2623,Paid,Taqa Noor Solutions (fictional),6554.59,PO-00049
460049,2026-09-12,INV-1328,Paid,Bina Rawabi Est. (fictional),9342.64,PO-00050
460050,2026-09-12,INV-1803,Paid,Madar Jazeera Trading (fictional),9046.08,PO-00051
460051,2026-09-14,INV-1583,Paid,Sarh Qimma Services (fictional),28782.6,PO-00052
460052,2026-08-22,INV-2379,Paid,Noor Najd Trading (fictional),1897.07,PO-00053
460053,2026-07-16,INV-3475,Paid,Bina Afaq Contracting (fictional),37263.52,PO-00054
460054,2026-09-16,INV-2408,Paid,Noor Najd Trading (fictional),16659.86,PO-00055
460055,2026-09-04,INV-4248,Paid,Qimma Waha Est. (fictional),3167.08,PO-00056
460056,2026-09-09,INV-4978,Paid,Buruj Noor Solutions (fictional),26146.98,PO-00057
460057,2026-10-13,INV-4481,Paid,Wadi Dana Solutions (fictional),8222.06,PO-00058
460058,2026-09-22,INV-2228,Paid,Taqa Sahab Services (fictional),23677.84,PO-00059
460059,2026-08-16,INV-4457,Paid,Bina Taqa Est. (fictional),27461.55,PO-00060
460060,2026-09-15,INV-2218,Paid,Dana Rimal Trading (fictional),17772.24,PO-00061
460061,2026-07-18,INV-5076,Paid,Rimal Madar Contracting (fictional),34553.76,PO-00062
460062,2026-08-15,INV-4277,Paid,Qimma Waha Est. (fictional),13374.06,PO-00063
460063,2026-09-04,INV-4987,Paid,Buruj Noor Solutions (fictional),26455.17,PO-00064
460064,2026-08-11,INV-4505,Paid,Wadi Dana Solutions (fictional),4928.17,PO-00065
460065,2026-09-22,INV-4459,Paid,Nakheel Qimma Supplies (fictional),32749.86,PO-00066
460066,2026-08-15,INV-5132,Paid,Rimal Madar Contracting (fictional),10665.6,PO-00067
460067,2026-08-25,INV-2439,Paid,Rimal Madar Contracting (fictional),6992.85,PO-00068
460068,2026-09-06,INV-4798,Paid,Dana Madar Est. (fictional),16764.0,PO-00069
460069,2026-08-23,INV-4833,Paid,Dana Madar Est. (fictional),23300.25,PO-00070
460070,2026-10-18,INV-1523,Paid,Shams Noor Trading (fictional),33702.82,PO-00071
460071,2026-08-05,INV-4124,Paid,Rimal Madar Contracting (fictional),35030.94,PO-00072
460072,2026-08-02,INV-1809,Paid,Buruj Dana Trading (fictional),3673.22,PO-00073
460073,2026-08-17,INV-3825,Paid,Jazeera Qimma Solutions (fictional),22629.48,PO-00074
460074,2026-07-30,INV-1976,Paid,Noor Masar Contracting (fictional),30775.0,PO-00075
460075,2026-08-24,INV-2455,Paid,Rimal Madar Contracting (fictional),24779.02,PO-00076
460076,2026-07-22,INV-4304,Paid,Qimma Waha Est. (fictional),3651.55,PO-00077
460077,2026-07-22,INV-4973,Paid,Nakheel Sarh Solutions (fictional),12932.1,PO-00078
460078,2026-09-29,INV-3606,Paid,Rimal Madar Contracting (fictional),37233.65,PO-00079
460079,2026-08-17,INV-1627,Paid,Sarh Qimma Services (fictional),21420.04,PO-00080
460080,2026-07-19,INV-2269,Paid,Taqa Sahab Services (fictional),23912.44,PO-00081
460081,2026-07-17,INV-5013,Paid,Nakheel Sarh Solutions (fictional),24518.94,PO-00082
460082,2026-07-20,INV-1598,Paid,Sarh Rimal Trading (fictional),10363.44,PO-00083
460083,2026-08-09,INV-5012,Paid,Buruj Noor Solutions (fictional),17197.32,PO-00084
460084,2026-08-27,INV-4995,Paid,Sahab Sarh Est. (fictional),22115.52,PO-00085
460085,2026-07-23,INV-2462,Paid,Rimal Madar Contracting (fictional),4742.13,PO-00086
460086,2026-09-27,INV-2497,Paid,Rimal Madar Contracting (fictional),30226.0,PO-00087
460087,2026-08-14,INV-3040,Paid,Najd Najd Contracting (fictional),18157.12,PO-00088
460088,2026-07-19,INV-2149,Paid,Rimal Qimma Services (fictional),4687.07,PO-00089
460089,2026-08-28,INV-2250,Paid,Dana Rimal Trading (fictional),4696.55,PO-00090
460090,2026-09-30,INV-3775,Paid,Rimal Madar Contracting (fictional),31603.38,PO-00091
460091,2026-07-25,INV-4520,Paid,Wadi Dana Solutions (fictional),15404.55,PO-00092
460092,2026-10-12,INV-4314,Paid,Qimma Waha Est. (fictional),30350.46,PO-00093
460093,2026-08-24,INV-5021,Paid,Buruj Noor Solutions (fictional),35179.97,PO-00094
460094,2026-08-10,INV-4479,Paid,Nakheel Qimma Supplies (fictional),37468.2,PO-00095
460095,2026-10-09,INV-4727,Paid,Jazeera Noor Supplies (fictional),15784.92,PO-00096
460096,2026-10-07,INV-5026,Paid,Sahab Sarh Est. (fictional),33375.84,PO-00097
460097,2026-08-06,INV-1829,Paid,Buruj Dana Trading (fictional),13322.32,PO-00098
460098,2026-10-06,INV-1054,Paid,Nakheel Najd Trading (fictional),29909.04,PO-00099
460099,2026-09-11,INV-4143,Paid,Rimal Madar Contracting (fictional),35942.68,PO-00100
460100,2026-09-19,INV-1774,Paid,Sarh Noor Services (fictional),6109.81,PO-00101
460100,2026-09-19,INV-1774,Paid,Sarh Noor Services (fictional),6109.81,PO-00101
460101,2026-08-31,INV-5108,Paid,Rimal Madar Contracting (fictional),32136.0,PO-00102
460102,2026-10-04,INV-5048,Paid,Buruj Noor Solutions (fictional),33710.64,PO-00103
460103,2026-08-22,INV-4873,Paid,Dana Madar Est. (fictional),2973.96,PO-00104
460104,2026-09-25,INV-4835,Paid,Tamayuz Shams Solutions (fictional),32078.31,PO-00105
460105,2026-08-02,INV-1335,Paid,Bina Rawabi Est. (fictional),24386.65,PO-00106
460106,2026-07-30,INV-4176,Paid,Rimal Madar Contracting (fictional),33833.63,PO-00107
460107,2026-10-13,INV-5082,Paid,Sahab Sarh Est. (fictional),35017.94,PO-00108
460108,2026-08-29,INV-4481,Paid,Bina Taqa Est. (fictional),36557.64,PO-00109
460109,2026-09-18,INV-4916,Paid,Dana Madar Est. (fictional),24397.2,PO-00110
460110,2026-10-01,INV-4913,Paid,Taqa Rimal Solutions (fictional),12739.02,PO-00111
460111,2026-09-03,INV-1870,Paid,Buruj Dana Trading (fictional),21021.5,PO-00112
460112,2026-10-10,INV-1085,Paid,Nakheel Najd Trading (fictional),5912.55,PO-00113
460113,2026-09-25,INV-1353,Paid,Rimal Madar Contracting (fictional),27322.24,PO-00114
460114,2026-07-13,INV-1212,Paid,Najd Madar Supplies (fictional),5638.6,PO-00115
460115,2026-09-27,INV-3303,Paid,Rawabi Masar Trading (fictional),34804.35,PO-00116
460116,2026-08-09,INV-4883,Paid,Shams Madar Contracting (fictional),18704.64,PO-00117
460117,2026-08-08,INV-1830,Paid,Madar Jazeera Trading (fictional),18155.8,PO-00118
460118,2026-07-27,INV-2004,Paid,Noor Masar Contracting (fictional),8688.74,PO-00119
460119,2026-08-11,INV-4994,Paid,Sahab Najd Solutions (fictional),1228.32,PO-00120
460120,2026-08-30,INV-4966,Paid,Dana Madar Est. (fictional),5757.19,PO-00121
460121,2026-08-09,INV-2201,Paid,Rimal Qimma Services (fictional),15344.4,PO-00122
460122,2026-09-09,INV-1532,Paid,Shams Noor Trading (fictional),4586.22,PO-00123
460123,2026-09-19,INV-2694,Paid,Rimal Sahab Supplies (fictional),25257.68,PO-00124
460124,2026-08-26,INV-2308,Paid,Dana Rimal Trading (fictional),33539.7,PO-00125
460125,2026-08-19,INV-5035,Paid,Nakheel Sarh Solutions (fictional),3653.95,PO-00126
460126,2026-08-25,INV-2347,Paid,Dana Rimal Trading (fictional),24920.28,PO-00127
460127,2026-08-21,INV-1590,Paid,Shams Noor Trading (fictional),25978.05,PO-00128
460128,2026-09-13,INV-1783,Paid,Sarh Noor Services (fictional),2672.76,PO-00129
460129,2026-09-24,INV-1919,Paid,Buruj Dana Trading (fictional),8273.7,PO-00130
460130,2026-09-07,INV-3873,Paid,Jazeera Qimma Solutions (fictional),28729.96,PO-00131
460131,2026-07-16,INV-5144,Paid,Rimal Madar Contracting (fictional),27522.04,PO-00132
460132,2026-09-09,INV-1641,Paid,Sarh Qimma Services (fictional),39954.18,PO-00133
460133,2026-07-20,INV-4337,Paid,Qimma Waha Est. (fictional),22031.08,PO-00134
460134,2026-08-29,INV-1400,Paid,Rimal Madar Contracting (fictional),5087.79,PO-00135
460135,2026-08-05,INV-4528,Paid,Wadi Dana Solutions (fictional),24378.9,PO-00136
460136,2026-10-11,INV-3315,Paid,Rawabi Masar Trading (fictional),15912.06,PO-00137
460137,2026-09-18,INV-3885,Paid,Jazeera Qimma Solutions (fictional),19263.08,PO-00138
460138,2026-08-13,INV-4496,Paid,Nakheel Qimma Supplies (fictional),33410.52,PO-00139
460139,2026-08-09,INV-4891,Paid,Tamayuz Shams Solutions (fictional),3703.84,PO-00140
460140,2026-08-31,INV-3664,Paid,Waha Madar Est. (fictional),24661.62,PO-00141
460141,2026-08-17,INV-4535,Paid,Bina Taqa Est. (fictional),35291.55,PO-00142
460142,2026-07-29,INV-5059,Paid,Nakheel Sarh Solutions (fictional),9768.15,PO-00143
460143,2026-08-14,INV-1945,Paid,Buruj Dana Services (fictional),28430.88,PO-00144
460144,2026-08-02,INV-1793,Paid,Sarh Noor Services (fictional),28305.42,PO-00145
460145,2026-08-08,INV-1423,Paid,Rimal Madar Contracting (fictional),19565.86,PO-00146
460146,2026-07-09,INV-2424,Paid,Masar Wadi Services (fictional),9474.45,PO-00147
460147,2026-09-17,INV-3014,Paid,Buruj Waha Supplies (fictional),3160.08,PO-00148
460148,2026-08-21,INV-3946,Paid,Najd Sahab Contracting (fictional),22003.92,PO-00149
460149,2026-09-07,INV-1386,Paid,Bina Rawabi Est. (fictional),13677.36,PO-00150
460150,2026-07-17,INV-1623,Paid,Shams Noor Trading (fictional),22709.06,PO-00151
460151,2026-10-05,INV-4904,Paid,Tamayuz Shams Solutions (fictional),18799.13,PO-00152
460152,2026-08-01,INV-2509,Paid,Rimal Madar Contracting (fictional),23379.2,PO-00153
460153,2026-08-16,INV-2045,Paid,Noor Masar Contracting (fictional),4306.15,PO-00154
460154,2026-08-09,INV-1151,Paid,Bina Sarh Est. (fictional),37355.68,PO-00155
460155,2026-08-25,INV-4587,Paid,Wadi Dana Solutions (fictional),10899.7,PO-00156
460156,2026-07-19,INV-4935,Paid,Taqa Rimal Solutions (fictional),1584.74,PO-00157
460157,2026-09-14,INV-1135,Paid,Tamayuz Jazeera Trading (fictional),3803.13,PO-00158
460158,2026-10-10,INV-4233,Paid,Rimal Madar Contracting (fictional),31806.0,PO-00159
460159,2026-08-26,INV-1555,Paid,Tamayuz Bina Trading (fictional),4511.68,PO-00160
460160,2026-08-23,INV-4991,Paid,Taqa Rimal Solutions (fictional),5536.32,PO-00161
460161,2026-09-19,INV-2101,Paid,Noor Masar Contracting (fictional),12318.0,PO-00162
460162,2026-09-04,INV-4032,Paid,Taqa Shams Trading (fictional),20749.5,PO-00163
460163,2026-08-09,INV-2361,Paid,Dana Rimal Trading (fictional),4381.23,PO-00164
460164,2026-09-19,INV-1434,Paid,Rimal Madar Contracting (fictional),31640.55,PO-00165
460165,2026-09-05,INV-4590,Paid,Bina Taqa Est. (fictional),35955.92,PO-00166
460166,2026-09-19,INV-5204,Paid,Rimal Madar Contracting (fictional),32927.4,PO-00167
460167,2026-08-07,INV-2550,Paid,Rimal Madar Contracting (fictional),31920.64,PO-00168
460168,2026-08-16,INV-1593,Paid,Tamayuz Bina Trading (fictional),28553.76,PO-00169
460169,2026-07-27,INV-3042,Paid,Buruj Waha Supplies (fictional),37560.6,PO-00170
460170,2026-08-01,INV-5231,Paid,Rimal Madar Contracting (fictional),21907.8,PO-00171
460171,2026-09-14,INV-5280,Paid,Rimal Madar Contracting (fictional),36516.8,PO-00172
460172,2026-08-08,INV-4946,Paid,Tamayuz Shams Solutions (fictional),20339.0,PO-00173
460173,2026-08-26,INV-4598,Paid,Wadi Dana Solutions (fictional),20363.4,PO-00174
460174,2026-09-25,INV-3702,Paid,Waha Madar Est. (fictional),22577.94,PO-00175
460175,2026-10-13,INV-4055,Paid,Taqa Shams Trading (fictional),18102.63,PO-00176
460176,2026-08-20,INV-3966,Paid,Najd Sahab Contracting (fictional),37629.54,PO-00177
460177,2026-09-01,INV-4863,Paid,Waha Taqa Services (fictional),30940.84,PO-00178
460178,2026-08-13,INV-5025,Paid,Sahab Najd Solutions (fictional),32096.7,PO-00179
460179,2026-08-27,INV-2291,Paid,Taqa Sahab Services (fictional),24283.46,PO-00180
460180,2026-09-30,INV-3525,Paid,Bina Afaq Contracting (fictional),6677.7,PO-00181
460181,2026-08-15,INV-1147,Paid,Tamayuz Jazeera Trading (fictional),19864.7,PO-00182
460182,2026-09-10,INV-5116,Paid,Rimal Madar Contracting (fictional),9097.02,PO-00183
460183,2026-08-01,INV-5299,Paid,Rimal Madar Contracting (fictional),27078.7,PO-00184
460184,2026-07-19,INV-2423,Paid,Noor Najd Trading (fictional),3373.56,PO-00185
460185,2026-07-22,INV-5079,Paid,Nakheel Sarh Solutions (fictional),18159.24,PO-00186
460186,2026-08-11,INV-3580,Paid,Bina Afaq Contracting (fictional),21159.9,PO-00187
460187,2026-09-05,INV-1200,Paid,Tamayuz Jazeera Trading (fictional),39766.4,PO-00188
460188,2026-08-16,INV-3095,Paid,Rimal Madar Contracting (fictional),30509.5,PO-00189
460189,2026-09-27,INV-1232,Paid,Najd Madar Supplies (fictional),12740.7,PO-00190
460190,2026-08-28,INV-5155,Paid,Rimal Madar Contracting (fictional),25947.68,PO-00191
460191,2026-08-28,INV-3049,Paid,Buruj Waha Supplies (fictional),12340.08,PO-00192
460192,2026-08-12,INV-3084,Paid,Najd Najd Contracting (fictional),22539.96,PO-00193
460193,2026-09-25,INV-4549,Paid,Nakheel Qimma Supplies (fictional),29333.15,PO-00194
460194,2026-07-17,INV-2723,Paid,Rimal Sahab Supplies (fictional),27160.65,PO-00195
460195,2026-10-07,INV-1236,Paid,Tamayuz Jazeera Trading (fictional),33152.56,PO-00196
460196,2026-09-01,INV-1136,Paid,Nakheel Najd Trading (fictional),23531.7,PO-00197
460197,2026-10-01,INV-4983,Paid,Dana Madar Est. (fictional),27452.48,PO-00198
460198,2026-08-17,INV-5330,Paid,Rimal Madar Contracting (fictional),8563.8,PO-00199
460199,2026-08-16,INV-1147,Paid,Nakheel Najd Trading (fictional),25996.76,PO-00200
460200,2026-09-13,INV-2217,Paid,Rimal Qimma Services (fictional),29093.79,PO-00201
460200,2026-09-13,INV-2217,Paid,Rimal Qimma Services (fictional),29093.79,PO-00201
460201,2026-07-25,INV-1474,Paid,Rimal Madar Contracting (fictional),33564.0,PO-00202
460202,2026-08-07,INV-2312,Paid,Taqa Sahab Services (fictional),5959.16,PO-00203
460203,2026-08-19,INV-2350,Paid,Taqa Sahab Services (fictional),27111.48,PO-00204
460204,2026-09-01,INV-4600,Paid,Nakheel Qimma Supplies (fictional),24908.4,PO-00205
460205,2026-10-17,INV-3923,Paid,Jazeera Qimma Solutions (fictional),14200.35,PO-00206
460206,2026-07-17,INV-1633,Paid,Sarh Rimal Trading (fictional),36045.0,PO-00207
460207,2026-10-03,INV-1251,Paid,Najd Madar Supplies (fictional),11768.64,PO-00208
460208,2026-09-15,INV-1848,Paid,Madar Jazeera Trading (fictional),29274.66,PO-00209
460209,2026-08-17,INV-2759,Paid,Rimal Sahab Supplies (fictional),4614.75,PO-00210
460210,2026-10-15,INV-5135,Paid,Sahab Sarh Est. (fictional),15623.99,PO-00211
460211,2026-08-30,INV-4878,Paid,Waha Taqa Services (fictional),9697.14,PO-00212
460212,2026-08-30,INV-3754,Paid,Waha Madar Est. (fictional),31723.8,PO-00213
460213,2026-08-28,INV-1263,Paid,Najd Madar Supplies (fictional),35185.54,PO-00214
460214,2026-08-19,INV-1276,Paid,Tamayuz Jazeera Trading (fictional),37360.32,PO-00215
460215,2026-09-23,INV-4759,Paid,Jazeera Noor Supplies (fictional),19066.3,PO-00216
460216,2026-07-23,INV-3636,Paid,Rimal Madar Contracting (fictional),2063.35,PO-00217
460217,2026-07-30,INV-1641,Paid,Shams Noor Trading (fictional),5920.42,PO-00218
460218,2026-08-06,INV-4374,Paid,Qimma Waha Est. (fictional),37483.3,PO-00219
460219,2026-09-17,INV-5083,Paid,Buruj Noor Solutions (fictional),19667.75,PO-00220
460220,2026-09-30,INV-4660,Paid,Nakheel Qimma Supplies (fictional),9288.4,PO-00221
460221,2026-10-01,INV-2461,Paid,Masar Wadi Services (fictional),26726.34,PO-00222
460222,2026-08-27,INV-1304,Paid,Tamayuz Jazeera Trading (fictional),37291.36,PO-00223
460223,2026-08-26,INV-1880,Paid,Sahab Tamayuz Services (fictional),13374.33,PO-00224
460224,2026-09-26,INV-1180,Paid,Bina Sarh Est. (fictional),29530.8,PO-00225
460225,2026-09-19,INV-1932,Paid,Buruj Dana Trading (fictional),18024.7,PO-00226
460226,2026-10-08,INV-4988,Paid,Tamayuz Shams Solutions (fictional),40698.44,PO-00227
460227,2026-07-15,INV-1160,Paid,Nakheel Najd Trading (fictional),22563.69,PO-00228
460228,2026-10-03,INV-2655,Paid,Taqa Noor Solutions (fictional),26661.0,PO-00229
460229,2026-09-09,INV-2418,Paid,Dana Rimal Trading (fictional),29060.72,PO-00230
460230,2026-10-13,INV-5029,Paid,Tamayuz Shams Solutions (fictional),5850.2,PO-00231
460231,2026-07-20,INV-5022,Paid,Dana Madar Est. (fictional),41480.04,PO-00232
460232,2026-08-24,INV-5129,Paid,Nakheel Sarh Solutions (fictional),4274.37,PO-00233
460233,2026-09-12,INV-1237,Paid,Bina Sarh Est. (fictional),8157.24,PO-00234
460234,2026-07-11,INV-2438,Paid,Noor Najd Trading (fictional),3003.66,PO-00235
460235,2026-09-11,INV-2142,Paid,Noor Masar Contracting (fictional),14074.86,PO-00236
460236,2026-07-25,INV-1318,Paid,Najd Madar Supplies (fictional),25849.68,PO-00237
460237,2026-09-26,INV-1882,Paid,Madar Jazeera Trading (fictional),10536.57,PO-00238
460238,2026-07-26,INV-2179,Paid,Noor Masar Contracting (fictional),2138.0,PO-00239
460239,2026-08-30,INV-1685,Paid,Sarh Qimma Services (fictional),23039.44,PO-00240
460240,2026-10-16,INV-3796,Paid,Waha Madar Est. (fictional),28487.04,PO-00241
460241,2026-07-08,INV-4114,Paid,Taqa Shams Trading (fictional),38244.0,PO-00242
460242,2026-08-04,INV-5143,Paid,Sahab Sarh Est. (fictional),25589.88,PO-00243
460243,2026-08-17,INV-5065,Paid,Sahab Najd Solutions (fictional),24629.89,PO-00244
460244,2026-08-13,INV-1915,Paid,Sahab Tamayuz Services (fictional),34703.96,PO-00245
460245,2026-08-18,INV-5041,Paid,Taqa Rimal Solutions (fictional),9343.08,PO-00246
460246,2026-10-02,INV-4142,Paid,Taqa Shams Trading (fictional),30426.06,PO-00247
460247,2026-07-27,INV-1848,Paid,Sarh Noor Services (fictional),2792.88,PO-00248
460248,2026-10-06,INV-5138,Paid,Buruj Noor Solutions (fictional),28360.8,PO-00249
460249,2026-08-23,INV-4427,Paid,Qimma Waha Est. (fictional),15170.75,PO-00250
460250,2026-08-05,INV-3805,Paid,Rimal Madar Contracting (fictional),30723.0,PO-00251
460251,2026-09-24,INV-2773,Paid,Rimal Sahab Supplies (fictional),10399.52,PO-00252
460252,2026-09-05,INV-4708,Paid,Nakheel Qimma Supplies (fictional),38383.74,PO-00253
460253,2026-09-23,INV-4801,Paid,Jazeera Noor Supplies (fictional),13734.15,PO-00254
460254,2026-10-03,INV-1398,Paid,Bina Rawabi Est. (fictional),32641.44,PO-00255
460255,2026-07-23,INV-4478,Paid,Qimma Waha Est. (fictional),29397.24,PO-00256
460256,2026-09-06,INV-5042,Paid,Dana Madar Est. (fictional),34347.6,PO-00257
460257,2026-08-24,INV-1432,Paid,Bina Rawabi Est. (fictional),18826.88,PO-00258
460258,2026-07-27,INV-4647,Paid,Wadi Dana Solutions (fictional),11557.22,PO-00259
460259,2026-08-23,INV-1602,Paid,Shams Bina Solutions (fictional),37932.84,PO-00260
460260,2026-08-24,INV-1660,Paid,Shams Bina Solutions (fictional),33018.12,PO-00261
460261,2026-10-03,INV-4599,Paid,Bina Taqa Est. (fictional),31694.23,PO-00262
460262,2026-09-12,INV-1943,Paid,Sahab Tamayuz Services (fictional),34058.4,PO-00263
460263,2026-10-01,INV-1517,Paid,Rimal Madar Contracting (fictional),22888.91,PO-00264
460264,2026-09-07,INV-4750,Paid,Nakheel Qimma Supplies (fictional),11973.6,PO-00265
460265,2026-08-19,INV-1685,Paid,Shams Bina Solutions (fictional),2763.42,PO-00266
460266,2026-09-08,INV-2479,Paid,Noor Najd Trading (fictional),5455.94,PO-00267
460267,2026-07-26,INV-1912,Paid,Madar Jazeera Trading (fictional),21486.42,PO-00268
460268,2026-10-17,INV-2267,Paid,Rimal Qimma Services (fictional),23723.2,PO-00269
460269,2026-07-26,INV-2429,Paid,Dana Rimal Trading (fictional),8747.76,PO-00270
460270,2026-08-19,INV-1695,Paid,Shams Noor Trading (fictional),32052.76,PO-00271
460271,2026-08-21,INV-3117,Paid,Najd Najd Contracting (fictional),31369.76,PO-00272
460272,2026-09-15,INV-3832,Paid,Rimal Madar Contracting (fictional),14259.07,PO-00273
460273,2026-08-13,INV-3375,Paid,Rawabi Masar Trading (fictional),30129.0,PO-00274
460274,2026-09-20,INV-1195,Paid,Nakheel Najd Trading (fictional),4755.85,PO-00275
460275,2026-09-18,INV-5195,Paid,Sahab Sarh Est. (fictional),12354.3,PO-00276
460276,2026-08-04,INV-5184,Paid,Rimal Madar Contracting (fictional),30763.78,PO-00277
460277,2026-08-09,INV-3137,Paid,Najd Najd Contracting (fictional),5793.6,PO-00278
460278,2026-08-11,INV-5173,Paid,Nakheel Sarh Solutions (fictional),3793.73,PO-00279
460279,2026-09-15,INV-5055,Paid,Dana Madar Est. (fictional),7485.0,PO-00280
460280,2026-10-09,INV-1230,Paid,Nakheel Najd Trading (fictional),27312.24,PO-00281
460281,2026-07-19,INV-1980,Paid,Buruj Dana Trading (fictional),15920.71,PO-00282
460282,2026-07-20,INV-5171,Paid,Buruj Noor Solutions (fictional),31616.0,PO-00283
460283,2026-07-22,INV-2008,Paid,Buruj Dana Trading (fictional),9375.62,PO-00284
460284,2026-09-27,INV-2480,Paid,Dana Rimal Trading (fictional),4521.77,PO-00285
460285,2026-09-10,INV-1271,Paid,Nakheel Najd Trading (fictional),32833.57,PO-00286
460286,2026-09-14,INV-1972,Paid,Sahab Tamayuz Services (fictional),37613.74,PO-00287
460287,2026-07-25,INV-2384,Paid,Taqa Sahab Services (fictional),26787.23,PO-00288
460288,2026-09-17,INV-1698,Paid,Sarh Qimma Services (fictional),17020.3,PO-00289
460289,2026-09-06,INV-3101,Paid,Buruj Waha Supplies (fictional),26475.25,PO-00290
460290,2026-07-26,INV-2320,Paid,Rimal Qimma Services (fictional),23948.6,PO-00291
460291,2026-08-16,INV-1855,Paid,Sarh Noor Services (fictional),16714.2,PO-00292
460292,2026-08-30,INV-3626,Paid,Bina Afaq Contracting (fictional),5260.36,PO-00293
460293,2026-09-04,INV-2493,Paid,Noor Najd Trading (fictional),5851.89,PO-00294
460294,2026-08-26,INV-5225,Paid,Rimal Madar Contracting (fictional),6545.0,PO-00295
460295,2026-09-15,INV-1297,Paid,Nakheel Najd Trading (fictional),9016.2,PO-00296
460296,2026-10-09,INV-1374,Paid,Najd Madar Supplies (fictional),41158.25,PO-00297
460297,2026-08-13,INV-4623,Paid,Bina Taqa Est. (fictional),19200.3,PO-00298
460298,2026-09-08,INV-3152,Paid,Rimal Madar Contracting (fictional),2083.92,PO-00299
460299,2026-07-20,INV-4637,Paid,Bina Taqa Est. (fictional),39361.28,PO-00300
460300,2026-09-04,INV-2235,Paid,Noor Masar Contracting (fictional),36792.0,PO-00301
460300,2026-09-04,INV-2235,Paid,Noor Masar Contracting (fictional),36792.0,PO-00301
460301,2026-07-06,INV-1542,Paid,Rimal Madar Contracting (fictional),14146.4,PO-00302
460302,2026-08-09,INV-4693,Paid,Bina Taqa Est. (fictional),23710.5,PO-00303
460303,2026-07-30,INV-1348,Paid,Nakheel Najd Trading (fictional),11435.6,PO-00304
460304,2026-08-21,INV-2009,Paid,Sahab Tamayuz Services (fictional),13713.44,PO-00305
460305,2026-07-12,INV-1382,Paid,Najd Madar Supplies (fictional),17539.08,PO-00306
460306,2026-07-16,INV-2069,Paid,Sahab Tamayuz Services (fictional),9589.56,PO-00307
460307,2026-08-11,INV-5274,Paid,Rimal Madar Contracting (fictional),35108.58,PO-00308
460308,2026-09-19,INV-1712,Paid,Sarh Qimma Services (fictional),26371.62,PO-00309
460309,2026-09-01,INV-1394,Paid,Najd Madar Supplies (fictional),18427.77,PO-00310
460310,2026-10-10,INV-3175,Paid,Najd Najd Contracting (fictional),34658.75,PO-00311
460311,2026-09-26,INV-2524,Paid,Noor Najd Trading (fictional),37346.04,PO-00312
460312,2026-09-26,INV-2609,Paid,Rimal Madar Contracting (fictional),3231.1,PO-00313
460313,2026-09-18,INV-2294,Paid,Noor Masar Contracting (fictional),13004.1,PO-00314
460314,2026-10-01,INV-3813,Paid,Waha Madar Est. (fictional),29196.64,PO-00315
460315,2026-07-11,INV-2569,Paid,Noor Najd Trading (fictional),23808.72,PO-00316
460316,2026-09-19,INV-5201,Paid,Buruj Noor Solutions (fictional),37255.7,PO-00317
460317,2026-08-31,INV-5051,Paid,Taqa Rimal Solutions (fictional),30667.45,PO-00318
460318,2026-08-04,INV-5332,Paid,Rimal Madar Contracting (fictional),24574.35,PO-00319
460319,2026-07-20,INV-1622,Paid,Tamayuz Bina Trading (fictional),18443.76,PO-00320
460320,2026-07-30,INV-3195,Paid,Najd Najd Contracting (fictional),41791.36,PO-00321
460321,2026-10-01,INV-1718,Paid,Shams Bina Solutions (fictional),5308.1,PO-00322
460322,2026-08-18,INV-1599,Paid,Rimal Madar Contracting (fictional),21133.58,PO-00323
460323,2026-07-19,INV-5370,Paid,Rimal Madar Contracting (fictional),1744.57,PO-00324
460324,2026-07-11,INV-3426,Paid,Rawabi Masar Trading (fictional),11128.92,PO-00325
460325,2026-08-09,INV-3453,Paid,Rawabi Masar Trading (fictional),2734.48,PO-00326
460326,2026-08-10,INV-2594,Paid,Noor Najd Trading (fictional),21046.96,PO-00327
460327,2026-08-25,INV-2346,Paid,Noor Masar Contracting (fictional),33887.0,PO-00328
460328,2026-07-14,INV-1649,Paid,Rimal Madar Contracting (fictional),34646.2,PO-00329
460329,2026-08-29,INV-3951,Paid,Jazeera Qimma Solutions (fictional),16480.92,PO-00330
460330,2026-08-01,INV-3671,Paid,Rimal Madar Contracting (fictional),34418.57,PO-00331
460331,2026-07-18,INV-4910,Paid,Waha Taqa Services (fictional),27424.46,PO-00332
460332,2026-10-02,INV-2824,Paid,Rimal Sahab Supplies (fictional),16510.91,PO-00333
460333,2026-09-02,INV-1683,Paid,Rimal Madar Contracting (fictional),18885.24,PO-00334
460334,2026-09-17,INV-1720,Paid,Rimal Madar Contracting (fictional),32248.44,PO-00335
460335,2026-07-19,INV-1734,Paid,Shams Bina Solutions (fictional),10605.3,PO-00336
460336,2026-08-30,INV-5103,Paid,Dana Madar Est. (fictional),36323.64,PO-00337
460337,2026-08-31,INV-5387,Paid,Rimal Madar Contracting (fictional),13620.72,PO-00338
460338,2026-08-13,INV-1911,Paid,Sarh Noor Services (fictional),13582.08,PO-00339
460339,2026-08-01,INV-3843,Paid,Waha Madar Est. (fictional),36858.1,PO-00340
460340,2026-08-06,INV-1473,Paid,Bina Rawabi Est. (fictional),29601.36,PO-00341
460341,2026-08-05,INV-4937,Paid,Waha Taqa Services (fictional),34300.91,PO-00342
460342,2026-08-24,INV-2686,Paid,Taqa Noor Solutions (fictional),37846.0,PO-00343
460343,2026-07-20,INV-1756,Paid,Rimal Madar Contracting (fictional),33956.94,PO-00344
460344,2026-07-31,INV-1383,Paid,Nakheel Najd Trading (fictional),38139.2,PO-00345
460345,2026-07-08,INV-2666,Paid,Rimal Madar Contracting (fictional),26041.44,PO-00346
460346,2026-07-17,INV-3214,Paid,Najd Najd Contracting (fictional),16454.55,PO-00347
460347,2026-09-16,INV-4242,Paid,Rimal Madar Contracting (fictional),35673.31,PO-00348
460348,2026-08-02,INV-2098,Paid,Sahab Tamayuz Services (fictional),15381.64,PO-00349
460349,2026-09-29,INV-2639,Paid,Noor Najd Trading (fictional),25409.2,PO-00350
460350,2026-09-25,INV-1502,Paid,Bina Rawabi Est. (fictional),4796.34,PO-00351
460351,2026-09-21,INV-4655,Paid,Wadi Dana Solutions (fictional),10779.93,PO-00352
460352,2026-08-21,INV-4194,Paid,Taqa Shams Trading (fictional),2848.5,PO-00353
460353,2026-08-17,INV-3132,Paid,Buruj Waha Supplies (fictional),18047.15,PO-00354
460354,2026-07-28,INV-5081,Paid,Tamayuz Shams Solutions (fictional),16010.32,PO-00355
460355,2026-08-01,INV-5114,Paid,Tamayuz Shams Solutions (fictional),35257.82,PO-00356
460356,2026-08-30,INV-2063,Paid,Buruj Dana Trading (fictional),25649.54,PO-00357
460357,2026-08-28,INV-3224,Paid,Najd Najd Contracting (fictional),1545.74,PO-00358
460358,2026-07-29,INV-4253,Paid,Rimal Madar Contracting (fictional),35728.9,PO-00359
460359,2026-09-21,INV-4985,Paid,Waha Taqa Services (fictional),27410.34,PO-00360
460360,2026-10-07,INV-4512,Paid,Qimma Waha Est. (fictional),19649.76,PO-00361
460361,2026-08-11,INV-2113,Paid,Buruj Dana Trading (fictional),7574.66,PO-00362
460362,2026-08-01,INV-1780,Paid,Shams Bina Solutions (fictional),8532.92,PO-00363
460363,2026-09-30,INV-3690,Paid,Rimal Madar Contracting (fictional),7274.88,PO-00364
460364,2026-08-06,INV-3706,Paid,Rimal Madar Contracting (fictional),27505.8,PO-00365
460365,2026-08-17,INV-3857,Paid,Waha Madar Est. (fictional),9895.77,PO-00366
460366,2026-08-18,INV-2675,Paid,Noor Najd Trading (fictional),30925.0,PO-00367
460367,2026-08-25,INV-1782,Paid,Rimal Madar Contracting (fictional),32993.73,PO-00368
460368,2026-09-28,INV-5028,Paid,Waha Taqa Services (fictional),33067.92,PO-00369
460369,2026-10-01,INV-1737,Paid,Sarh Qimma Services (fictional),5503.14,PO-00370
460370,2026-09-03,INV-5259,Paid,Buruj Noor Solutions (fictional),11985.0,PO-00371
460371,2026-07-30,INV-1760,Paid,Sarh Qimma Services (fictional),34752.9,PO-00372
460372,2026-09-05,INV-4247,Paid,Taqa Shams Trading (fictional),16851.86,PO-00373
460373,2026-10-01,INV-1834,Paid,Shams Bina Solutions (fictional),11913.0,PO-00374
460374,2026-09-05,INV-5413,Paid,Rimal Madar Contracting (fictional),34226.4,PO-00375
460375,2026-08-10,INV-5073,Paid,Taqa Rimal Solutions (fictional),29559.6,PO-00376
460376,2026-07-26,INV-3864,Paid,Rimal Madar Contracting (fictional),31498.58,PO-00377
460377,2026-07-11,INV-2673,Paid,Rimal Madar Contracting (fictional),27213.36,PO-00378
460378,2026-08-27,INV-3898,Paid,Waha Madar Est. (fictional),19704.23,PO-00379
460379,2026-07-23,INV-1934,Paid,Madar Jazeera Trading (fictional),21885.22,PO-00380
460380,2026-08-06,INV-3964,Paid,Jazeera Qimma Solutions (fictional),19225.6,PO-00381
460381,2026-08-28,INV-1258,Paid,Bina Sarh Est. (fictional),8160.2,PO-00382
460382,2026-09-23,INV-2710,Paid,Noor Najd Trading (fictional),36678.07,PO-00383
460383,2026-09-27,INV-5402,Paid,Rimal Madar Contracting (fictional),11918.34,PO-00384
460384,2026-07-19,INV-4528,Paid,Qimma Waha Est. (fictional),7536.78,PO-00385
460385,2026-08-30,INV-2744,Paid,Noor Najd Trading (fictional),7402.8,PO-00386
460386,2026-07-20,INV-2777,Paid,Noor Najd Trading (fictional),30802.5,PO-00387
460387,2026-08-09,INV-1958,Paid,Sarh Noor Services (fictional),9700.88,PO-00388
460388,2026-09-30,INV-5249,Paid,Sahab Sarh Est. (fictional),5483.27,PO-00389
460389,2026-09-21,INV-2789,Paid,Noor Najd Trading (fictional),35239.17,PO-00390
460390,2026-09-21,INV-4308,Paid,Rimal Madar Contracting (fictional),6579.56,PO-00391
460391,2026-09-22,INV-3150,Paid,Buruj Waha Supplies (fictional),4954.25,PO-00392
460392,2026-08-07,INV-4904,Paid,Shams Madar Contracting (fictional),10801.88,PO-00393
460393,2026-09-20,INV-2729,Paid,Rimal Madar Contracting (fictional),14444.16,PO-00394
460394,2026-07-31,INV-5294,Paid,Sahab Sarh Est. (fictional),36950.88,PO-00395
460395,2026-09-07,INV-5078,Paid,Sahab Najd Solutions (fictional),36890.62,PO-00396
460396,2026-09-25,INV-1997,Paid,Buruj Dana Services (fictional),22228.32,PO-00397
460397,2026-08-28,INV-1272,Paid,Bina Sarh Est. (fictional),28102.36,PO-00398
460398,2026-08-04,INV-3196,Paid,Buruj Waha Supplies (fictional),31726.62,PO-00399
460399,2026-08-22,INV-4667,Paid,Wadi Dana Solutions (fictional),36294.66,PO-00400
460400,2026-08-25,INV-1531,Paid,Bina Rawabi Est. (fictional),24357.35,PO-00401
460400,2026-08-25,INV-1531,Paid,Bina Rawabi Est. (fictional),24357.35,PO-00401
460401,2026-08-14,INV-5043,Paid,Waha Taqa Services (fictional),9270.34,PO-00402
460402,2026-09-29,INV-1642,Paid,Sarh Rimal Trading (fictional),34073.26,PO-00403
460403,2026-08-25,INV-1696,Paid,Sarh Rimal Trading (fictional),7012.08,PO-00404
460404,2026-08-10,INV-2138,Paid,Buruj Dana Trading (fictional),29856.32,PO-00405
460405,2026-08-09,INV-1400,Paid,Nakheel Najd Trading (fictional),8762.08,PO-00406
460406,2026-07-26,INV-3242,Paid,Buruj Waha Supplies (fictional),12423.84,PO-00407
460407,2026-09-27,INV-2717,Paid,Taqa Noor Solutions (fictional),2513.52,PO-00408
460408,2026-08-29,INV-1791,Paid,Sarh Qimma Services (fictional),22665.42,PO-00409
460409,2026-10-15,INV-2048,Paid,Buruj Dana Services (fictional),23930.76,PO-00410
460410,2026-07-18,INV-5424,Paid,Rimal Madar Contracting (fictional),29878.64,PO-00411
460411,2026-10-12,INV-5162,Paid,Tamayuz Shams Solutions (fictional),12684.49,PO-00412
460412,2026-10-11,INV-2778,Paid,Rimal Madar Contracting (fictional),38881.98,PO-00413
460413,2026-08-13,INV-5133,Paid,Taqa Rimal Solutions (fictional),14652.0,PO-00414
460414,2026-10-10,INV-4545,Paid,Qimma Waha Est. (fictional),17823.93,PO-00415
460415,2026-08-25,INV-3997,Paid,Najd Sahab Contracting (fictional),31546.56,PO-00416
460416,2026-08-23,INV-2063,Paid,Buruj Dana Services (fictional),12158.85,PO-00417
460417,2026-08-10,INV-1639,Paid,Tamayuz Bina Trading (fictional),32169.72,PO-00418
460418,2026-09-15,INV-2146,Paid,Sahab Tamayuz Services (fictional),6902.19,PO-00419
460419,2026-07-21,INV-2877,Paid,Rimal Sahab Supplies (fictional),31651.2,PO-00420
460420,2026-10-19,INV-4260,Paid,Taqa Shams Trading (fictional),23755.05,PO-00421
460421,2026-09-18,INV-2081,Paid,Buruj Dana Services (fictional),21071.67,PO-00422
460422,2026-07-17,INV-4958,Paid,Shams Madar Contracting (fictional),6330.1,PO-00423
460423,2026-08-31,INV-3174,Paid,Rimal Madar Contracting (fictional),26604.3,PO-00424
460424,2026-09-27,INV-5350,Paid,Sahab Sarh Est. (fictional),12400.5,PO-00425
460425,2026-09-07,INV-3750,Paid,Rimal Madar Contracting (fictional),37605.95,PO-00426
460426,2026-07-25,INV-5470,Paid,Rimal Madar Contracting (fictional),12436.02,PO-00427
460427,2026-08-11,INV-3505,Paid,Rawabi Masar Trading (fictional),16007.54,PO-00428
460428,2026-10-01,INV-1871,Paid,Shams Bina Solutions (fictional),35481.6,PO-00429
460429,2026-07-20,INV-2755,Paid,Taqa Noor Solutions (fictional),5490.56,PO-00430
460430,2026-10-01,INV-1730,Paid,Shams Noor Trading (fictional),10652.36,PO-00431
460431,2026-10-09,INV-5091,Paid,Sahab Najd Solutions (fictional),23792.11,PO-00432
460432,2026-08-11,INV-1995,Paid,Sarh Noor Services (fictional),7296.16,PO-00433
460433,2026-08-22,INV-5450,Paid,Rimal Madar Contracting (fictional),10489.62,PO-00434
460434,2026-07-18,INV-3183,Paid,Rimal Madar Contracting (fictional),17084.01,PO-00435
460435,2026-09-30,INV-2192,Paid,Buruj Dana Trading (fictional),18506.2,PO-00436
460436,2026-10-11,INV-1559,Paid,Bina Rawabi Est. (fictional),21576.84,PO-00437
460437,2026-09-11,INV-1948,Paid,Madar Jazeera Trading (fictional),34463.4,PO-00438
460438,2026-10-02,INV-1821,Paid,Sarh Qimma Services (fictional),10147.0,PO-00439
460439,2026-09-25,INV-5371,Paid,Sahab Sarh Est. (fictional),31636.5,PO-00440
460440,2026-09-12,INV-2897,Paid,Rimal Sahab Supplies (fictional),18012.8,PO-00441
460441,2026-10-08,INV-3978,Paid,Jazeera Qimma Solutions (fictional),3272.58,PO-00442
460442,2026-08-09,INV-2411,Paid,Taqa Sahab Services (fictional),32226.34,PO-00443
460443,2026-07-24,INV-5275,Paid,Buruj Noor Solutions (fictional),15799.35,PO-00444
460444,2026-08-07,INV-4726,Paid,Wadi Dana Solutions (fictional),17771.46,PO-00445
460445,2026-07-25,INV-2241,Paid,Buruj Dana Trading (fictional),4928.22,PO-00446
460446,2026-10-05,INV-1981,Paid,Madar Jazeera Trading (fictional),17108.6,PO-00447
460447,2026-08-08,INV-1426,Paid,Nakheel Najd Trading (fictional),25289.76,PO-00448
460448,2026-10-12,INV-1890,Paid,Shams Bina Solutions (fictional),31843.57,PO-00449
460449,2026-07-23,INV-4597,Paid,Qimma Waha Est. (fictional),9122.88,PO-00450
460450,2026-07-20,INV-4296,Paid,Taqa Shams Trading (fictional),19675.08,PO-00451
460451,2026-07-16,INV-1780,Paid,Shams Noor Trading (fictional),3440.22,PO-00452
460452,2026-09-07,INV-1608,Paid,Bina Rawabi Est. (fictional),9844.32,PO-00453
460453,2026-07-16,INV-2777,Paid,Taqa Noor Solutions (fictional),34917.4,PO-00454
460454,2026-07-11,INV-1941,Paid,Shams Bina Solutions (fictional),33291.04,PO-00455
460455,2026-09-13,INV-1352,Paid,Tamayuz Jazeera Trading (fictional),3572.01,PO-00456
460456,2026-09-23,INV-5144,Paid,Taqa Rimal Solutions (fictional),34306.25,PO-00457
460457,2026-09-30,INV-2117,Paid,Buruj Dana Services (fictional),19297.45,PO-00458
460458,2026-09-24,INV-1751,Paid,Sarh Rimal Trading (fictional),8003.77,PO-00459
460459,2026-09-08,INV-2848,Paid,Noor Najd Trading (fictional),29209.77,PO-00460
460460,2026-10-04,INV-5496,Paid,Rimal Madar Contracting (fictional),28380.95,PO-00461
460461,2026-09-05,INV-3989,Paid,Jazeera Qimma Solutions (fictional),10830.27,PO-00462
460462,2026-09-11,INV-5151,Paid,Dana Madar Est. (fictional),9366.5,PO-00463
460463,2026-08-03,INV-3998,Paid,Jazeera Qimma Solutions (fictional),29509.75,PO-00464
460464,2026-10-07,INV-2938,Paid,Rimal Sahab Supplies (fictional),22500.35,PO-00465
460465,2026-08-23,INV-2017,Paid,Sarh Noor Services (fictional),32438.9,PO-00466
460466,2026-08-04,INV-2077,Paid,Sarh Noor Services (fictional),27426.9,PO-00467
460467,2026-07-21,INV-2804,Paid,Taqa Noor Solutions (fictional),10193.04,PO-00468
460468,2026-09-13,INV-3665,Paid,Bina Afaq Contracting (fictional),34810.08,PO-00469
460469,2026-07-24,INV-1652,Paid,Tamayuz Bina Trading (fictional),24014.2,PO-00470
460470,2026-09-09,INV-1809,Paid,Sarh Rimal Trading (fictional),24706.22,PO-00471
460471,2026-07-19,INV-1948,Paid,Shams Bina Solutions (fictional),30466.17,PO-00472
460472,2026-09-04,INV-2193,Paid,Sahab Tamayuz Services (fictional),13960.8,PO-00473
460473,2026-08-28,INV-5500,Paid,Rimal Madar Contracting (fictional),36335.0,PO-00474
460474,2026-08-12,INV-4777,Paid,Nakheel Qimma Supplies (fictional),26112.24,PO-00475
460475,2026-09-18,INV-1445,Paid,Najd Madar Supplies (fictional),8293.38,PO-00476
460476,2026-09-24,INV-4615,Paid,Qimma Waha Est. (fictional),20189.0,PO-00477
460477,2026-07-21,INV-5555,Paid,Rimal Madar Contracting (fictional),4124.4,PO-00478
460478,2026-07-21,INV-4343,Paid,Taqa Shams Trading (fictional),38883.3,PO-00479
460479,2026-08-20,INV-2084,Paid,Sarh Noor Services (fictional),5771.97,PO-00480
460480,2026-10-01,INV-5200,Paid,Taqa Rimal Solutions (fictional),14103.6,PO-00481
460481,2026-10-03,INV-5200,Paid,Tamayuz Shams Solutions (fictional),15992.32,PO-00482
460482,2026-09-30,INV-1309,Paid,Bina Sarh Est. (fictional),41383.44,PO-00483
460483,2026-09-02,INV-1668,Paid,Bina Rawabi Est. (fictional),25443.36,PO-00484
460484,2026-07-31,INV-2128,Paid,Buruj Dana Services (fictional),15744.68,PO-00485
460485,2026-09-28,INV-3693,Paid,Bina Afaq Contracting (fictional),26337.2,PO-00486
460486,2026-08-14,INV-3907,Paid,Waha Madar Est. (fictional),4332.36,PO-00487
460487,2026-08-02,INV-5577,Paid,Rimal Madar Contracting (fictional),20891.34,PO-00488
460488,2026-09-27,INV-3766,Paid,Rimal Madar Contracting (fictional),29397.73,PO-00489
460489,2026-08-02,INV-5233,Paid,Taqa Rimal Solutions (fictional),2794.57,PO-00490
460490,2026-08-06,INV-2140,Paid,Sarh Noor Services (fictional),31138.47,PO-00491
460491,2026-08-11,INV-2828,Paid,Rimal Madar Contracting (fictional),32996.6,PO-00492
460492,2026-09-04,INV-2492,Paid,Dana Rimal Trading (fictional),25656.96,PO-00493
460493,2026-09-13,INV-3260,Paid,Najd Najd Contracting (fictional),27520.92,PO-00494
460494,2026-07-19,INV-2281,Paid,Buruj Dana Trading (fictional),31771.46,PO-00495
460495,2026-10-02,INV-1844,Paid,Sarh Qimma Services (fictional),21164.0,PO-00496
460496,2026-08-15,INV-4807,Paid,Nakheel Qimma Supplies (fictional),25075.17,PO-00497
460497,2026-09-01,INV-1899,Paid,Sarh Qimma Services (fictional),15492.75,PO-00498
460498,2026-09-26,INV-3919,Paid,Rimal Madar Contracting (fictional),5551.92,PO-00499
460499,2026-08-27,INV-1359,Paid,Tamayuz Jazeera Trading (fictional),11555.85,PO-00500
460500,2026-10-04,INV-1455,Paid,Najd Madar Supplies (fictional),33442.89,PO-00501
460500,2026-10-04,INV-1455,Paid,Najd Madar Supplies (fictional),33442.89,PO-00501
460501,2026-10-06,INV-3267,Paid,Najd Najd Contracting (fictional),33598.48,PO-00502
460502,2026-08-10,INV-3564,Paid,Rawabi Masar Trading (fictional),9410.56,PO-00503
460503,2026-08-20,INV-3572,Paid,Rawabi Masar Trading (fictional),5676.51,PO-00504
460504,2026-09-26,INV-2015,Paid,Madar Jazeera Trading (fictional),5779.02,PO-00505
460505,2026-10-17,INV-2521,Paid,Masar Wadi Services (fictional),26660.55,PO-00506
460506,2026-08-15,INV-3604,Paid,Rawabi Masar Trading (fictional),28242.0,PO-00507
460507,2026-08-12,INV-1486,Paid,Nakheel Najd Trading (fictional),35825.72,PO-00508
460508,2026-08-13,INV-1382,Paid,Tamayuz Jazeera Trading (fictional),5639.7,PO-00509
460509,2026-10-04,INV-5053,Paid,Waha Taqa Services (fictional),39937.0,PO-00510
460510,2026-09-15,INV-5385,Paid,Sahab Sarh Est. (fictional),17352.58,PO-00511
460511,2026-08-07,INV-4855,Paid,Rimal Madar Contracting (fictional),15215.06,PO-00512
460512,2026-09-16,INV-3943,Paid,Rimal Madar Contracting (fictional),18511.02,PO-00513
460513,2026-07-17,INV-4366,Paid,Taqa Shams Trading (fictional),15810.7,PO-00514
460514,2026-09-08,INV-2831,Paid,Taqa Noor Solutions (fictional),4294.62,PO-00515
460515,2026-09-10,INV-5313,Paid,Buruj Noor Solutions (fictional),14501.55,PO-00516
460516,2026-08-23,INV-5255,Paid,Taqa Rimal Solutions (fictional),20508.18,PO-00517
460517,2026-07-21,INV-1415,Paid,Tamayuz Jazeera Trading (fictional),27198.78,PO-00518
460518,2026-09-29,INV-3266,Paid,Buruj Waha Supplies (fictional),6928.74,PO-00519
460519,2026-08-02,INV-2363,Paid,Noor Masar Contracting (fictional),3724.86,PO-00520
460520,2026-07-13,INV-2543,Paid,Masar Wadi Services (fictional),33704.84,PO-00521
460521,2026-09-23,INV-4757,Paid,Wadi Dana Solutions (fictional),4005.54,PO-00522
460522,2026-09-20,INV-1672,Paid,Tamayuz Bina Trading (fictional),29056.32,PO-00523
460523,2026-10-03,INV-4024,Paid,Jazeera Qimma Solutions (fictional),28028.63,PO-00524
460524,2026-07-14,INV-2877,Paid,Taqa Noor Solutions (fictional),37079.9,PO-00525
460525,2026-10-16,INV-2412,Paid,Noor Masar Contracting (fictional),29188.32,PO-00526
460526,2026-10-09,INV-5076,Paid,Waha Taqa Services (fictional),19068.35,PO-00527
460527,2026-08-09,INV-3791,Paid,Rimal Madar Contracting (fictional),37725.38,PO-00528
460528,2026-08-12,INV-3967,Paid,Waha Madar Est. (fictional),37728.45,PO-00529
460529,2026-07-24,INV-5183,Paid,Dana Madar Est. (fictional),20752.44,PO-00530
460530,2026-08-11,INV-2551,Paid,Dana Rimal Trading (fictional),33773.4,PO-00531
460531,2026-09-22,INV-2611,Paid,Dana Rimal Trading (fictional),3972.49,PO-00532
460532,2026-08-03,INV-5344,Paid,Buruj Noor Solutions (fictional),26123.79,PO-00533
460533,2026-08-19,INV-2435,Paid,Taqa Sahab Services (fictional),15030.7,PO-00534
460534,2026-09-27,INV-1800,Paid,Shams Noor Trading (fictional),3123.36,PO-00535
460535,2026-08-25,INV-5115,Paid,Sahab Najd Solutions (fictional),28591.3,PO-00536
460536,2026-09-08,INV-3980,Paid,Waha Madar Est. (fictional),11625.84,PO-00537
460537,2026-10-04,INV-1840,Paid,Shams Noor Trading (fictional),4843.2,PO-00538
460538,2026-09-16,INV-5254,Paid,Tamayuz Shams Solutions (fictional),8228.0,PO-00539
460539,2026-07-21,INV-1826,Paid,Rimal Madar Contracting (fictional),12707.28,PO-00540
460540,2026-07-26,INV-1910,Paid,Sarh Qimma Services (fictional),14784.27,PO-00541
460541,2026-09-08,INV-2664,Paid,Dana Rimal Trading (fictional),14070.55,PO-00542
460542,2026-08-24,INV-2170,Paid,Sarh Noor Services (fictional),17810.8,PO-00543
460543,2026-08-30,INV-5224,Paid,Dana Madar Est. (fictional),15684.24,PO-00544
460544,2026-07-28,INV-1461,Paid,Tamayuz Jazeera Trading (fictional),2353.74,PO-00545
460545,2026-08-23,INV-1937,Paid,Sarh Qimma Services (fictional),10741.94,PO-00546
460546,2026-09-27,INV-3284,Paid,Najd Najd Contracting (fictional),3080.28,PO-00547
460547,2026-08-28,INV-2221,Paid,Sarh Noor Services (fictional),2867.01,PO-00548
460548,2026-08-04,INV-5375,Paid,Buruj Noor Solutions (fictional),27356.77,PO-00549
460549,2026-09-27,INV-2241,Paid,Sahab Tamayuz Services (fictional),14039.04,PO-00550
460550,2026-07-25,INV-5312,Paid,Tamayuz Shams Solutions (fictional),18398.82,PO-00551
460551,2026-09-05,INV-4042,Paid,Jazeera Qimma Solutions (fictional),28337.25,PO-00552
460552,2026-10-02,INV-2891,Paid,Noor Najd Trading (fictional),21855.44,PO-00553
460553,2026-10-10,INV-3743,Paid,Bina Afaq Contracting (fictional),2683.84,PO-00554
460554,2026-10-03,INV-4804,Paid,Wadi Dana Solutions (fictional),32404.32,PO-00555
460555,2026-08-10,INV-4006,Paid,Waha Madar Est. (fictional),31296.65,PO-00556
460556,2026-09-28,INV-1824,Paid,Sarh Rimal Trading (fictional),16657.68,PO-00557
460557,2026-08-14,INV-4038,Paid,Najd Sahab Contracting (fictional),28976.61,PO-00558
460558,2026-09-19,INV-5190,Paid,Nakheel Sarh Solutions (fictional),33894.48,PO-00559
460559,2026-07-28,INV-1896,Paid,Shams Noor Trading (fictional),12301.52,PO-00560
460560,2026-08-12,INV-3844,Paid,Rimal Madar Contracting (fictional),34070.23,PO-00561
460561,2026-10-03,INV-2445,Paid,Noor Masar Contracting (fictional),3267.45,PO-00562
460562,2026-09-27,INV-1945,Paid,Sarh Qimma Services (fictional),11934.0,PO-00563
460563,2026-08-25,INV-4829,Paid,Wadi Dana Solutions (fictional),9017.02,PO-00564
460564,2026-08-31,INV-2167,Paid,Buruj Dana Services (fictional),29272.38,PO-00565
460565,2026-09-26,INV-5166,Paid,Sahab Najd Solutions (fictional),5705.82,PO-00566
460566,2026-09-29,INV-4083,Paid,Jazeera Qimma Solutions (fictional),35928.56,PO-00567
460567,2026-08-03,INV-5102,Paid,Waha Taqa Services (fictional),14882.4,PO-00568
460568,2026-08-11,INV-4857,Paid,Nakheel Qimma Supplies (fictional),30619.68,PO-00569
460569,2026-08-31,INV-4358,Paid,Rimal Madar Contracting (fictional),5735.04,PO-00570
460570,2026-07-28,INV-2969,Paid,Rimal Sahab Supplies (fictional),20594.88,PO-00571
460571,2026-07-18,INV-2894,Paid,Taqa Noor Solutions (fictional),10464.3,PO-00572
460572,2026-07-30,INV-2176,Paid,Buruj Dana Services (fictional),29881.04,PO-00573
460573,2026-07-20,INV-4646,Paid,Qimma Waha Est. (fictional),18333.21,PO-00574
460574,2026-10-18,INV-4705,Paid,Bina Taqa Est. (fictional),2794.15,PO-00575
460575,2026-08-28,INV-2357,Paid,Rimal Qimma Services (fictional),19233.43,PO-00576
460576,2026-07-26,INV-2990,Paid,Rimal Sahab Supplies (fictional),35236.04,PO-00577
460577,2026-08-02,INV-3623,Paid,Rawabi Masar Trading (fictional),39639.73,PO-00578
460578,2026-08-23,INV-4016,Paid,Waha Madar Est. (fictional),13162.9,PO-00579
460579,2026-09-26,INV-2001,Paid,Sarh Qimma Services (fictional),2948.99,PO-00580
460580,2026-09-21,INV-3960,Paid,Rimal Madar Contracting (fictional),13278.0,PO-00581
460581,2026-10-04,INV-4897,Paid,Rimal Madar Contracting (fictional),29448.72,PO-00582
460582,2026-09-05,INV-2935,Paid,Taqa Noor Solutions (fictional),27217.4,PO-00583
460583,2026-08-27,INV-3192,Paid,Rimal Madar Contracting (fictional),21736.1,PO-00584
460584,2026-07-14,INV-5401,Paid,Buruj Noor Solutions (fictional),9318.32,PO-00585
460585,2026-08-11,INV-2866,Paid,Rimal Madar Contracting (fictional),23578.72,PO-00586
460586,2026-08-05,INV-1509,Paid,Nakheel Najd Trading (fictional),29882.46,PO-00587
460587,2026-09-28,INV-2491,Paid,Noor Masar Contracting (fictional),4397.67,PO-00588
460588,2026-08-09,INV-4878,Paid,Nakheel Qimma Supplies (fictional),34175.5,PO-00589
460589,2026-08-09,INV-2258,Paid,Sahab Tamayuz Services (fictional),18463.06,PO-00590
460590,2026-07-28,INV-2267,Paid,Sahab Tamayuz Services (fictional),2239.14,PO-00591
460591,2026-09-10,INV-2413,Paid,Rimal Qimma Services (fictional),15934.1,PO-00592
460592,2026-08-18,INV-4714,Paid,Bina Taqa Est. (fictional),8588.16,PO-00593
460593,2026-10-12,INV-1317,Paid,Bina Sarh Est. (fictional),22357.98,PO-00594
460594,2026-10-02,INV-2688,Paid,Dana Rimal Trading (fictional),24279.2,PO-00595
460595,2026-09-17,INV-1706,Paid,Bina Rawabi Est. (fictional),27734.42,PO-00596
460596,2026-07-29,INV-1688,Paid,Tamayuz Bina Trading (fictional),11420.64,PO-00597
460597,2026-07-30,INV-1506,Paid,Najd Madar Supplies (fictional),32665.62,PO-00598
460598,2026-09-25,INV-2495,Paid,Taqa Sahab Services (fictional),2708.53,PO-00599
460599,2026-07-17,INV-3872,Paid,Rimal Madar Contracting (fictional),7915.2,PO-00600
460600,2026-09-19,INV-3022,Paid,Rimal Sahab Supplies (fictional),39035.83,PO-00601
460600,2026-09-19,INV-3022,Paid,Rimal Sahab Supplies (fictional),39035.83,PO-00601
460601,2026-08-09,INV-4923,Paid,Rimal Madar Contracting (fictional),12750.24,PO-00602
460602,2026-10-05,INV-2053,Paid,Sarh Qimma Services (fictional),27179.25,PO-00603
460603,2026-08-04,INV-4929,Paid,Nakheel Qimma Supplies (fictional),27334.65,PO-00604
460604,2026-09-16,INV-1545,Paid,Najd Madar Supplies (fictional),10183.28,PO-00605
460605,2026-09-26,INV-2065,Paid,Sarh Qimma Services (fictional),25168.64,PO-00606
460606,2026-10-06,INV-2531,Paid,Noor Masar Contracting (fictional),20258.22,PO-00607
460607,2026-08-16,INV-3295,Paid,Najd Najd Contracting (fictional),26368.3,PO-00608
460608,2026-07-20,INV-5204,Paid,Sahab Najd Solutions (fictional),39273.35,PO-00609
460609,2026-09-06,INV-4031,Paid,Waha Madar Est. (fictional),24057.24,PO-00610
460610,2026-09-30,INV-1750,Paid,Bina Rawabi Est. (fictional),9634.12,PO-00611
460611,2026-09-07,INV-5118,Paid,Waha Taqa Services (fictional),24128.06,PO-00612
460612,2026-08-18,INV-5171,Paid,Waha Taqa Services (fictional),34784.79,PO-00613
460613,2026-08-10,INV-1767,Paid,Bina Rawabi Est. (fictional),25357.27,PO-00614
460614,2026-09-17,INV-5409,Paid,Buruj Noor Solutions (fictional),19360.0,PO-00615
460615,2026-09-29,INV-4723,Paid,Bina Taqa Est. (fictional),20654.2,PO-00616
460616,2026-07-31,INV-3306,Paid,Najd Najd Contracting (fictional),22185.58,PO-00617
460617,2026-07-17,INV-3065,Paid,Rimal Sahab Supplies (fictional),20911.2,PO-00618
460618,2026-07-25,INV-2524,Paid,Taqa Sahab Services (fictional),4394.44,PO-00619
460619,2026-09-08,INV-2076,Paid,Sarh Qimma Services (fictional),8221.5,PO-00620
460620,2026-07-24,INV-2286,Paid,Sahab Tamayuz Services (fictional),36227.75,PO-00621
460621,2026-09-19,INV-2589,Paid,Masar Wadi Services (fictional),24410.82,PO-00622
460622,2026-07-17,INV-5421,Paid,Sahab Sarh Est. (fictional),21743.56,PO-00623
460623,2026-08-26,INV-1602,Paid,Najd Madar Supplies (fictional),30517.55,PO-00624
460624,2026-09-28,INV-2633,Paid,Masar Wadi Services (fictional),23292.96,PO-00625
460625,2026-07-10,INV-4958,Paid,Nakheel Qimma Supplies (fictional),26858.4,PO-00626
460626,2026-08-16,INV-3087,Paid,Rimal Sahab Supplies (fictional),32862.36,PO-00627
460627,2026-08-07,INV-1334,Paid,Bina Sarh Est. (fictional),10200.5,PO-00628
460628,2026-07-28,INV-1833,Paid,Rimal Madar Contracting (fictional),6517.92,PO-00629
460629,2026-09-07,INV-1787,Paid,Bina Rawabi Est. (fictional),28702.35,PO-00630
460630,2026-10-14,INV-1708,Paid,Tamayuz Bina Trading (fictional),25204.48,PO-00631
460631,2026-08-18,INV-4402,Paid,Rimal Madar Contracting (fictional),8400.09,PO-00632
460632,2026-09-11,INV-1936,Paid,Shams Noor Trading (fictional),11373.92,PO-00633
460633,2026-07-17,INV-4987,Paid,Nakheel Qimma Supplies (fictional),37296.81,PO-00634
460634,2026-10-02,INV-2578,Paid,Taqa Sahab Services (fictional),40282.2,PO-00635
460635,2026-08-08,INV-1768,Paid,Tamayuz Bina Trading (fictional),15185.5,PO-00636
460636,2026-07-17,INV-3113,Paid,Rimal Sahab Supplies (fictional),7814.43,PO-00637
460637,2026-07-11,INV-1873,Paid,Sarh Rimal Trading (fictional),3945.43,PO-00638
460638,2026-08-12,INV-2243,Paid,Sarh Noor Services (fictional),40233.38,PO-00639
460639,2026-07-12,INV-5216,Paid,Nakheel Sarh Solutions (fictional),26583.0,PO-00640
460640,2026-08-08,INV-3800,Paid,Bina Afaq Contracting (fictional),40354.66,PO-00641
460641,2026-07-27,INV-5465,Paid,Sahab Sarh Est. (fictional),5760.56,PO-00642
460642,2026-08-18,INV-4880,Paid,Wadi Dana Solutions (fictional),2689.9,PO-00643
460643,2026-08-22,INV-5505,Paid,Rimal Madar Contracting (fictional),38998.08,PO-00644
460644,2026-09-21,INV-4679,Paid,Qimma Waha Est. (fictional),38724.24,PO-00645
460645,2026-08-07,INV-5601,Paid,Rimal Madar Contracting (fictional),18534.96,PO-00646
460646,2026-08-20,INV-5185,Paid,Waha Taqa Services (fictional),14859.81,PO-00647
460647,2026-08-02,INV-1651,Paid,Najd Madar Supplies (fictional),31201.92,PO-00648
460648,2026-10-11,INV-2234,Paid,Buruj Dana Services (fictional),9650.08,PO-00649
460649,2026-10-06,INV-4134,Paid,Jazeera Qimma Solutions (fictional),35137.08,PO-00650
460650,2026-08-29,INV-1828,Paid,Bina Rawabi Est. (fictional),2272.78,PO-00651
460651,2026-08-05,INV-3120,Paid,Rimal Sahab Supplies (fictional),2655.78,PO-00652
460652,2026-09-03,INV-1885,Paid,Sarh Rimal Trading (fictional),9799.2,PO-00653
460653,2026-09-18,INV-4055,Paid,Waha Madar Est. (fictional),35553.46,PO-00654
460654,2026-07-13,INV-2873,Paid,Rimal Madar Contracting (fictional),33773.0,PO-00655
460655,2026-08-16,INV-3326,Paid,Najd Najd Contracting (fictional),33295.65,PO-00656
460656,2026-10-18,INV-5363,Paid,Tamayuz Shams Solutions (fictional),9593.73,PO-00657
460657,2026-09-28,INV-2458,Paid,Rimal Qimma Services (fictional),38393.65,PO-00658
460658,2026-09-10,INV-1981,Paid,Shams Bina Solutions (fictional),35615.7,PO-00659
460659,2026-09-29,INV-5514,Paid,Rimal Madar Contracting (fictional),35376.15,PO-00660
460660,2026-07-17,INV-1872,Paid,Bina Rawabi Est. (fictional),29871.66,PO-00661
460661,2026-10-04,INV-2334,Paid,Sahab Tamayuz Services (fictional),38183.94,PO-00662
460662,2026-08-16,INV-4968,Paid,Shams Madar Contracting (fictional),23986.77,PO-00663
460663,2026-07-15,INV-2513,Paid,Rimal Qimma Services (fictional),8288.25,PO-00664
460664,2026-10-04,INV-2941,Paid,Noor Najd Trading (fictional),11390.32,PO-00665
460665,2026-08-20,INV-3215,Paid,Rimal Madar Contracting (fictional),36254.16,PO-00666
460666,2026-08-14,INV-4918,Paid,Wadi Dana Solutions (fictional),39137.61,PO-00667
460667,2026-07-08,INV-2989,Paid,Taqa Noor Solutions (fictional),25464.18,PO-00668
460668,2026-08-30,INV-5385,Paid,Tamayuz Shams Solutions (fictional),26687.54,PO-00669
460669,2026-09-19,INV-1819,Paid,Tamayuz Bina Trading (fictional),25546.0,PO-00670
460670,2026-08-10,INV-4975,Paid,Wadi Dana Solutions (fictional),21301.56,PO-00671
460671,2026-09-28,INV-5214,Paid,Sahab Najd Solutions (fictional),29864.35,PO-00672
460672,2026-09-21,INV-4146,Paid,Jazeera Qimma Solutions (fictional),16576.8,PO-00673
460673,2026-08-22,INV-1924,Paid,Sarh Rimal Trading (fictional),28740.84,PO-00674
460674,2026-09-14,INV-1537,Paid,Nakheel Najd Trading (fictional),39090.6,PO-00675
460675,2026-08-08,INV-2555,Paid,Rimal Qimma Services (fictional),19472.4,PO-00676
460676,2026-07-28,INV-2299,Paid,Buruj Dana Trading (fictional),22620.25,PO-00677
460677,2026-09-09,INV-2741,Paid,Dana Rimal Trading (fictional),23278.71,PO-00678
460678,2026-07-26,INV-1957,Paid,Sarh Rimal Trading (fictional),19736.19,PO-00679
460679,2026-09-10,INV-5232,Paid,Sahab Najd Solutions (fictional),23161.05,PO-00680
460680,2026-09-27,INV-5236,Paid,Nakheel Sarh Solutions (fictional),7301.96,PO-00681
460681,2026-09-04,INV-3236,Paid,Rimal Madar Contracting (fictional),8614.48,PO-00682
460682,2026-10-11,INV-1469,Paid,Tamayuz Jazeera Trading (fictional),2191.3,PO-00683
460683,2026-08-03,INV-5047,Paid,Nakheel Qimma Supplies (fictional),9704.94,PO-00684
460684,2026-09-30,INV-2006,Paid,Shams Bina Solutions (fictional),36179.39,PO-00685
460685,2026-08-19,INV-2664,Paid,Masar Wadi Services (fictional),8665.16,PO-00686
460686,2026-08-15,INV-4860,Paid,Jazeera Noor Supplies (fictional),4164.18,PO-00687
460687,2026-09-14,INV-1708,Paid,Najd Madar Supplies (fictional),20614.22,PO-00688
460688,2026-09-23,INV-4999,Paid,Wadi Dana Solutions (fictional),31768.8,PO-00689
460689,2026-09-03,INV-2257,Paid,Buruj Dana Services (fictional),14304.15,PO-00690
460690,2026-08-13,INV-4091,Paid,Waha Madar Est. (fictional),22262.16,PO-00691
460691,2026-08-31,INV-2610,Paid,Taqa Sahab Services (fictional),4269.12,PO-00692
460692,2026-07-31,INV-5509,Paid,Sahab Sarh Est. (fictional),32611.4,PO-00693
460693,2026-08-14,INV-1486,Paid,Tamayuz Jazeera Trading (fictional),4461.37,PO-00694
460694,2026-07-06,INV-5452,Paid,Buruj Noor Solutions (fictional),30226.14,PO-00695
460695,2026-09-06,INV-2263,Paid,Sarh Noor Services (fictional),8799.05,PO-00696
460696,2026-09-13,INV-1991,Paid,Sarh Rimal Trading (fictional),35212.86,PO-00697
460697,2026-08-18,INV-2289,Paid,Buruj Dana Services (fictional),4683.42,PO-00698
460698,2026-10-07,INV-4015,Paid,Rimal Madar Contracting (fictional),18212.04,PO-00699
460699,2026-07-28,INV-1757,Paid,Najd Madar Supplies (fictional),4192.92,PO-00700
460700,2026-08-24,INV-1781,Paid,Najd Madar Supplies (fictional),3508.32,PO-00701
460700,2026-08-24,INV-1781,Paid,Najd Madar Supplies (fictional),3508.32,PO-00701
460701,2026-10-07,INV-4976,Paid,Rimal Madar Contracting (fictional),16064.72,PO-00702
460702,2026-09-25,INV-3927,Paid,Rimal Madar Contracting (fictional),19405.62,PO-00703
460703,2026-09-06,INV-5411,Paid,Tamayuz Shams Solutions (fictional),25819.83,PO-00704
460704,2026-08-09,INV-2541,Paid,Noor Masar Contracting (fictional),41361.34,PO-00705
460705,2026-09-25,INV-3128,Paid,Rimal Sahab Supplies (fictional),35991.81,PO-00706
460706,2026-07-31,INV-5563,Paid,Rimal Madar Contracting (fictional),17337.6,PO-00707
460707,2026-09-24,INV-5074,Paid,Nakheel Qimma Supplies (fictional),22353.76,PO-00708
460708,2026-09-20,INV-2033,Paid,Sarh Rimal Trading (fictional),10406.5,PO-00709
460709,2026-07-18,INV-3261,Paid,Rimal Madar Contracting (fictional),2502.2,PO-00710
460710,2026-09-23,INV-2599,Paid,Rimal Qimma Services (fictional),3066.14,PO-00711
460711,2026-09-19,INV-5638,Paid,Rimal Madar Contracting (fictional),35725.84,PO-00712
460712,2026-09-04,INV-2797,Paid,Dana Rimal Trading (fictional),9342.62,PO-00713
460713,2026-08-27,INV-2299,Paid,Sarh Noor Services (fictional),1336.32,PO-00714
460714,2026-07-29,INV-3942,Paid,Rimal Madar Contracting (fictional),23497.18,PO-00715
460715,2026-09-17,INV-2089,Paid,Sarh Rimal Trading (fictional),9828.42,PO-00716
460716,2026-09-16,INV-5267,Paid,Taqa Rimal Solutions (fictional),7853.8,PO-00717
460717,2026-07-30,INV-4143,Paid,Waha Madar Est. (fictional),35248.08,PO-00718
460718,2026-08-09,INV-2911,Paid,Rimal Madar Contracting (fictional),12367.14,PO-00719
460719,2026-08-03,INV-2340,Paid,Buruj Dana Services (fictional),17996.64,PO-00720
460720,2026-08-12,INV-2959,Paid,Noor Najd Trading (fictional),32121.0,PO-00721
460721,2026-10-12,INV-1846,Paid,Rimal Madar Contracting (fictional),13899.0,PO-00722
460722,2026-08-07,INV-4750,Paid,Bina Taqa Est. (fictional),21345.44,PO-00723
460723,2026-10-06,INV-4181,Paid,Waha Madar Est. (fictional),28066.5,PO-00724
460724,2026-09-25,INV-4237,Paid,Waha Madar Est. (fictional),19733.91,PO-00725
460725,2026-08-02,INV-5291,Paid,Nakheel Sarh Solutions (fictional),20555.72,PO-00726
460726,2026-08-12,INV-2331,Paid,Buruj Dana Trading (fictional),33377.85,PO-00727
460727,2026-07-31,INV-5491,Paid,Buruj Noor Solutions (fictional),35181.72,PO-00728
460728,2026-07-21,INV-3276,Paid,Buruj Waha Supplies (fictional),9548.91,PO-00729
460729,2026-08-23,INV-3184,Paid,Rimal Sahab Supplies (fictional),35445.87,PO-00730
460730,2026-09-12,INV-4078,Paid,Najd Sahab Contracting (fictional),18879.63,PO-00731
460731,2026-09-25,INV-5204,Paid,Waha Taqa Services (fictional),11779.5,PO-00732
460732,2026-08-20,INV-4198,Paid,Jazeera Qimma Solutions (fictional),4598.83,PO-00733
460733,2026-10-01,INV-2357,Paid,Buruj Dana Trading (fictional),25899.51,PO-00734
460734,2026-09-19,INV-1876,Paid,Rimal Madar Contracting (fictional),37670.13,PO-00735
460735,2026-08-16,INV-5679,Paid,Rimal Madar Contracting (fictional),37801.76,PO-00736
460736,2026-09-10,INV-5081,Paid,Nakheel Qimma Supplies (fictional),1323.67,PO-00737
460737,2026-07-30,INV-1559,Paid,Nakheel Najd Trading (fictional),38274.6,PO-00738
460738,2026-07-18,INV-5257,Paid,Waha Taqa Services (fictional),31410.32,PO-00739
460739,2026-08-02,INV-4803,Paid,Bina Taqa Est. (fictional),16016.0,PO-00740
460740,2026-07-27,INV-4453,Paid,Rimal Madar Contracting (fictional),25875.85,PO-00741
460741,2026-08-07,INV-4460,Paid,Rimal Madar Contracting (fictional),14595.48,PO-00742
460742,2026-10-11,INV-5271,Paid,Waha Taqa Services (fictional),31510.24,PO-00743
460743,2026-07-22,INV-2125,Paid,Sarh Qimma Services (fictional),21373.0,PO-00744
460744,2026-09-08,INV-4984,Paid,Rimal Madar Contracting (fictional),3616.88,PO-00745
460745,2026-09-26,INV-2073,Paid,Madar Jazeera Trading (fictional),9969.65,PO-00746
460746,2026-07-21,INV-1815,Paid,Najd Madar Supplies (fictional),14875.08,PO-00747
460747,2026-09-08,INV-5266,Paid,Dana Madar Est. (fictional),20297.14,PO-00748
460748,2026-08-26,INV-4047,Paid,Rimal Madar Contracting (fictional),33272.2,PO-00749
460749,2026-07-19,INV-3679,Paid,Rawabi Masar Trading (fictional),29523.1,PO-00750
460750,2026-08-22,INV-3027,Paid,Taqa Noor Solutions (fictional),30902.4,PO-00751
460751,2026-09-04,INV-4470,Paid,Rimal Madar Contracting (fictional),38128.44,PO-00752
460752,2026-10-14,INV-2953,Paid,Rimal Madar Contracting (fictional),18907.66,PO-00753
460753,2026-08-17,INV-4686,Paid,Qimma Waha Est. (fictional),7405.7,PO-00754
460754,2026-07-22,INV-3036,Paid,Taqa Noor Solutions (fictional),15578.1,PO-00755
460755,2026-09-23,INV-2577,Paid,Noor Masar Contracting (fictional),32999.96,PO-00756
460756,2026-10-15,INV-5597,Paid,Rimal Madar Contracting (fictional),8995.0,PO-00757
460757,2026-10-10,INV-3708,Paid,Rawabi Masar Trading (fictional),31173.66,PO-00758
460758,2026-10-02,INV-4135,Paid,Najd Sahab Contracting (fictional),13853.76,PO-00759
460759,2026-07-22,INV-2406,Paid,Buruj Dana Trading (fictional),15925.68,PO-00760
460760,2026-08-24,INV-2096,Paid,Madar Jazeera Trading (fictional),27503.84,PO-00761
460761,2026-10-01,INV-5726,Paid,Rimal Madar Contracting (fictional),10423.95,PO-00762
460762,2026-09-20,INV-5022,Paid,Shams Madar Contracting (fictional),8461.18,PO-00763
460763,2026-07-23,INV-1947,Paid,Shams Noor Trading (fictional),28603.86,PO-00764
460764,2026-08-01,INV-3829,Paid,Bina Afaq Contracting (fictional),25058.03,PO-00765
460765,2026-08-10,INV-2129,Paid,Madar Jazeera Trading (fictional),9237.23,PO-00766
460766,2026-10-07,INV-5630,Paid,Rimal Madar Contracting (fictional),27059.68,PO-00767
460767,2026-08-13,INV-3853,Paid,Bina Afaq Contracting (fictional),38943.62,PO-00768
460768,2026-09-29,INV-1961,Paid,Shams Noor Trading (fictional),19337.76,PO-00769
460769,2026-09-04,INV-3051,Paid,Taqa Noor Solutions (fictional),11438.82,PO-00770
460770,2026-08-02,INV-5676,Paid,Rimal Madar Contracting (fictional),27595.68,PO-00771
460771,2026-08-23,INV-4515,Paid,Rimal Madar Contracting (fictional),16252.29,PO-00772
460772,2026-07-20,INV-4852,Paid,Bina Taqa Est. (fictional),10455.51,PO-00773
460773,2026-09-17,INV-3283,Paid,Buruj Waha Supplies (fictional),15763.42,PO-00774
460774,2026-07-29,INV-5275,Paid,Sahab Najd Solutions (fictional),9937.83,PO-00775
460775,2026-09-14,INV-2597,Paid,Noor Masar Contracting (fictional),9878.44,PO-00776
460776,2026-08-26,INV-3317,Paid,Rimal Madar Contracting (fictional),18111.06,PO-00777
460777,2026-10-07,INV-2977,Paid,Rimal Madar Contracting (fictional),32159.97,PO-00778
460778,2026-07-20,INV-5316,Paid,Sahab Najd Solutions (fictional),17036.35,PO-00779
460779,2026-09-02,INV-4062,Paid,Rimal Madar Contracting (fictional),17667.36,PO-00780
460780,2026-07-08,INV-5554,Paid,Sahab Sarh Est. (fictional),25049.31,PO-00781
460781,2026-08-31,INV-5077,Paid,Shams Madar Contracting (fictional),8793.12,PO-00782
460782,2026-09-17,INV-5765,Paid,Rimal Madar Contracting (fictional),10803.24,PO-00783
460783,2026-07-26,INV-2355,Paid,Sarh Noor Services (fictional),11992.95,PO-00784
460784,2026-07-29,INV-4919,Paid,Jazeera Noor Supplies (fictional),37999.2,PO-00785
460785,2026-09-08,INV-5295,Paid,Dana Madar Est. (fictional),27610.52,PO-00786
460786,2026-09-28,INV-5057,Paid,Wadi Dana Solutions (fictional),31242.28,PO-00787
460787,2026-07-12,INV-2971,Paid,Noor Najd Trading (fictional),9322.52,PO-00788
460788,2026-08-29,INV-1883,Paid,Bina Rawabi Est. (fictional),3334.26,PO-00789
460789,2026-08-18,INV-3904,Paid,Bina Afaq Contracting (fictional),10555.49,PO-00790
460790,2026-09-12,INV-5088,Paid,Shams Madar Contracting (fictional),21171.5,PO-00791
460791,2026-08-06,INV-3952,Paid,Bina Afaq Contracting (fictional),28529.4,PO-00792
460792,2026-09-07,INV-1369,Paid,Bina Sarh Est. (fictional),12100.0,PO-00793
460793,2026-10-10,INV-4551,Paid,Rimal Madar Contracting (fictional),20741.1,PO-00794
460794,2026-08-13,INV-5598,Paid,Sahab Sarh Est. (fictional),11450.18,PO-00795
460795,2026-08-27,INV-3738,Paid,Rawabi Masar Trading (fictional),22636.48,PO-00796
460796,2026-08-30,INV-4243,Paid,Jazeera Qimma Solutions (fictional),30953.44,PO-00797
460797,2026-08-18,INV-4185,Paid,Najd Sahab Contracting (fictional),26142.64,PO-00798
460798,2026-10-11,INV-1862,Paid,Najd Madar Supplies (fictional),29652.35,PO-00799
460799,2026-08-31,INV-1912,Paid,Najd Madar Supplies (fictional),21866.25,PO-00800
460800,2026-09-01,INV-2642,Paid,Taqa Sahab Services (fictional),12121.4,PO-00801
460800,2026-09-01,INV-2642,Paid,Taqa Sahab Services (fictional),12121.4,PO-00801
460801,2026-08-13,INV-2438,Paid,Buruj Dana Trading (fictional),22076.4,PO-00802
460802,2026-09-08,INV-2457,Paid,Buruj Dana Trading (fictional),13560.6,PO-00803
460803,2026-09-12,INV-5319,Paid,Taqa Rimal Solutions (fictional),20699.58,PO-00804
460804,2026-09-02,INV-4282,Paid,Waha Madar Est. (fictional),8863.68,PO-00805
460805,2026-10-05,INV-2695,Paid,Taqa Sahab Services (fictional),20346.13,PO-00806
460806,2026-09-27,INV-4004,Paid,Bina Afaq Contracting (fictional),14243.28,PO-00807
460807,2026-08-11,INV-1907,Paid,Rimal Madar Contracting (fictional),32223.35,PO-00808
460808,2026-07-21,INV-3328,Paid,Buruj Waha Supplies (fictional),7510.32,PO-00809
460809,2026-10-03,INV-3768,Paid,Rawabi Masar Trading (fictional),37460.71,PO-00810
460810,2026-08-17,INV-4292,Paid,Waha Madar Est. (fictional),30633.17,PO-00811
460811,2026-08-26,INV-5459,Paid,Tamayuz Shams Solutions (fictional),27900.6,PO-00812
460812,2026-07-12,INV-2634,Paid,Noor Masar Contracting (fictional),4696.61,PO-00813
460813,2026-07-30,INV-4201,Paid,Najd Sahab Contracting (fictional),34596.6,PO-00814
460814,2026-08-28,INV-3965,Paid,Rimal Madar Contracting (fictional),25436.48,PO-00815
460815,2026-08-20,INV-5345,Paid,Taqa Rimal Solutions (fictional),17125.56,PO-00816
460816,2026-08-09,INV-1947,Paid,Najd Madar Supplies (fictional),13877.25,PO-00817
460817,2026-09-01,INV-5139,Paid,Nakheel Qimma Supplies (fictional),3340.0,PO-00818
460818,2026-09-06,INV-2386,Paid,Buruj Dana Services (fictional),34991.52,PO-00819
460819,2026-08-10,INV-4743,Paid,Qimma Waha Est. (fictional),3959.91,PO-00820
460820,2026-09-12,INV-5146,Paid,Nakheel Qimma Supplies (fictional),36514.6,PO-00821
460821,2026-09-18,INV-4091,Paid,Rimal Madar Contracting (fictional),4383.68,PO-00822
460822,2026-09-14,INV-1582,Paid,Nakheel Najd Trading (fictional),8601.56,PO-00823
460823,2026-07-11,INV-5284,Paid,Waha Taqa Services (fictional),13299.24,PO-00824
460824,2026-08-23,INV-5401,Paid,Taqa Rimal Solutions (fictional),25995.93,PO-00825
460825,2026-08-27,INV-4762,Paid,Qimma Waha Est. (fictional),37219.0,PO-00826
460826,2026-08-10,INV-4045,Paid,Bina Afaq Contracting (fictional),8317.53,PO-00827
460827,2026-09-25,INV-4803,Paid,Qimma Waha Est. (fictional),7444.2,PO-00828
460828,2026-10-02,INV-2137,Paid,Madar Jazeera Trading (fictional),8327.76,PO-00829
460829,2026-10-16,INV-5342,Paid,Dana Madar Est. (fictional),22374.4,PO-00830
460830,2026-08-05,INV-4573,Paid,Rimal Madar Contracting (fictional),16644.36,PO-00831
460831,2026-08-17,INV-4130,Paid,Rimal Madar Contracting (fictional),4358.24,PO-00832
460832,2026-10-08,INV-4860,Paid,Qimma Waha Est. (fictional),19488.36,PO-00833
460833,2026-09-11,INV-4966,Paid,Jazeera Noor Supplies (fictional),27416.29,PO-00834
460834,2026-08-15,INV-3237,Paid,Rimal Sahab Supplies (fictional),28250.04,PO-00835
460835,2026-07-16,INV-1601,Paid,Nakheel Najd Trading (fictional),23441.4,PO-00836
460836,2026-09-11,INV-2847,Paid,Dana Rimal Trading (fictional),30903.88,PO-00837
460837,2026-09-27,INV-4404,Paid,Taqa Shams Trading (fictional),42193.69,PO-00838
460838,2026-10-12,INV-2420,Paid,Buruj Dana Services (fictional),30843.04,PO-00839
460839,2026-07-22,INV-2738,Paid,Taqa Sahab Services (fictional),30420.0,PO-00840
460840,2026-07-27,INV-2008,Paid,Shams Noor Trading (fictional),8415.15,PO-00841
460841,2026-10-16,INV-5144,Paid,Shams Madar Contracting (fictional),6549.68,PO-00842
460842,2026-09-20,INV-2361,Paid,Sahab Tamayuz Services (fictional),5921.4,PO-00843
460843,2026-09-03,INV-3089,Paid,Taqa Noor Solutions (fictional),21649.68,PO-00844
460844,2026-07-25,INV-2171,Paid,Madar Jazeera Trading (fictional),8385.64,PO-00845
460845,2026-07-16,INV-4283,Paid,Jazeera Qimma Solutions (fictional),24563.54,PO-00846
460846,2026-07-09,INV-4304,Paid,Jazeera Qimma Solutions (fictional),19445.62,PO-00847
460847,2026-07-08,INV-2630,Paid,Rimal Qimma Services (fictional),20122.24,PO-00848
460848,2026-08-07,INV-4606,Paid,Rimal Madar Contracting (fictional),18627.57,PO-00849
460849,2026-10-01,INV-5167,Paid,Shams Madar Contracting (fictional),8470.28,PO-00850
460850,2026-08-09,INV-5327,Paid,Sahab Najd Solutions (fictional),23299.01,PO-00851
460851,2026-09-07,INV-1970,Paid,Najd Madar Supplies (fictional),2799.28,PO-00852
460852,2026-08-11,INV-1984,Paid,Najd Madar Supplies (fictional),7649.7,PO-00853
460853,2026-08-13,INV-3978,Paid,Rimal Madar Contracting (fictional),14186.08,PO-00854
460854,2026-08-25,INV-2023,Paid,Najd Madar Supplies (fictional),6240.6,PO-00855
460855,2026-09-30,INV-3779,Paid,Rawabi Masar Trading (fictional),27776.47,PO-00856
460856,2026-10-06,INV-5332,Paid,Waha Taqa Services (fictional),9209.3,PO-00857
460857,2026-09-15,INV-4442,Paid,Taqa Shams Trading (fictional),39379.5,PO-00858
460858,2026-08-30,INV-5205,Paid,Shams Madar Contracting (fictional),24341.28,PO-00859
460859,2026-08-11,INV-2490,Paid,Buruj Dana Trading (fictional),41442.94,PO-00860
460860,2026-08-23,INV-4886,Paid,Qimma Waha Est. (fictional),8305.22,PO-00861
460861,2026-10-05,INV-5384,Paid,Waha Taqa Services (fictional),5553.9,PO-00862
460862,2026-07-30,INV-5193,Paid,Nakheel Qimma Supplies (fictional),12501.72,PO-00863
460863,2026-09-29,INV-5383,Paid,Dana Madar Est. (fictional),27317.84,PO-00864
460864,2026-07-26,INV-5514,Paid,Buruj Noor Solutions (fictional),26670.93,PO-00865
460865,2026-07-09,INV-4215,Paid,Najd Sahab Contracting (fictional),15583.77,PO-00866
460866,2026-09-30,INV-4457,Paid,Taqa Shams Trading (fictional),40305.2,PO-00867
460867,2026-08-26,INV-3823,Paid,Rawabi Masar Trading (fictional),30281.4,PO-00868
460868,2026-08-28,INV-5358,Paid,Sahab Najd Solutions (fictional),8888.04,PO-00869
460869,2026-07-23,INV-4659,Paid,Rimal Madar Contracting (fictional),31627.12,PO-00870
460870,2026-09-16,INV-2770,Paid,Taqa Sahab Services (fictional),4765.78,PO-00871
460871,2026-08-15,INV-5106,Paid,Wadi Dana Solutions (fictional),6406.64,PO-00872
460872,2026-09-01,INV-2382,Paid,Sahab Tamayuz Services (fictional),4430.8,PO-00873
460873,2026-10-03,INV-4341,Paid,Waha Madar Est. (fictional),19522.58,PO-00874
460874,2026-09-23,INV-3012,Paid,Noor Najd Trading (fictional),18223.92,PO-00875
460875,2026-10-02,INV-3345,Paid,Najd Najd Contracting (fictional),21242.26,PO-00876
460876,2026-10-03,INV-5154,Paid,Wadi Dana Solutions (fictional),33894.98,PO-00877
460877,2026-08-27,INV-5239,Paid,Shams Madar Contracting (fictional),28783.36,PO-00878
460878,2026-10-15,INV-5034,Paid,Rimal Madar Contracting (fictional),2304.57,PO-00879
460879,2026-09-15,INV-2413,Paid,Sahab Tamayuz Services (fictional),35720.16,PO-00880
460880,2026-09-23,INV-5020,Paid,Jazeera Noor Supplies (fictional),7416.96,PO-00881
460881,2026-09-26,INV-2380,Paid,Sarh Noor Services (fictional),4367.94,PO-00882
460882,2026-08-12,INV-2655,Paid,Rimal Qimma Services (fictional),5293.8,PO-00883
460883,2026-10-12,INV-5425,Paid,Waha Taqa Services (fictional),16727.32,PO-00884
460884,2026-09-08,INV-2651,Paid,Noor Masar Contracting (fictional),1165.68,PO-00885
460885,2026-09-28,INV-4923,Paid,Qimma Waha Est. (fictional),10888.83,PO-00886
460886,2026-08-15,INV-2719,Paid,Masar Wadi Services (fictional),7872.12,PO-00887
460887,2026-08-05,INV-2516,Paid,Buruj Dana Trading (fictional),20817.54,PO-00888
460888,2026-09-23,INV-1908,Paid,Bina Rawabi Est. (fictional),29013.72,PO-00889
460889,2026-09-10,INV-5285,Paid,Shams Madar Contracting (fictional),1638.86,PO-00890
460890,2026-09-30,INV-5457,Paid,Taqa Rimal Solutions (fictional),18552.84,PO-00891
460891,2026-08-13,INV-3339,Paid,Buruj Waha Supplies (fictional),34527.95,PO-00892
460892,2026-07-26,INV-3142,Paid,Taqa Noor Solutions (fictional),31826.16,PO-00893
460893,2026-08-08,INV-5617,Paid,Sahab Sarh Est. (fictional),32993.9,PO-00894
460894,2026-09-11,INV-2045,Paid,Shams Noor Trading (fictional),17859.52,PO-00895
460895,2026-08-15,INV-5040,Paid,Jazeera Noor Supplies (fictional),25020.14,PO-00896
460896,2026-09-23,INV-5227,Paid,Nakheel Qimma Supplies (fictional),14176.97,PO-00897
460897,2026-08-09,INV-2713,Paid,Rimal Qimma Services (fictional),34578.47,PO-00898
460898,2026-10-18,INV-5458,Paid,Waha Taqa Services (fictional),18877.2,PO-00899
460899,2026-08-08,INV-5184,Paid,Wadi Dana Solutions (fictional),2778.78,PO-00900
460900,2026-08-28,INV-2116,Paid,Sarh Rimal Trading (fictional),7682.47,PO-00901
460900,2026-08-28,INV-2116,Paid,Sarh Rimal Trading (fictional),7682.47,PO-00901
460901,2026-07-10,INV-3994,Paid,Rimal Madar Contracting (fictional),1761.51,PO-00902
460902,2026-07-26,INV-4167,Paid,Rimal Madar Contracting (fictional),22815.32,PO-00903
460903,2026-07-22,INV-3376,Paid,Najd Najd Contracting (fictional),19464.27,PO-00904
460904,2026-10-02,INV-2126,Paid,Sarh Rimal Trading (fictional),22220.52,PO-00905
460905,2026-08-09,INV-2881,Paid,Dana Rimal Trading (fictional),12109.46,PO-00906
460906,2026-08-08,INV-3356,Paid,Buruj Waha Supplies (fictional),9865.22,PO-00907
460907,2026-08-29,INV-2747,Paid,Masar Wadi Services (fictional),20693.33,PO-00908
460908,2026-07-28,INV-2153,Paid,Sarh Rimal Trading (fictional),12520.2,PO-00909
460909,2026-09-05,INV-4973,Paid,Qimma Waha Est. (fictional),10818.75,PO-00910
460910,2026-07-27,INV-4017,Paid,Rimal Madar Contracting (fictional),32453.14,PO-00911
460911,2026-09-30,INV-3161,Paid,Taqa Noor Solutions (fictional),39156.92,PO-00912
460912,2026-08-24,INV-5805,Paid,Rimal Madar Contracting (fictional),31977.36,PO-00913
460913,2026-10-16,INV-2194,Paid,Madar Jazeera Trading (fictional),10214.25,PO-00914
460914,2026-09-07,INV-5005,Paid,Qimma Waha Est. (fictional),8278.9,PO-00915
460915,2026-10-08,INV-2524,Paid,Buruj Dana Trading (fictional),4861.64,PO-00916
460916,2026-07-20,INV-2216,Paid,Madar Jazeera Trading (fictional),4756.72,PO-00917
460917,2026-08-09,INV-2895,Paid,Dana Rimal Trading (fictional),7294.3,PO-00918
460918,2026-07-30,INV-5487,Paid,Taqa Rimal Solutions (fictional),4610.4,PO-00919
460919,2026-09-26,INV-1509,Paid,Tamayuz Jazeera Trading (fictional),18647.3,PO-00920
460920,2026-08-18,INV-5536,Paid,Buruj Noor Solutions (fictional),28360.8,PO-00921
460921,2026-09-20,INV-2255,Paid,Madar Jazeera Trading (fictional),27866.74,PO-00922
460922,2026-07-26,INV-5581,Paid,Buruj Noor Solutions (fictional),2690.16,PO-00923
460923,2026-08-05,INV-4073,Paid,Rimal Madar Contracting (fictional),31304.7,PO-00924
460924,2026-07-21,INV-5036,Paid,Qimma Waha Est. (fictional),13616.64,PO-00925
460925,2026-10-12,INV-1862,Paid,Tamayuz Bina Trading (fictional),32607.64,PO-00926
460926,2026-08-27,INV-3044,Paid,Noor Najd Trading (fictional),10288.59,PO-00927
460927,2026-07-24,INV-5278,Paid,Nakheel Qimma Supplies (fictional),2491.17,PO-00928
460928,2026-10-03,INV-5193,Paid,Wadi Dana Solutions (fictional),20200.32,PO-00929
460929,2026-09-17,INV-4361,Paid,Jazeera Qimma Solutions (fictional),8537.74,PO-00930
460930,2026-08-11,INV-2088,Paid,Shams Noor Trading (fictional),28551.84,PO-00931
460931,2026-07-30,INV-4374,Paid,Waha Madar Est. (fictional),36981.62,PO-00932
460932,2026-07-17,INV-2819,Paid,Taqa Sahab Services (fictional),37916.19,PO-00933
460933,2026-08-26,INV-5494,Paid,Waha Taqa Services (fictional),32742.09,PO-00934
460934,2026-09-11,INV-1880,Paid,Tamayuz Bina Trading (fictional),29285.93,PO-00935
460935,2026-07-24,INV-3294,Paid,Rimal Sahab Supplies (fictional),2835.42,PO-00936
460936,2026-10-09,INV-2058,Paid,Najd Madar Supplies (fictional),12375.0,PO-00937
460937,2026-09-06,INV-1396,Paid,Bina Sarh Est. (fictional),16460.56,PO-00938
460938,2026-10-04,INV-5468,Paid,Tamayuz Shams Solutions (fictional),12197.57,PO-00939
460939,2026-07-14,INV-4243,Paid,Najd Sahab Contracting (fictional),20680.17,PO-00940
460940,2026-07-28,INV-2538,Paid,Buruj Dana Trading (fictional),2230.14,PO-00941
460941,2026-08-04,INV-5069,Paid,Rimal Madar Contracting (fictional),8371.44,PO-00942
460942,2026-09-25,INV-1923,Paid,Bina Rawabi Est. (fictional),8842.62,PO-00943
460943,2026-08-15,INV-3057,Paid,Noor Najd Trading (fictional),5028.4,PO-00944
460944,2026-08-10,INV-4372,Paid,Jazeera Qimma Solutions (fictional),9673.28,PO-00945
460945,2026-09-27,INV-1658,Paid,Nakheel Najd Trading (fictional),33739.44,PO-00946
460946,2026-07-24,INV-3406,Paid,Buruj Waha Supplies (fictional),4798.26,PO-00947
460947,2026-07-25,INV-5069,Paid,Qimma Waha Est. (fictional),31123.04,PO-00948
460948,2026-07-18,INV-4718,Paid,Rimal Madar Contracting (fictional),38229.84,PO-00949
460949,2026-08-13,INV-2016,Paid,Shams Bina Solutions (fictional),14075.01,PO-00950
460950,2026-08-02,INV-2423,Paid,Sarh Noor Services (fictional),19893.13,PO-00951
460951,2026-09-26,INV-2467,Paid,Sahab Tamayuz Services (fictional),35814.18,PO-00952
460952,2026-08-31,INV-5849,Paid,Rimal Madar Contracting (fictional),26323.31,PO-00953
460953,2026-07-19,INV-4181,Paid,Rimal Madar Contracting (fictional),27136.2,PO-00954
460954,2026-08-24,INV-2460,Paid,Sarh Noor Services (fictional),25931.92,PO-00955
460955,2026-10-11,INV-5084,Paid,Qimma Waha Est. (fictional),9454.56,PO-00956
460956,2026-08-07,INV-5700,Paid,Rimal Madar Contracting (fictional),13510.52,PO-00957
460957,2026-07-24,INV-2037,Paid,Shams Bina Solutions (fictional),25554.15,PO-00958
460958,2026-07-17,INV-2096,Paid,Shams Bina Solutions (fictional),15020.4,PO-00959
460959,2026-08-03,INV-3330,Paid,Rimal Madar Contracting (fictional),25801.65,PO-00960
460960,2026-08-21,INV-5133,Paid,Qimma Waha Est. (fictional),9332.4,PO-00961
460961,2026-10-20,INV-4090,Paid,Rimal Madar Contracting (fictional),4292.82,PO-00962
460962,2026-10-02,INV-1405,Paid,Bina Sarh Est. (fictional),24238.4,PO-00963
460963,2026-10-11,INV-2835,Paid,Taqa Sahab Services (fictional),3021.91,PO-00964
460964,2026-08-18,INV-4410,Paid,Jazeera Qimma Solutions (fictional),33037.47,PO-00965
460965,2026-08-10,INV-3833,Paid,Rawabi Masar Trading (fictional),14678.61,PO-00966
460966,2026-09-15,INV-2932,Paid,Dana Rimal Trading (fictional),35079.39,PO-00967
460967,2026-09-16,INV-5099,Paid,Jazeera Noor Supplies (fictional),6000.3,PO-00968
460968,2026-09-10,INV-1965,Paid,Rimal Madar Contracting (fictional),29047.0,PO-00969
460969,2026-07-24,INV-5425,Paid,Dana Madar Est. (fictional),11689.86,PO-00970
460970,2026-10-04,INV-5318,Paid,Shams Madar Contracting (fictional),14997.6,PO-00971
460971,2026-10-02,INV-5145,Paid,Qimma Waha Est. (fictional),9333.41,PO-00972
460972,2026-08-07,INV-5751,Paid,Rimal Madar Contracting (fictional),15064.96,PO-00973
460973,2026-08-09,INV-1516,Paid,Tamayuz Jazeera Trading (fictional),18527.8,PO-00974
460974,2026-09-19,INV-2312,Paid,Madar Jazeera Trading (fictional),21443.94,PO-00975
460975,2026-08-16,INV-5337,Paid,Nakheel Sarh Solutions (fictional),4090.65,PO-00976
460976,2026-09-08,INV-3844,Paid,Rawabi Masar Trading (fictional),18866.33,PO-00977
460977,2026-08-31,INV-5330,Paid,Nakheel Qimma Supplies (fictional),25174.62,PO-00978
460978,2026-09-13,INV-5201,Paid,Wadi Dana Solutions (fictional),17612.1,PO-00979
460979,2026-08-25,INV-5514,Paid,Waha Taqa Services (fictional),14413.1,PO-00980
460980,2026-09-06,INV-2990,Paid,Dana Rimal Trading (fictional),11424.36,PO-00981
460981,2026-07-30,INV-3026,Paid,Dana Rimal Trading (fictional),30259.0,PO-00982
460982,2026-09-19,INV-4894,Paid,Bina Taqa Est. (fictional),31031.32,PO-00983
460983,2026-08-14,INV-2478,Paid,Sarh Noor Services (fictional),10714.8,PO-00984
460984,2026-09-14,INV-5350,Paid,Shams Madar Contracting (fictional),31105.81,PO-00985
460985,2026-08-09,INV-5356,Paid,Nakheel Sarh Solutions (fictional),4201.25,PO-00986
460986,2026-10-20,INV-5117,Paid,Rimal Madar Contracting (fictional),6630.92,PO-00987
460987,2026-09-05,INV-5392,Paid,Nakheel Sarh Solutions (fictional),12646.7,PO-00988
460988,2026-08-13,INV-3342,Paid,Rimal Madar Contracting (fictional),3736.72,PO-00989
460989,2026-07-09,INV-3084,Paid,Dana Rimal Trading (fictional),29854.44,PO-00990
460990,2026-07-31,INV-3863,Paid,Rawabi Masar Trading (fictional),19371.84,PO-00991
460991,2026-07-30,INV-5673,Paid,Sahab Sarh Est. (fictional),41407.32,PO-00992
460992,2026-09-22,INV-5478,Paid,Dana Madar Est. (fictional),20953.24,PO-00993
460993,2026-09-17,INV-2201,Paid,Sarh Rimal Trading (fictional),36285.04,PO-00994
460994,2026-09-16,INV-3098,Paid,Dana Rimal Trading (fictional),7883.6,PO-00995
460995,2026-09-07,INV-3147,Paid,Dana Rimal Trading (fictional),19314.04,PO-00996
460996,2026-07-17,INV-5156,Paid,Rimal Madar Contracting (fictional),27789.0,PO-00997
460997,2026-09-16,INV-5120,Paid,Jazeera Noor Supplies (fictional),27402.32,PO-00998
460998,2026-10-12,INV-2363,Paid,Madar Jazeera Trading (fictional),8470.77,PO-00999
460999,2026-09-30,INV-3917,Paid,Rawabi Masar Trading (fictional),11650.83,PO-01000
461000,2026-09-22,INV-5258,Paid,Wadi Dana Solutions (fictional),22307.34,PO-01001
461000,2026-09-22,INV-5258,Paid,Wadi Dana Solutions (fictional),22307.34,PO-01001
461001,2026-07-12,INV-5298,Paid,Wadi Dana Solutions (fictional),31737.11,PO-01002
461002,2026-09-03,INV-1718,Paid,Nakheel Najd Trading (fictional),8725.68,PO-01003
461003,2026-09-27,INV-4114,Paid,Rimal Madar Contracting (fictional),17638.4,PO-01004
461004,2026-10-17,INV-5564,Paid,Waha Taqa Services (fictional),16254.48,PO-01005
461005,2026-09-17,INV-1968,Paid,Bina Rawabi Est. (fictional),26936.14,PO-01006
461006,2026-09-17,INV-2238,Paid,Sarh Rimal Trading (fictional),27293.4,PO-01007
461007,2026-08-14,INV-1771,Paid,Nakheel Najd Trading (fictional),19539.1,PO-01008
461008,2026-08-25,INV-3000,Paid,Rimal Madar Contracting (fictional),38573.25,PO-01009
461009,2026-09-11,INV-5210,Paid,Rimal Madar Contracting (fictional),19141.67,PO-01010
461010,2026-08-21,INV-3953,Paid,Rawabi Masar Trading (fictional),17565.84,PO-01011
461011,2026-09-23,INV-4385,Paid,Waha Madar Est. (fictional),27509.0,PO-01012
461012,2026-08-20,INV-2444,Paid,Buruj Dana Services (fictional),1065.73,PO-01013
461013,2026-07-25,INV-3328,Paid,Rimal Sahab Supplies (fictional),16766.55,PO-01014
461014,2026-08-22,INV-2526,Paid,Sahab Tamayuz Services (fictional),5766.54,PO-01015
461015,2026-08-03,INV-3983,Paid,Rawabi Masar Trading (fictional),5027.58,PO-01016
461016,2026-09-07,INV-4467,Paid,Taqa Shams Trading (fictional),13681.14,PO-01017
461017,2026-08-23,INV-4420,Paid,Waha Madar Est. (fictional),16417.6,PO-01018
461018,2026-08-24,INV-3375,Paid,Rimal Madar Contracting (fictional),24186.55,PO-01019
461019,2026-07-27,INV-5499,Paid,Tamayuz Shams Solutions (fictional),27946.24,PO-01020
461020,2026-08-31,INV-1982,Paid,Rimal Madar Contracting (fictional),24870.04,PO-01021
461021,2026-08-25,INV-5511,Paid,Dana Madar Est. (fictional),4401.48,PO-01022
461022,2026-07-21,INV-5350,Paid,Nakheel Qimma Supplies (fictional),20772.45,PO-01023
461023,2026-08-01,INV-5762,Paid,Rimal Madar Contracting (fictional),11940.39,PO-01024
461024,2026-08-18,INV-3207,Paid,Dana Rimal Trading (fictional),4372.32,PO-01025
461025,2026-09-11,INV-2404,Paid,Madar Jazeera Trading (fictional),9636.0,PO-01026
461026,2026-09-02,INV-3056,Paid,Rimal Madar Contracting (fictional),33870.54,PO-01027
461027,2026-10-17,INV-5580,Paid,Waha Taqa Services (fictional),21171.32,PO-01028
461028,2026-09-17,INV-5529,Paid,Taqa Rimal Solutions (fictional),26273.5,PO-01029
461029,2026-07-29,INV-2541,Paid,Sahab Tamayuz Services (fictional),39834.08,PO-01030
461030,2026-09-12,INV-2136,Paid,Sarh Qimma Services (fictional),12551.7,PO-01031
461031,2026-07-30,INV-5357,Paid,Shams Madar Contracting (fictional),4641.12,PO-01032
461032,2026-10-16,INV-2793,Paid,Masar Wadi Services (fictional),22271.68,PO-01033
461033,2026-08-19,INV-3453,Paid,Buruj Waha Supplies (fictional),19547.84,PO-01034
461034,2026-10-08,INV-5541,Paid,Taqa Rimal Solutions (fictional),5891.1,PO-01035
461035,2026-09-04,INV-5409,Paid,Nakheel Sarh Solutions (fictional),6622.44,PO-01036
461036,2026-07-28,INV-5182,Paid,Qimma Waha Est. (fictional),12807.12,PO-01037
461037,2026-07-10,INV-1790,Paid,Nakheel Najd Trading (fictional),4214.28,PO-01038
461038,2026-07-15,INV-2171,Paid,Sarh Qimma Services (fictional),34454.76,PO-01039
461039,2026-08-27,INV-5561,Paid,Taqa Rimal Solutions (fictional),11446.17,PO-01040
461040,2026-08-17,INV-2549,Paid,Sahab Tamayuz Services (fictional),27567.59,PO-01041
461041,2026-07-14,INV-4909,Paid,Bina Taqa Est. (fictional),27721.2,PO-01042
461042,2026-09-02,INV-5591,Paid,Taqa Rimal Solutions (fictional),8857.89,PO-01043
461043,2026-09-04,INV-4468,Paid,Jazeera Qimma Solutions (fictional),4639.59,PO-01044
461044,2026-08-21,INV-4438,Paid,Waha Madar Est. (fictional),17126.34,PO-01045
461045,2026-07-27,INV-2681,Paid,Noor Masar Contracting (fictional),21731.7,PO-01046
461046,2026-10-11,INV-4765,Paid,Rimal Madar Contracting (fictional),15363.2,PO-01047
461047,2026-09-26,INV-2480,Paid,Buruj Dana Services (fictional),4409.89,PO-01048
461048,2026-07-27,INV-4488,Paid,Taqa Shams Trading (fictional),2196.8,PO-01049
461049,2026-09-01,INV-4264,Paid,Najd Sahab Contracting (fictional),25614.98,PO-01050
461050,2026-07-27,INV-5862,Paid,Rimal Madar Contracting (fictional),30713.06,PO-01051
461051,2026-08-28,INV-4795,Paid,Rimal Madar Contracting (fictional),29248.24,PO-01052
461052,2026-09-23,INV-3343,Paid,Rimal Sahab Supplies (fictional),34814.4,PO-01053
461053,2026-08-09,INV-2876,Paid,Taqa Sahab Services (fictional),29216.6,PO-01054
461054,2026-10-05,INV-3235,Paid,Dana Rimal Trading (fictional),3857.63,PO-01055
461055,2026-08-17,INV-3387,Paid,Rimal Madar Contracting (fictional),23175.36,PO-01056
461056,2026-09-05,INV-2180,Paid,Sarh Qimma Services (fictional),19325.46,PO-01057
461057,2026-08-31,INV-5165,Paid,Jazeera Noor Supplies (fictional),17878.12,PO-01058
461058,2026-09-06,INV-3993,Paid,Rawabi Masar Trading (fictional),15873.86,PO-01059
461059,2026-10-01,INV-1524,Paid,Tamayuz Jazeera Trading (fictional),15139.84,PO-01060
461060,2026-08-20,INV-2568,Paid,Sahab Tamayuz Services (fictional),29559.3,PO-01061
461061,2026-09-17,INV-5372,Paid,Nakheel Qimma Supplies (fictional),3692.8,PO-01062
461062,2026-09-29,INV-2016,Paid,Rimal Madar Contracting (fictional),19440.27,PO-01063
461063,2026-08-08,INV-2114,Paid,Shams Bina Solutions (fictional),28183.68,PO-01064
461064,2026-08-30,INV-3116,Paid,Noor Najd Trading (fictional),12900.16,PO-01065
461065,2026-08-23,INV-4484,Paid,Waha Madar Est. (fictional),20232.68,PO-01066
461066,2026-07-26,INV-1835,Paid,Nakheel Najd Trading (fictional),16582.23,PO-01067
461067,2026-09-20,INV-2137,Paid,Shams Noor Trading (fictional),31193.62,PO-01068
461068,2026-07-16,INV-4005,Paid,Rawabi Masar Trading (fictional),3189.41,PO-01069
461069,2026-09-20,INV-5233,Paid,Qimma Waha Est. (fictional),7162.38,PO-01070
461070,2026-09-22,INV-4498,Paid,Taqa Shams Trading (fictional),13239.95,PO-01071
461071,2026-09-26,INV-2230,Paid,Sarh Qimma Services (fictional),13165.71,PO-01072
461072,2026-09-29,INV-4804,Paid,Rimal Madar Contracting (fictional),10853.8,PO-01073
461073,2026-09-07,INV-2598,Paid,Sahab Tamayuz Services (fictional),33354.96,PO-01074
461074,2026-07-18,INV-2446,Paid,Madar Jazeera Trading (fictional),11932.31,PO-01075
461075,2026-10-03,INV-1457,Paid,Bina Sarh Est. (fictional),4933.83,PO-01076
461076,2026-07-18,INV-5520,Paid,Tamayuz Shams Solutions (fictional),36475.4,PO-01077
461077,2026-07-30,INV-2651,Paid,Sahab Tamayuz Services (fictional),27182.76,PO-01078
461078,2026-09-04,INV-5192,Paid,Jazeera Noor Supplies (fictional),17452.0,PO-01079
461079,2026-07-15,INV-4515,Paid,Taqa Shams Trading (fictional),33118.4,PO-01080
461080,2026-09-09,INV-4859,Paid,Rimal Madar Contracting (fictional),1326.51,PO-01081
461081,2026-07-27,INV-1918,Paid,Tamayuz Bina Trading (fictional),30803.74,PO-01082
461082,2026-10-02,INV-3081,Paid,Rimal Madar Contracting (fictional),23080.32,PO-01083
461083,2026-08-06,INV-4931,Paid,Bina Taqa Est. (fictional),16844.85,PO-01084
461084,2026-08-21,INV-4286,Paid,Najd Sahab Contracting (fictional),40204.5,PO-01085
461085,2026-09-28,INV-5250,Paid,Jazeera Noor Supplies (fictional),11597.4,PO-01086
461086,2026-08-16,INV-2484,Paid,Madar Jazeera Trading (fictional),36357.36,PO-01087
461087,2026-08-11,INV-2698,Paid,Noor Masar Contracting (fictional),15890.76,PO-01088
461088,2026-10-11,INV-3132,Paid,Rimal Madar Contracting (fictional),26532.6,PO-01089
461089,2026-08-27,INV-5553,Paid,Tamayuz Shams Solutions (fictional),6855.6,PO-01090
461090,2026-08-16,INV-3245,Paid,Dana Rimal Trading (fictional),21664.02,PO-01091
461091,2026-07-29,INV-5628,Paid,Taqa Rimal Solutions (fictional),12862.5,PO-01092
461092,2026-08-30,INV-2919,Paid,Taqa Sahab Services (fictional),12222.56,PO-01093
461093,2026-09-05,INV-5897,Paid,Rimal Madar Contracting (fictional),16735.6,PO-01094
461094,2026-07-25,INV-2511,Paid,Sarh Noor Services (fictional),21174.5,PO-01095
461095,2026-09-12,INV-4064,Paid,Bina Afaq Contracting (fictional),5309.24,PO-01096
461096,2026-09-03,INV-4093,Paid,Bina Afaq Contracting (fictional),28429.2,PO-01097
461097,2026-10-08,INV-2555,Paid,Buruj Dana Trading (fictional),22015.0,PO-01098
461098,2026-10-09,INV-4300,Paid,Najd Sahab Contracting (fictional),4555.2,PO-01099
461099,2026-08-16,INV-2833,Paid,Masar Wadi Services (fictional),30801.98,PO-01100
461100,2026-07-28,INV-1894,Paid,Nakheel Najd Trading (fictional),46587.06,PO-01101
461100,2026-07-28,INV-1894,Paid,Nakheel Najd Trading (fictional),46587.06,PO-01101
461101,2026-08-07,INV-1905,Paid,Nakheel Najd Trading (fictional),48073.81,PO-01102
461102,2026-08-15,INV-1913,Paid,Nakheel Najd Trading (fictional),45605.7,PO-01103
461103,2026-09-23,INV-4535,Paid,Waha Madar Est. (fictional),8844.7,PO-01104
461104,2026-09-24,INV-4570,Paid,Waha Madar Est. (fictional),9070.92,PO-01105
461105,2026-10-01,INV-4582,Paid,Waha Madar Est. (fictional),9100.46,PO-01106
461106,2026-09-01,INV-4358A,Paid,Rimal Madar Contracting (fictional),5735.04,PO-00570
461107,2026-08-04,INV-5184,Paid,Rimal Madar Contracting (fictional),30763.78,PO-00277
461108,2026-10-02,INV-2688,Paid,Dana Rimal Trading (fictional),24279.2,PO-00595
461109,2026-08-03,INV-3502,Paid,Taqa Quick Est. (fictional),4925.78,PO-01107
461110,2026-08-17,INV-3087,Paid,Dana Quick Contracting (fictional),33172.44,PO-01108
461111,2026-08-13,INV-4961,Paid,Bina Taqa Est. (fictional),79730.27,PO-01109
461112,2026-10-03,INV-4999,Paid,Bina Taqa Est. (fictional),5834.18,PO-01110
461113,2026-09-12,INV-2755,Paid,Rimal Qimma Services (fictional),66766.2,PO-01111
461114,2026-08-29,INV-4310,Paid,Najd Sahab Contracting (fictional),62352.72,PO-01112
461115,2026-08-08,INV-2192,Paid,Shams Noor Trading (fictional),2714.04,PO-01113
461116,2026-07-20,INV-5550,Paid,Dana Madar Est. (fictional),46395.0,PO-01114
461117,2026-07-28,INV-3443,Paid,Dana Rawabi Est. (fictional),40184.82,PO-01115
461118,2026-09-16,INV-5301,Paid,Jazeera Noor Supplies (fictional),6228.75,PO-01116
461119,2026-09-15,INV-4918,Paid,Rimal Madar Contracting (fictional),38819.25,PO-01117
461120,2026-08-24,INV-4133,Paid,Bina Afaq Contracting (fictional),37347.65,PO-01118
461121,2026-07-25,INV-3396,Paid,Rimal Sahab Supplies (fictional),5020.88,PO-01119
461122,2026-07-12,INV-114,Paid,Najd Madar Supplies (fictional),25000,PO-01120
461123,2026-07-18,INV-115,Paid,Najd Madar Supplies (fictional),20000,PO-01121
461124,2026-09-20,INV-116,Paid,Najd Madar Supplies (fictional),15000,PO-01122
461125,2026-10-12,INV-117,Paid,Najd Madar Supplies (fictional),30000,PO-01123
461126,2026-09-03,INV-118,Paid,Najd Madar Supplies (fictional),30000,PO-01124
469999,2026-07-21,VOID-1,Void,Bina Taqa Est. (fictional),4307.95,PO-00001
