Contact Type,Display Name,Tax Registration Number,Created Time
vendor,Shams Madar Contracting (fictional),3101659311100003,2024-07-03 08:00:00
vendor,Sarh Rimal Trading (fictional),3101124680400003,2023-12-19 08:00:00
vendor,Buruj Noor Solutions (fictional),3101399287000003,2023-09-16 08:00:00
vendor,Nakheel Najd Trading (fictional),3101006672200003,2023-05-11 08:00:00
vendor,Bina Sarh Est. (fictional),3101498951300003,2025-01-15 08:00:00
vendor,Sahab Tamayuz Services (fictional),3101900095400003,2024-10-22 08:00:00
vendor,Sahab Sarh Est. (fictional),3101833652900003,2024-10-13 08:00:00
vendor,Qimma Waha Est. (fictional),3101611036400003,2024-02-01 08:00:00
vendor,Najd Najd Contracting (fictional),3101206567800003,2024-02-12 08:00:00
vendor,Tamayuz Jazeera Trading (fictional),3101581215600003,2023-03-30 08:00:00
vendor,Jazeera Qimma Solutions (fictional),3101429058200003,2023-03-12 08:00:00
vendor,Bina Rawabi Est. (fictional),3101970374500003,2025-05-28 08:00:00
vendor,Waha Taqa Services (fictional),3101185090200003,2023-11-15 08:00:00
vendor,Buruj Dana Services (fictional),3101597640800003,2023-01-15 08:00:00
vendor,Noor Masar Contracting (fictional),3101130705100003,2023-03-01 08:00:00
vendor,Buruj Dana Trading (fictional),3101739553600003,2023-05-21 08:00:00
vendor,Nakheel Sarh Solutions (fictional),3101246507100003,2024-10-13 08:00:00
vendor,Dana Rimal Trading (fictional),3101968054100003,2024-01-11 08:00:00
vendor,Shams Bina Solutions (fictional),3101654890900003,2023-05-03 08:00:00
vendor,Taqa Sahab Services (fictional),3101658671800003,2024-04-10 08:00:00
vendor,Rawabi Masar Trading (fictional),3101534177400003,2024-10-03 08:00:00
vendor,Waha Madar Est. (fictional),3101135716200003,2024-07-04 08:00:00
vendor,Noor Najd Trading (fictional),3101885033700003,2025-01-27 08:00:00
vendor,Tamayuz Shams Solutions (fictional),3101961086400003,2024-09-03 08:00:00
vendor,Taqa Rimal Solutions (fictional),3101462852500003,2023-02-17 08:00:00
vendor,Tamayuz Bina Trading (fictional),3101475306500003,2024-11-26 08:00:00
vendor,Shams Noor Trading (fictional),3101026693700003,2023-02-26 08:00:00
vendor,Masar Wadi Services (fictional),3101844802600003,2024-06-21 08:00:00
vendor,Taqa Noor Solutions (fictional),3101005780800003,2023-07-31 08:00:00
vendor,Rimal Sahab Supplies (fictional),3101753724500003,2025-06-01 08:00:00
vendor,Najd Madar Supplies (fictional),3101201236800003,2025-06-14 08:00:00
vendor,Nakheel Qimma Supplies (fictional),3101531109000003,2023-05-31 08:00:00
vendor,Jazeera Noor Supplies (fictional),3101225024200003,2025-01-18 08:00:00
vendor,Sarh Noor Services (fictional),3101524809500003,2023-05-06 08:00:00
vendor,Sahab Najd Solutions (fictional),3101986738200003,2025-05-25 08:00:00
vendor,Bina Afaq Contracting (fictional),3101495970500003,2024-05-17 08:00:00
vendor,Rimal Qimma Services (fictional),3101615995500003,2024-07-21 08:00:00
vendor,Madar Jazeera Trading (fictional),3101197678500003,2024-01-12 08:00:00
vendor,Najd Sahab Contracting (fictional),3101362552500003,2023-06-29 08:00:00
vendor,Sarh Qimma Services (fictional),3101118178600003,2025-05-04 08:00:00
vendor,Dana Madar Est. (fictional),3101957699600003,2023-01-12 08:00:00
vendor,Bina Taqa Est. (fictional),3101511963200003,2025-04-28 08:00:00
vendor,Taqa Shams Trading (fictional),3101943277800003,2024-05-26 08:00:00
vendor,Buruj Waha Supplies (fictional),3101838492200003,2025-03-15 08:00:00
vendor,Wadi Dana Solutions (fictional),3101257141700003,2025-04-10 08:00:00
vendor,Rimal Madar Contracting (fictional),3101486366500003,2025-05-29 08:00:00
vendor,Buruj Jazeera Contracting (fictional),3101150409000003,2024-04-21 08:00:00
vendor,Dana Rawabi Est. (fictional),3101840437200003,2024-08-05 08:00:00
vendor,Wadi Buruj Est. (fictional),3101894487600003,2024-01-05 08:00:00
vendor,Shams Masar Est. (fictional),3101120231200003,2024-06-07 08:00:00
vendor,Tamayuz Sahab Trading (fictional),3101288179100003,2023-02-20 08:00:00
vendor,Masar Dana Solutions (fictional),3101746024400003,2024-08-02 08:00:00
vendor,Madar Waha Services (fictional),3101231065500003,2024-03-23 08:00:00
vendor,Taqa Jazeera Est. (fictional),3101647230500003,2024-10-26 08:00:00
vendor,Taqa Quick Est. (fictional),3101624793000003,2026-08-02 08:00:00
vendor,Dana Quick Contracting (fictional),3101886510900003,2026-08-16 08:00:00
