Date,Vendor Name,Bill Number
2026-08-27,Bina Taqa Est. (fictional),INV-4395
2026-08-01,Rimal Madar Contracting (fictional),INV-5017
2026-09-16,Waha Taqa Services (fictional),INV-4844
2026-10-22,Noor Najd Trading (fictional),INV-2223
2026-08-02,Jazeera Qimma Solutions (fictional),INV-3768
2026-10-02,Rimal Madar Contracting (fictional),INV-5057
2026-11-14,Jazeera Noor Supplies (fictional),INV-4606
2026-08-26,Noor Najd Trading (fictional),INV-2276
2026-12-01,Taqa Shams Trading (fictional),INV-4001
2026-09-18,Jazeera Noor Supplies (fictional),INV-4629
2026-09-07,Sarh Noor Services (fictional),INV-1759
2026-10-11,Najd Najd Contracting (fictional),INV-2951
2026-10-20,Rimal Madar Contracting (fictional),INV-4812
2026-09-29,Buruj Dana Services (fictional),INV-1893
2026-11-14,Qimma Waha Est. (fictional),INV-4220
2026-09-03,Rimal Madar Contracting (fictional),INV-5023
2026-10-25,Dana Rimal Trading (fictional),INV-2131
2026-09-27,Rimal Madar Contracting (fictional),INV-5037
2026-09-18,Taqa Sahab Services (fictional),INV-2211
2026-10-09,Shams Bina Solutions (fictional),INV-1588
2026-10-10,Wadi Dana Solutions (fictional),INV-4416
2026-09-07,Buruj Waha Supplies (fictional),INV-2992
2026-10-27,Bina Sarh Est. (fictional),INV-1107
2026-09-01,Noor Najd Trading (fictional),INV-2307
2026-09-15,Rawabi Masar Trading (fictional),INV-3236
2026-11-08,Noor Masar Contracting (fictional),INV-1922
2026-09-15,Jazeera Noor Supplies (fictional),INV-4675
2026-09-04,Najd Najd Contracting (fictional),INV-2989
2026-09-08,Dana Rimal Trading (fictional),INV-2172
2026-11-27,Sahab Tamayuz Services (fictional),INV-1873
2026-07-30,Bina Taqa Est. (fictional),INV-4448
2026-10-04,Rimal Madar Contracting (fictional),INV-2421
2026-09-26,Madar Jazeera Trading (fictional),INV-1795
2026-09-02,Jazeera Noor Supplies (fictional),INV-4699
2026-09-18,Rawabi Masar Trading (fictional),INV-3261
2026-08-10,Wadi Dana Solutions (fictional),INV-4443
2026-10-13,Tamayuz Jazeera Trading (fictional),INV-1116
2026-10-08,Bina Afaq Contracting (fictional),INV-3452
2026-08-22,Rimal Madar Contracting (fictional),INV-3051
2026-10-25,Taqa Rimal Solutions (fictional),INV-4883
2026-08-14,Buruj Dana Trading (fictional),INV-1799
2026-10-23,Najd Najd Contracting (fictional),INV-3024
2026-09-13,Waha Madar Est. (fictional),INV-3611
2026-10-01,Rimal Sahab Supplies (fictional),INV-2628
2026-08-31,Bina Afaq Contracting (fictional),INV-3459
2026-09-11,Taqa Shams Trading (fictional),INV-4009
2026-11-12,Rimal Sahab Supplies (fictional),INV-2665
2026-10-22,Noor Najd Trading (fictional),INV-2321
2026-09-17,Taqa Noor Solutions (fictional),INV-2623
2026-10-22,Bina Rawabi Est. (fictional),INV-1328
2026-10-09,Madar Jazeera Trading (fictional),INV-1803
2026-10-04,Sarh Qimma Services (fictional),INV-1583
2026-09-02,Noor Najd Trading (fictional),INV-2379
2026-08-14,Bina Afaq Contracting (fictional),INV-3475
2026-10-16,Noor Najd Trading (fictional),INV-2408
2026-09-29,Qimma Waha Est. (fictional),INV-4248
2026-09-27,Buruj Noor Solutions (fictional),INV-4978
2026-11-24,Wadi Dana Solutions (fictional),INV-4481
2026-10-10,Taqa Sahab Services (fictional),INV-2228
2026-09-22,Bina Taqa Est. (fictional),INV-4457
2026-10-07,Dana Rimal Trading (fictional),INV-2218
2026-07-29,Rimal Madar Contracting (fictional),INV-5076
2026-08-27,Qimma Waha Est. (fictional),INV-4277
2026-10-18,Buruj Noor Solutions (fictional),INV-4987
2026-09-13,Wadi Dana Solutions (fictional),INV-4505
2026-11-02,Nakheel Qimma Supplies (fictional),INV-4459
2026-08-31,Rimal Madar Contracting (fictional),INV-5132
2026-09-14,Rimal Madar Contracting (fictional),INV-2439
2026-10-07,Dana Madar Est. (fictional),INV-4798
2026-09-28,Dana Madar Est. (fictional),INV-4833
2026-11-03,Shams Noor Trading (fictional),INV-1523
2026-09-16,Rimal Madar Contracting (fictional),INV-4124
2026-08-14,Buruj Dana Trading (fictional),INV-1809
2026-09-11,Jazeera Qimma Solutions (fictional),INV-3825
2026-08-30,Noor Masar Contracting (fictional),INV-1976
2026-09-24,Rimal Madar Contracting (fictional),INV-2455
2026-09-05,Qimma Waha Est. (fictional),INV-4304
2026-08-07,Nakheel Sarh Solutions (fictional),INV-4973
2026-10-25,Rimal Madar Contracting (fictional),INV-3606
2026-09-10,Sarh Qimma Services (fictional),INV-1627
2026-08-14,Taqa Sahab Services (fictional),INV-2269
2026-07-31,Nakheel Sarh Solutions (fictional),INV-5013
2026-08-19,Sarh Rimal Trading (fictional),INV-1598
2026-09-17,Buruj Noor Solutions (fictional),INV-5012
2026-09-15,Sahab Sarh Est. (fictional),INV-4995
2026-08-04,Rimal Madar Contracting (fictional),INV-2462
2026-10-07,Rimal Madar Contracting (fictional),INV-2497
2026-09-10,Najd Najd Contracting (fictional),INV-3040
2026-08-25,Rimal Qimma Services (fictional),INV-2149
2026-10-01,Dana Rimal Trading (fictional),INV-2250
2026-11-05,Rimal Madar Contracting (fictional),INV-3775
2026-08-19,Wadi Dana Solutions (fictional),INV-4520
2026-10-24,Qimma Waha Est. (fictional),INV-4314
2026-10-01,Buruj Noor Solutions (fictional),INV-5021
2026-09-08,Nakheel Qimma Supplies (fictional),INV-4479
2026-10-21,Jazeera Noor Supplies (fictional),INV-4727
2026-10-20,Sahab Sarh Est. (fictional),INV-5026
2026-08-24,Buruj Dana Trading (fictional),INV-1829
2026-11-06,Nakheel Najd Trading (fictional),INV-1054
2026-10-16,Rimal Madar Contracting (fictional),INV-4143
2026-10-12,Sarh Noor Services (fictional),INV-1774
2026-10-06,Rimal Madar Contracting (fictional),INV-5108
2026-11-13,Buruj Noor Solutions (fictional),INV-5048
2026-09-18,Dana Madar Est. (fictional),INV-4873
2026-10-17,Tamayuz Shams Solutions (fictional),INV-4835
2026-09-09,Bina Rawabi Est. (fictional),INV-1335
2026-08-25,Rimal Madar Contracting (fictional),INV-4176
2026-11-13,Sahab Sarh Est. (fictional),INV-5082
2026-10-10,Bina Taqa Est. (fictional),INV-4481
2026-10-19,Dana Madar Est. (fictional),INV-4916
2026-10-15,Taqa Rimal Solutions (fictional),INV-4913
2026-10-12,Buruj Dana Trading (fictional),INV-1870
2026-11-11,Nakheel Najd Trading (fictional),INV-1085
2026-10-22,Rimal Madar Contracting (fictional),INV-1353
2026-07-24,Najd Madar Supplies (fictional),INV-1212
2026-10-12,Rawabi Masar Trading (fictional),INV-3303
2026-09-19,Shams Madar Contracting (fictional),INV-4883
2026-08-24,Madar Jazeera Trading (fictional),INV-1830
2026-08-26,Noor Masar Contracting (fictional),INV-2004
2026-09-21,Sahab Najd Solutions (fictional),INV-4994
2026-10-08,Dana Madar Est. (fictional),INV-4966
2026-09-23,Rimal Qimma Services (fictional),INV-2201
2026-09-20,Shams Noor Trading (fictional),INV-1532
2026-09-30,Rimal Sahab Supplies (fictional),INV-2694
2026-10-06,Dana Rimal Trading (fictional),INV-2308
2026-09-23,Nakheel Sarh Solutions (fictional),INV-5035
2026-09-20,Dana Rimal Trading (fictional),INV-2347
2026-09-17,Shams Noor Trading (fictional),INV-1590
2026-09-30,Sarh Noor Services (fictional),INV-1783
2026-10-18,Buruj Dana Trading (fictional),INV-1919
2026-09-19,Jazeera Qimma Solutions (fictional),INV-3873
2026-07-27,Rimal Madar Contracting (fictional),INV-5144
2026-10-03,Sarh Qimma Services (fictional),INV-1641
2026-08-30,Qimma Waha Est. (fictional),INV-4337
2026-09-25,Rimal Madar Contracting (fictional),INV-1400
2026-08-16,Wadi Dana Solutions (fictional),INV-4528
2026-11-16,Rawabi Masar Trading (fictional),INV-3315
2026-10-01,Jazeera Qimma Solutions (fictional),INV-3885
2026-09-03,Nakheel Qimma Supplies (fictional),INV-4496
2026-08-25,Tamayuz Shams Solutions (fictional),INV-4891
2026-09-21,Waha Madar Est. (fictional),INV-3664
2026-09-12,Bina Taqa Est. (fictional),INV-4535
2026-08-17,Nakheel Sarh Solutions (fictional),INV-5059
2026-09-05,Buruj Dana Services (fictional),INV-1945
2026-09-13,Sarh Noor Services (fictional),INV-1793
2026-08-31,Rimal Madar Contracting (fictional),INV-1423
2026-08-22,Masar Wadi Services (fictional),INV-2424
2026-10-31,Buruj Waha Supplies (fictional),INV-3014
2026-09-04,Najd Sahab Contracting (fictional),INV-3946
2026-10-20,Bina Rawabi Est. (fictional),INV-1386
2026-08-20,Shams Noor Trading (fictional),INV-1623
2026-11-08,Tamayuz Shams Solutions (fictional),INV-4904
2026-08-12,Rimal Madar Contracting (fictional),INV-2509
2026-09-26,Noor Masar Contracting (fictional),INV-2045
2026-09-01,Bina Sarh Est. (fictional),INV-1151
2026-09-04,Wadi Dana Solutions (fictional),INV-4587
2026-08-06,Taqa Rimal Solutions (fictional),INV-4935
2026-10-09,Tamayuz Jazeera Trading (fictional),INV-1135
2026-10-23,Rimal Madar Contracting (fictional),INV-4233
2026-09-21,Tamayuz Bina Trading (fictional),INV-1555
2026-09-30,Taqa Rimal Solutions (fictional),INV-4991
2026-10-13,Noor Masar Contracting (fictional),INV-2101
2026-10-02,Taqa Shams Trading (fictional),INV-4032
2026-09-07,Dana Rimal Trading (fictional),INV-2361
2026-10-06,Rimal Madar Contracting (fictional),INV-1434
2026-10-04,Bina Taqa Est. (fictional),INV-4590
2026-10-21,Rimal Madar Contracting (fictional),INV-5204
2026-08-19,Rimal Madar Contracting (fictional),INV-2550
2026-09-03,Tamayuz Bina Trading (fictional),INV-1593
2026-09-07,Buruj Waha Supplies (fictional),INV-3042
2026-08-26,Rimal Madar Contracting (fictional),INV-5231
2026-10-13,Rimal Madar Contracting (fictional),INV-5280
2026-09-01,Tamayuz Shams Solutions (fictional),INV-4946
2026-09-22,Wadi Dana Solutions (fictional),INV-4598
2026-10-19,Waha Madar Est. (fictional),INV-3702
2026-11-16,Taqa Shams Trading (fictional),INV-4055
2026-09-28,Najd Sahab Contracting (fictional),INV-3966
2026-10-02,Waha Taqa Services (fictional),INV-4863
2026-09-09,Sahab Najd Solutions (fictional),INV-5025
2026-09-20,Taqa Sahab Services (fictional),INV-2291
2026-10-12,Bina Afaq Contracting (fictional),INV-3525
2026-09-12,Tamayuz Jazeera Trading (fictional),INV-1147
2026-10-19,Rimal Madar Contracting (fictional),INV-5116
2026-09-13,Rimal Madar Contracting (fictional),INV-5299
2026-08-07,Noor Najd Trading (fictional),INV-2423
2026-08-17,Nakheel Sarh Solutions (fictional),INV-5079
2026-09-03,Bina Afaq Contracting (fictional),INV-3580
2026-10-20,Tamayuz Jazeera Trading (fictional),INV-1200
2026-09-29,Rimal Madar Contracting (fictional),INV-3095
2026-10-24,Najd Madar Supplies (fictional),INV-1232
2026-09-18,Rimal Madar Contracting (fictional),INV-5155
2026-09-08,Buruj Waha Supplies (fictional),INV-3049
2026-08-27,Najd Najd Contracting (fictional),INV-3084
2026-10-24,Nakheel Qimma Supplies (fictional),INV-4549
2026-08-06,Rimal Sahab Supplies (fictional),INV-2723
2026-10-30,Tamayuz Jazeera Trading (fictional),INV-1236
2026-10-15,Nakheel Najd Trading (fictional),INV-1136
2026-10-14,Dana Madar Est. (fictional),INV-4983
2026-09-27,Rimal Madar Contracting (fictional),INV-5330
2026-09-02,Nakheel Najd Trading (fictional),INV-1147
2026-10-07,Rimal Qimma Services (fictional),INV-2217
2026-08-26,Rimal Madar Contracting (fictional),INV-1474
2026-09-09,Taqa Sahab Services (fictional),INV-2312
2026-09-06,Taqa Sahab Services (fictional),INV-2350
2026-09-29,Nakheel Qimma Supplies (fictional),INV-4600
2026-11-29,Jazeera Qimma Solutions (fictional),INV-3923
2026-08-16,Sarh Rimal Trading (fictional),INV-1633
2026-11-15,Najd Madar Supplies (fictional),INV-1251
2026-09-29,Madar Jazeera Trading (fictional),INV-1848
2026-09-19,Rimal Sahab Supplies (fictional),INV-2759
2026-11-21,Sahab Sarh Est. (fictional),INV-5135
2026-09-17,Waha Taqa Services (fictional),INV-4878
2026-10-07,Waha Madar Est. (fictional),INV-3754
2026-09-20,Najd Madar Supplies (fictional),INV-1263
2026-09-21,Tamayuz Jazeera Trading (fictional),INV-1276
2026-10-25,Jazeera Noor Supplies (fictional),INV-4759
2026-08-10,Rimal Madar Contracting (fictional),INV-3636
2026-08-29,Shams Noor Trading (fictional),INV-1641
2026-09-06,Qimma Waha Est. (fictional),INV-4374
2026-10-30,Buruj Noor Solutions (fictional),INV-5083
2026-10-22,Nakheel Qimma Supplies (fictional),INV-4660
2026-10-21,Masar Wadi Services (fictional),INV-2461
2026-09-18,Tamayuz Jazeera Trading (fictional),INV-1304
2026-09-06,Sahab Tamayuz Services (fictional),INV-1880
2026-11-02,Bina Sarh Est. (fictional),INV-1180
2026-10-07,Buruj Dana Trading (fictional),INV-1932
2026-10-24,Tamayuz Shams Solutions (fictional),INV-4988
2026-07-27,Nakheel Najd Trading (fictional),INV-1160
2026-11-13,Taqa Noor Solutions (fictional),INV-2655
2026-09-25,Dana Rimal Trading (fictional),INV-2418
2026-11-06,Tamayuz Shams Solutions (fictional),INV-5029
2026-08-07,Dana Madar Est. (fictional),INV-5022
2026-10-02,Nakheel Sarh Solutions (fictional),INV-5129
2026-10-04,Bina Sarh Est. (fictional),INV-1237
2026-08-05,Noor Najd Trading (fictional),INV-2438
2026-09-23,Noor Masar Contracting (fictional),INV-2142
2026-08-22,Najd Madar Supplies (fictional),INV-1318
2026-11-02,Madar Jazeera Trading (fictional),INV-1882
2026-08-13,Noor Masar Contracting (fictional),INV-2179
2026-10-02,Sarh Qimma Services (fictional),INV-1685
2026-11-11,Waha Madar Est. (fictional),INV-3796
2026-08-18,Taqa Shams Trading (fictional),INV-4114
2026-08-15,Sahab Sarh Est. (fictional),INV-5143
2026-09-16,Sahab Najd Solutions (fictional),INV-5065
2026-09-16,Sahab Tamayuz Services (fictional),INV-1915
2026-09-22,Taqa Rimal Solutions (fictional),INV-5041
2026-10-19,Taqa Shams Trading (fictional),INV-4142
2026-08-22,Sarh Noor Services (fictional),INV-1848
2026-11-04,Buruj Noor Solutions (fictional),INV-5138
2026-09-14,Qimma Waha Est. (fictional),INV-4427
2026-09-12,Rimal Madar Contracting (fictional),INV-3805
2026-10-26,Rimal Sahab Supplies (fictional),INV-2773
2026-09-21,Nakheel Qimma Supplies (fictional),INV-4708
2026-10-30,Jazeera Noor Supplies (fictional),INV-4801
2026-11-14,Bina Rawabi Est. (fictional),INV-1398
2026-08-17,Qimma Waha Est. (fictional),INV-4478
2026-09-21,Dana Madar Est. (fictional),INV-5042
2026-10-05,Bina Rawabi Est. (fictional),INV-1432
2026-09-08,Wadi Dana Solutions (fictional),INV-4647
2026-09-30,Shams Bina Solutions (fictional),INV-1602
2026-09-09,Shams Bina Solutions (fictional),INV-1660
2026-10-16,Bina Taqa Est. (fictional),INV-4599
2026-10-24,Sahab Tamayuz Services (fictional),INV-1943
2026-10-18,Rimal Madar Contracting (fictional),INV-1517
2026-10-11,Nakheel Qimma Supplies (fictional),INV-4750
2026-09-21,Shams Bina Solutions (fictional),INV-1685
2026-10-02,Noor Najd Trading (fictional),INV-2479
2026-09-01,Madar Jazeera Trading (fictional),INV-1912
2026-11-22,Rimal Qimma Services (fictional),INV-2267
2026-08-08,Dana Rimal Trading (fictional),INV-2429
2026-09-18,Shams Noor Trading (fictional),INV-1695
2026-09-29,Najd Najd Contracting (fictional),INV-3117
2026-09-27,Rimal Madar Contracting (fictional),INV-3832
2026-09-22,Rawabi Masar Trading (fictional),INV-3375
2026-10-16,Nakheel Najd Trading (fictional),INV-1195
2026-10-12,Sahab Sarh Est. (fictional),INV-5195
2026-09-07,Rimal Madar Contracting (fictional),INV-5184
2026-08-24,Najd Najd Contracting (fictional),INV-3137
2026-09-07,Nakheel Sarh Solutions (fictional),INV-5173
2026-10-05,Dana Madar Est. (fictional),INV-5055
2026-10-20,Nakheel Najd Trading (fictional),INV-1230
2026-08-04,Buruj Dana Trading (fictional),INV-1980
2026-07-31,Buruj Noor Solutions (fictional),INV-5171
2026-08-15,Buruj Dana Trading (fictional),INV-2008
2026-10-08,Dana Rimal Trading (fictional),INV-2480
2026-09-24,Nakheel Najd Trading (fictional),INV-1271
2026-10-03,Sahab Tamayuz Services (fictional),INV-1972
2026-08-26,Taqa Sahab Services (fictional),INV-2384
2026-10-15,Sarh Qimma Services (fictional),INV-1698
2026-09-16,Buruj Waha Supplies (fictional),INV-3101
2026-08-27,Rimal Qimma Services (fictional),INV-2320
2026-09-29,Sarh Noor Services (fictional),INV-1855
2026-09-22,Bina Afaq Contracting (fictional),INV-3626
2026-10-04,Noor Najd Trading (fictional),INV-2493
2026-10-04,Rimal Madar Contracting (fictional),INV-5225
2026-10-29,Nakheel Najd Trading (fictional),INV-1297
2026-11-05,Najd Madar Supplies (fictional),INV-1374
2026-09-07,Bina Taqa Est. (fictional),INV-4623
2026-10-14,Rimal Madar Contracting (fictional),INV-3152
2026-08-10,Bina Taqa Est. (fictional),INV-4637
2026-09-16,Noor Masar Contracting (fictional),INV-2235
2026-08-03,Rimal Madar Contracting (fictional),INV-1542
2026-09-15,Bina Taqa Est. (fictional),INV-4693
2026-08-12,Nakheel Najd Trading (fictional),INV-1348
2026-10-02,Sahab Tamayuz Services (fictional),INV-2009
2026-08-05,Najd Madar Supplies (fictional),INV-1382
2026-08-08,Sahab Tamayuz Services (fictional),INV-2069
2026-09-04,Rimal Madar Contracting (fictional),INV-5274
2026-10-23,Sarh Qimma Services (fictional),INV-1712
2026-10-01,Najd Madar Supplies (fictional),INV-1394
2026-11-08,Najd Najd Contracting (fictional),INV-3175
2026-10-14,Noor Najd Trading (fictional),INV-2524
2026-10-20,Rimal Madar Contracting (fictional),INV-2609
2026-10-03,Noor Masar Contracting (fictional),INV-2294
2026-10-27,Waha Madar Est. (fictional),INV-3813
2026-07-25,Noor Najd Trading (fictional),INV-2569
2026-10-27,Buruj Noor Solutions (fictional),INV-5201
2026-09-29,Taqa Rimal Solutions (fictional),INV-5051
2026-08-16,Rimal Madar Contracting (fictional),INV-5332
2026-08-14,Tamayuz Bina Trading (fictional),INV-1622
2026-08-16,Najd Najd Contracting (fictional),INV-3195
2026-10-13,Shams Bina Solutions (fictional),INV-1718
2026-09-09,Rimal Madar Contracting (fictional),INV-1599
2026-08-14,Rimal Madar Contracting (fictional),INV-5370
2026-08-21,Rawabi Masar Trading (fictional),INV-3426
2026-09-08,Rawabi Masar Trading (fictional),INV-3453
2026-08-29,Noor Najd Trading (fictional),INV-2594
2026-09-05,Noor Masar Contracting (fictional),INV-2346
2026-08-23,Rimal Madar Contracting (fictional),INV-1649
2026-09-20,Jazeera Qimma Solutions (fictional),INV-3951
2026-08-29,Rimal Madar Contracting (fictional),INV-3671
2026-08-26,Waha Taqa Services (fictional),INV-4910
2026-11-11,Rimal Sahab Supplies (fictional),INV-2824
2026-09-26,Rimal Madar Contracting (fictional),INV-1683
2026-10-16,Rimal Madar Contracting (fictional),INV-1720
2026-08-06,Shams Bina Solutions (fictional),INV-1734
2026-09-28,Dana Madar Est. (fictional),INV-5103
2026-09-10,Rimal Madar Contracting (fictional),INV-5387
2026-09-05,Sarh Noor Services (fictional),INV-1911
2026-09-09,Waha Madar Est. (fictional),INV-3843
2026-08-24,Bina Rawabi Est. (fictional),INV-1473
2026-08-27,Waha Taqa Services (fictional),INV-4937
2026-10-06,Taqa Noor Solutions (fictional),INV-2686
2026-08-15,Rimal Madar Contracting (fictional),INV-1756
2026-08-26,Nakheel Najd Trading (fictional),INV-1383
2026-07-31,Rimal Madar Contracting (fictional),INV-2666
2026-08-22,Najd Najd Contracting (fictional),INV-3214
2026-10-05,Rimal Madar Contracting (fictional),INV-4242
2026-09-09,Sahab Tamayuz Services (fictional),INV-2098
2026-11-07,Noor Najd Trading (fictional),INV-2639
2026-10-14,Bina Rawabi Est. (fictional),INV-1502
2026-11-03,Wadi Dana Solutions (fictional),INV-4655
2026-10-05,Taqa Shams Trading (fictional),INV-4194
2026-09-24,Buruj Waha Supplies (fictional),INV-3132
2026-08-24,Tamayuz Shams Solutions (fictional),INV-5081
2026-08-14,Tamayuz Shams Solutions (fictional),INV-5114
2026-10-03,Buruj Dana Trading (fictional),INV-2063
2026-09-23,Najd Najd Contracting (fictional),INV-3224
2026-08-15,Rimal Madar Contracting (fictional),INV-4253
2026-11-01,Waha Taqa Services (fictional),INV-4985
2026-11-21,Qimma Waha Est. (fictional),INV-4512
2026-09-18,Buruj Dana Trading (fictional),INV-2113
2026-08-25,Shams Bina Solutions (fictional),INV-1780
2026-10-14,Rimal Madar Contracting (fictional),INV-3690
2026-09-13,Rimal Madar Contracting (fictional),INV-3706
2026-09-07,Waha Madar Est. (fictional),INV-3857
2026-09-09,Noor Najd Trading (fictional),INV-2675
2026-10-05,Rimal Madar Contracting (fictional),INV-1782
2026-11-08,Waha Taqa Services (fictional),INV-5028
2026-11-13,Sarh Qimma Services (fictional),INV-1737
2026-10-11,Buruj Noor Solutions (fictional),INV-5259
2026-08-13,Sarh Qimma Services (fictional),INV-1760
2026-10-17,Taqa Shams Trading (fictional),INV-4247
2026-10-31,Shams Bina Solutions (fictional),INV-1834
2026-10-17,Rimal Madar Contracting (fictional),INV-5413
2026-09-05,Taqa Rimal Solutions (fictional),INV-5073
2026-08-12,Rimal Madar Contracting (fictional),INV-3864
2026-08-11,Rimal Madar Contracting (fictional),INV-2673
2026-09-19,Waha Madar Est. (fictional),INV-3898
2026-08-27,Madar Jazeera Trading (fictional),INV-1934
2026-08-20,Jazeera Qimma Solutions (fictional),INV-3964
2026-09-12,Bina Sarh Est. (fictional),INV-1258
2026-10-16,Noor Najd Trading (fictional),INV-2710
2026-11-05,Rimal Madar Contracting (fictional),INV-5402
2026-08-24,Qimma Waha Est. (fictional),INV-4528
2026-09-22,Noor Najd Trading (fictional),INV-2744
2026-08-05,Noor Najd Trading (fictional),INV-2777
2026-08-23,Sarh Noor Services (fictional),INV-1958
2026-10-13,Sahab Sarh Est. (fictional),INV-5249
2026-11-01,Noor Najd Trading (fictional),INV-2789
2026-10-02,Rimal Madar Contracting (fictional),INV-4308
2026-10-17,Buruj Waha Supplies (fictional),INV-3150
2026-09-03,Shams Madar Contracting (fictional),INV-4904
2026-10-07,Rimal Madar Contracting (fictional),INV-2729
2026-08-14,Sahab Sarh Est. (fictional),INV-5294
2026-10-09,Sahab Najd Solutions (fictional),INV-5078
2026-10-26,Buruj Dana Services (fictional),INV-1997
2026-09-21,Bina Sarh Est. (fictional),INV-1272
2026-08-28,Buruj Waha Supplies (fictional),INV-3196
2026-09-27,Wadi Dana Solutions (fictional),INV-4667
2026-09-27,Bina Rawabi Est. (fictional),INV-1531
2026-09-17,Waha Taqa Services (fictional),INV-5043
2026-10-14,Sarh Rimal Trading (fictional),INV-1642
2026-10-05,Sarh Rimal Trading (fictional),INV-1696
2026-09-23,Buruj Dana Trading (fictional),INV-2138
2026-09-02,Nakheel Najd Trading (fictional),INV-1400
2026-09-09,Buruj Waha Supplies (fictional),INV-3242
2026-11-07,Taqa Noor Solutions (fictional),INV-2717
2026-09-30,Sarh Qimma Services (fictional),INV-1791
2026-11-10,Buruj Dana Services (fictional),INV-2048
2026-08-28,Rimal Madar Contracting (fictional),INV-5424
2026-10-31,Tamayuz Shams Solutions (fictional),INV-5162
2026-11-22,Rimal Madar Contracting (fictional),INV-2778
2026-08-25,Taqa Rimal Solutions (fictional),INV-5133
2026-11-12,Qimma Waha Est. (fictional),INV-4545
2026-09-12,Najd Sahab Contracting (fictional),INV-3997
2026-10-01,Buruj Dana Services (fictional),INV-2063
2026-09-18,Tamayuz Bina Trading (fictional),INV-1639
2026-10-17,Sahab Tamayuz Services (fictional),INV-2146
2026-08-24,Rimal Sahab Supplies (fictional),INV-2877
2026-11-23,Taqa Shams Trading (fictional),INV-4260
2026-10-21,Buruj Dana Services (fictional),INV-2081
2026-07-29,Shams Madar Contracting (fictional),INV-4958
2026-09-20,Rimal Madar Contracting (fictional),INV-3174
2026-10-18,Sahab Sarh Est. (fictional),INV-5350
2026-10-11,Rimal Madar Contracting (fictional),INV-3750
2026-09-07,Rimal Madar Contracting (fictional),INV-5470
2026-09-25,Rawabi Masar Trading (fictional),INV-3505
2026-11-03,Shams Bina Solutions (fictional),INV-1871
2026-09-01,Taqa Noor Solutions (fictional),INV-2755
2026-10-19,Shams Noor Trading (fictional),INV-1730
2026-10-25,Sahab Najd Solutions (fictional),INV-5091
2026-09-14,Sarh Noor Services (fictional),INV-1995
2026-09-05,Rimal Madar Contracting (fictional),INV-5450
2026-08-18,Rimal Madar Contracting (fictional),INV-3183
2026-11-08,Buruj Dana Trading (fictional),INV-2192
2026-11-19,Bina Rawabi Est. (fictional),INV-1559
2026-10-06,Madar Jazeera Trading (fictional),INV-1948
2026-10-27,Sarh Qimma Services (fictional),INV-1821
2026-10-10,Sahab Sarh Est. (fictional),INV-5371
2026-10-10,Rimal Sahab Supplies (fictional),INV-2897
2026-10-29,Jazeera Qimma Solutions (fictional),INV-3978
2026-09-12,Taqa Sahab Services (fictional),INV-2411
2026-09-05,Buruj Noor Solutions (fictional),INV-5275
2026-09-20,Wadi Dana Solutions (fictional),INV-4726
2026-08-22,Buruj Dana Trading (fictional),INV-2241
2026-11-18,Madar Jazeera Trading (fictional),INV-1981
2026-09-11,Nakheel Najd Trading (fictional),INV-1426
2026-11-07,Shams Bina Solutions (fictional),INV-1890
2026-08-20,Qimma Waha Est. (fictional),INV-4597
2026-08-24,Taqa Shams Trading (fictional),INV-4296
2026-08-18,Shams Noor Trading (fictional),INV-1780
2026-10-15,Bina Rawabi Est. (fictional),INV-1608
2026-08-13,Taqa Noor Solutions (fictional),INV-2777
2026-08-02,Shams Bina Solutions (fictional),INV-1941
2026-10-17,Tamayuz Jazeera Trading (fictional),INV-1352
2026-10-04,Taqa Rimal Solutions (fictional),INV-5144
2026-10-30,Buruj Dana Services (fictional),INV-2117
2026-10-29,Sarh Rimal Trading (fictional),INV-1751
2026-10-06,Noor Najd Trading (fictional),INV-2848
2026-11-07,Rimal Madar Contracting (fictional),INV-5496
2026-09-21,Jazeera Qimma Solutions (fictional),INV-3989
2026-10-02,Dana Madar Est. (fictional),INV-5151
2026-09-02,Jazeera Qimma Solutions (fictional),INV-3998
2026-11-18,Rimal Sahab Supplies (fictional),INV-2938
2026-10-06,Sarh Noor Services (fictional),INV-2017
2026-09-10,Sarh Noor Services (fictional),INV-2077
2026-08-30,Taqa Noor Solutions (fictional),INV-2804
2026-10-05,Bina Afaq Contracting (fictional),INV-3665
2026-09-07,Tamayuz Bina Trading (fictional),INV-1652
2026-09-20,Sarh Rimal Trading (fictional),INV-1809
2026-08-08,Shams Bina Solutions (fictional),INV-1948
2026-10-06,Sahab Tamayuz Services (fictional),INV-2193
2026-09-09,Rimal Madar Contracting (fictional),INV-5500
2026-09-06,Nakheel Qimma Supplies (fictional),INV-4777
2026-10-08,Najd Madar Supplies (fictional),INV-1445
2026-11-07,Qimma Waha Est. (fictional),INV-4615
2026-08-23,Rimal Madar Contracting (fictional),INV-5555
2026-08-24,Taqa Shams Trading (fictional),INV-4343
2026-09-18,Sarh Noor Services (fictional),INV-2084
2026-10-18,Taqa Rimal Solutions (fictional),INV-5200
2026-10-29,Tamayuz Shams Solutions (fictional),INV-5200
2026-10-28,Bina Sarh Est. (fictional),INV-1309
2026-09-12,Bina Rawabi Est. (fictional),INV-1668
2026-09-12,Buruj Dana Services (fictional),INV-2128
2026-10-20,Bina Afaq Contracting (fictional),INV-3693
2026-09-17,Waha Madar Est. (fictional),INV-3907
2026-08-26,Rimal Madar Contracting (fictional),INV-5577
2026-11-11,Rimal Madar Contracting (fictional),INV-3766
2026-08-29,Taqa Rimal Solutions (fictional),INV-5233
2026-09-07,Sarh Noor Services (fictional),INV-2140
2026-09-23,Rimal Madar Contracting (fictional),INV-2828
2026-10-15,Dana Rimal Trading (fictional),INV-2492
2026-09-27,Najd Najd Contracting (fictional),INV-3260
2026-08-10,Buruj Dana Trading (fictional),INV-2281
2026-11-05,Sarh Qimma Services (fictional),INV-1844
2026-09-27,Nakheel Qimma Supplies (fictional),INV-4807
2026-10-05,Sarh Qimma Services (fictional),INV-1899
2026-10-18,Rimal Madar Contracting (fictional),INV-3919
2026-09-15,Tamayuz Jazeera Trading (fictional),INV-1359
2026-11-16,Najd Madar Supplies (fictional),INV-1455
2026-10-18,Najd Najd Contracting (fictional),INV-3267
2026-09-22,Rawabi Masar Trading (fictional),INV-3564
2026-09-16,Rawabi Masar Trading (fictional),INV-3572
2026-11-04,Madar Jazeera Trading (fictional),INV-2015
2026-11-24,Masar Wadi Services (fictional),INV-2521
2026-09-11,Rawabi Masar Trading (fictional),INV-3604
2026-09-07,Nakheel Najd Trading (fictional),INV-1486
2026-09-10,Tamayuz Jazeera Trading (fictional),INV-1382
2026-10-25,Waha Taqa Services (fictional),INV-5053
2026-10-19,Sahab Sarh Est. (fictional),INV-5385
2026-08-27,Rimal Madar Contracting (fictional),INV-4855
2026-09-29,Rimal Madar Contracting (fictional),INV-3943
2026-08-19,Taqa Shams Trading (fictional),INV-4366
2026-09-27,Taqa Noor Solutions (fictional),INV-2831
2026-09-29,Buruj Noor Solutions (fictional),INV-5313
2026-09-21,Taqa Rimal Solutions (fictional),INV-5255
2026-08-20,Tamayuz Jazeera Trading (fictional),INV-1415
2026-11-06,Buruj Waha Supplies (fictional),INV-3266
2026-09-15,Noor Masar Contracting (fictional),INV-2363
2026-07-29,Masar Wadi Services (fictional),INV-2543
2026-10-15,Wadi Dana Solutions (fictional),INV-4757
2026-10-15,Tamayuz Bina Trading (fictional),INV-1672
2026-10-15,Jazeera Qimma Solutions (fictional),INV-4024
2026-08-03,Taqa Noor Solutions (fictional),INV-2877
2026-11-26,Noor Masar Contracting (fictional),INV-2412
2026-10-31,Waha Taqa Services (fictional),INV-5076
2026-08-27,Rimal Madar Contracting (fictional),INV-3791
2026-08-22,Waha Madar Est. (fictional),INV-3967
2026-08-30,Dana Madar Est. (fictional),INV-5183
2026-09-18,Dana Rimal Trading (fictional),INV-2551
2026-10-27,Dana Rimal Trading (fictional),INV-2611
2026-09-10,Buruj Noor Solutions (fictional),INV-5344
2026-08-31,Taqa Sahab Services (fictional),INV-2435
2026-11-05,Shams Noor Trading (fictional),INV-1800
2026-09-07,Sahab Najd Solutions (fictional),INV-5115
2026-10-16,Waha Madar Est. (fictional),INV-3980
2026-11-03,Shams Noor Trading (fictional),INV-1840
2026-10-13,Tamayuz Shams Solutions (fictional),INV-5254
2026-08-21,Rimal Madar Contracting (fictional),INV-1826
2026-08-16,Sarh Qimma Services (fictional),INV-1910
2026-10-19,Dana Rimal Trading (fictional),INV-2664
2026-09-19,Sarh Noor Services (fictional),INV-2170
2026-09-26,Dana Madar Est. (fictional),INV-5224
2026-08-07,Tamayuz Jazeera Trading (fictional),INV-1461
2026-09-26,Sarh Qimma Services (fictional),INV-1937
2026-10-10,Najd Najd Contracting (fictional),INV-3284
2026-10-06,Sarh Noor Services (fictional),INV-2221
2026-09-09,Buruj Noor Solutions (fictional),INV-5375
2026-10-13,Sahab Tamayuz Services (fictional),INV-2241
2026-08-30,Tamayuz Shams Solutions (fictional),INV-5312
2026-10-07,Jazeera Qimma Solutions (fictional),INV-4042
2026-10-15,Noor Najd Trading (fictional),INV-2891
2026-11-22,Bina Afaq Contracting (fictional),INV-3743
2026-10-28,Wadi Dana Solutions (fictional),INV-4804
2026-09-03,Waha Madar Est. (fictional),INV-4006
2026-10-22,Sarh Rimal Trading (fictional),INV-1824
2026-09-04,Najd Sahab Contracting (fictional),INV-4038
2026-10-23,Nakheel Sarh Solutions (fictional),INV-5190
2026-08-30,Shams Noor Trading (fictional),INV-1896
2026-08-30,Rimal Madar Contracting (fictional),INV-3844
2026-10-28,Noor Masar Contracting (fictional),INV-2445
2026-10-23,Sarh Qimma Services (fictional),INV-1945
2026-09-04,Wadi Dana Solutions (fictional),INV-4829
2026-10-14,Buruj Dana Services (fictional),INV-2167
2026-11-01,Sahab Najd Solutions (fictional),INV-5166
2026-10-16,Jazeera Qimma Solutions (fictional),INV-4083
2026-08-17,Waha Taqa Services (fictional),INV-5102
2026-08-23,Nakheel Qimma Supplies (fictional),INV-4857
2026-10-03,Rimal Madar Contracting (fictional),INV-4358
2026-08-23,Rimal Sahab Supplies (fictional),INV-2969
2026-08-06,Taqa Noor Solutions (fictional),INV-2894
2026-08-27,Buruj Dana Services (fictional),INV-2176
2026-08-23,Qimma Waha Est. (fictional),INV-4646
2026-10-31,Bina Taqa Est. (fictional),INV-4705
2026-09-08,Rimal Qimma Services (fictional),INV-2357
2026-08-18,Rimal Sahab Supplies (fictional),INV-2990
2026-09-14,Rawabi Masar Trading (fictional),INV-3623
2026-09-03,Waha Madar Est. (fictional),INV-4016
2026-11-09,Sarh Qimma Services (fictional),INV-2001
2026-10-11,Rimal Madar Contracting (fictional),INV-3960
2026-10-21,Rimal Madar Contracting (fictional),INV-4897
2026-09-23,Taqa Noor Solutions (fictional),INV-2935
2026-10-03,Rimal Madar Contracting (fictional),INV-3192
2026-08-15,Buruj Noor Solutions (fictional),INV-5401
2026-08-26,Rimal Madar Contracting (fictional),INV-2866
2026-08-15,Nakheel Najd Trading (fictional),INV-1509
2026-10-20,Noor Masar Contracting (fictional),INV-2491
2026-09-10,Nakheel Qimma Supplies (fictional),INV-4878
2026-09-10,Sahab Tamayuz Services (fictional),INV-2258
2026-09-05,Sahab Tamayuz Services (fictional),INV-2267
2026-09-20,Rimal Qimma Services (fictional),INV-2413
2026-09-20,Bina Taqa Est. (fictional),INV-4714
2026-11-25,Bina Sarh Est. (fictional),INV-1317
2026-10-18,Dana Rimal Trading (fictional),INV-2688
2026-10-25,Bina Rawabi Est. (fictional),INV-1706
2026-09-04,Tamayuz Bina Trading (fictional),INV-1688
2026-09-08,Najd Madar Supplies (fictional),INV-1506
2026-10-13,Taqa Sahab Services (fictional),INV-2495
2026-08-03,Rimal Madar Contracting (fictional),INV-3872
2026-10-25,Rimal Sahab Supplies (fictional),INV-3022
2026-09-07,Rimal Madar Contracting (fictional),INV-4923
2026-10-31,Sarh Qimma Services (fictional),INV-2053
2026-09-04,Nakheel Qimma Supplies (fictional),INV-4929
2026-10-26,Najd Madar Supplies (fictional),INV-1545
2026-10-17,Sarh Qimma Services (fictional),INV-2065
2026-11-15,Noor Masar Contracting (fictional),INV-2531
2026-08-28,Najd Najd Contracting (fictional),INV-3295
2026-08-24,Sahab Najd Solutions (fictional),INV-5204
2026-10-21,Waha Madar Est. (fictional),INV-4031
2026-10-25,Bina Rawabi Est. (fictional),INV-1750
2026-09-24,Waha Taqa Services (fictional),INV-5118
2026-09-29,Waha Taqa Services (fictional),INV-5171
2026-09-08,Bina Rawabi Est. (fictional),INV-1767
2026-10-26,Buruj Noor Solutions (fictional),INV-5409
2026-10-30,Bina Taqa Est. (fictional),INV-4723
2026-09-01,Najd Najd Contracting (fictional),INV-3306
2026-08-14,Rimal Sahab Supplies (fictional),INV-3065
2026-09-07,Taqa Sahab Services (fictional),INV-2524
2026-09-30,Sarh Qimma Services (fictional),INV-2076
2026-08-24,Sahab Tamayuz Services (fictional),INV-2286
2026-10-01,Masar Wadi Services (fictional),INV-2589
2026-07-28,Sahab Sarh Est. (fictional),INV-5421
2026-09-30,Najd Madar Supplies (fictional),INV-1602
2026-11-08,Masar Wadi Services (fictional),INV-2633
2026-08-15,Nakheel Qimma Supplies (fictional),INV-4958
2026-09-30,Rimal Sahab Supplies (fictional),INV-3087
2026-09-12,Bina Sarh Est. (fictional),INV-1334
2026-08-19,Rimal Madar Contracting (fictional),INV-1833
2026-10-22,Bina Rawabi Est. (fictional),INV-1787
2026-11-14,Tamayuz Bina Trading (fictional),INV-1708
2026-09-03,Rimal Madar Contracting (fictional),INV-4402
2026-10-06,Shams Noor Trading (fictional),INV-1936
2026-08-02,Nakheel Qimma Supplies (fictional),INV-4987
2026-10-14,Taqa Sahab Services (fictional),INV-2578
2026-08-25,Tamayuz Bina Trading (fictional),INV-1768
2026-07-29,Rimal Sahab Supplies (fictional),INV-3113
2026-08-10,Sarh Rimal Trading (fictional),INV-1873
2026-09-18,Sarh Noor Services (fictional),INV-2243
2026-08-24,Nakheel Sarh Solutions (fictional),INV-5216
2026-08-19,Bina Afaq Contracting (fictional),INV-3800
2026-08-18,Sahab Sarh Est. (fictional),INV-5465
2026-09-18,Wadi Dana Solutions (fictional),INV-4880
2026-10-01,Rimal Madar Contracting (fictional),INV-5505
2026-10-24,Qimma Waha Est. (fictional),INV-4679
2026-09-13,Rimal Madar Contracting (fictional),INV-5601
2026-09-06,Waha Taqa Services (fictional),INV-5185
2026-09-15,Najd Madar Supplies (fictional),INV-1651
2026-11-11,Buruj Dana Services (fictional),INV-2234
2026-10-30,Jazeera Qimma Solutions (fictional),INV-4134
2026-09-16,Bina Rawabi Est. (fictional),INV-1828
2026-09-16,Rimal Sahab Supplies (fictional),INV-3120
2026-09-28,Sarh Rimal Trading (fictional),INV-1885
2026-10-25,Waha Madar Est. (fictional),INV-4055
2026-08-09,Rimal Madar Contracting (fictional),INV-2873
2026-09-10,Najd Najd Contracting (fictional),INV-3326
2026-11-29,Tamayuz Shams Solutions (fictional),INV-5363
2026-10-21,Rimal Qimma Services (fictional),INV-2458
2026-10-14,Shams Bina Solutions (fictional),INV-1981
2026-11-11,Rimal Madar Contracting (fictional),INV-5514
2026-08-29,Bina Rawabi Est. (fictional),INV-1872
2026-11-15,Sahab Tamayuz Services (fictional),INV-2334
2026-09-14,Shams Madar Contracting (fictional),INV-4968
2026-07-30,Rimal Qimma Services (fictional),INV-2513
2026-10-21,Noor Najd Trading (fictional),INV-2941
2026-10-04,Rimal Madar Contracting (fictional),INV-3215
2026-09-22,Wadi Dana Solutions (fictional),INV-4918
2026-08-08,Taqa Noor Solutions (fictional),INV-2989
2026-09-12,Tamayuz Shams Solutions (fictional),INV-5385
2026-10-25,Tamayuz Bina Trading (fictional),INV-1819
2026-09-02,Wadi Dana Solutions (fictional),INV-4975
2026-10-17,Sahab Najd Solutions (fictional),INV-5214
2026-10-19,Jazeera Qimma Solutions (fictional),INV-4146
2026-09-17,Sarh Rimal Trading (fictional),INV-1924
2026-09-27,Nakheel Najd Trading (fictional),INV-1537
2026-09-19,Rimal Qimma Services (fictional),INV-2555
2026-08-31,Buruj Dana Trading (fictional),INV-2299
2026-10-24,Dana Rimal Trading (fictional),INV-2741
2026-08-06,Sarh Rimal Trading (fictional),INV-1957
2026-10-09,Sahab Najd Solutions (fictional),INV-5232
2026-10-07,Nakheel Sarh Solutions (fictional),INV-5236
2026-09-20,Rimal Madar Contracting (fictional),INV-3236
2026-11-21,Tamayuz Jazeera Trading (fictional),INV-1469
2026-08-21,Nakheel Qimma Supplies (fictional),INV-5047
2026-10-24,Shams Bina Solutions (fictional),INV-2006
2026-09-25,Masar Wadi Services (fictional),INV-2664
2026-09-02,Jazeera Noor Supplies (fictional),INV-4860
2026-10-13,Najd Madar Supplies (fictional),INV-1708
2026-10-06,Wadi Dana Solutions (fictional),INV-4999
2026-09-19,Buruj Dana Services (fictional),INV-2257
2026-09-23,Waha Madar Est. (fictional),INV-4091
2026-09-25,Taqa Sahab Services (fictional),INV-2610
2026-08-14,Sahab Sarh Est. (fictional),INV-5509
2026-09-21,Tamayuz Jazeera Trading (fictional),INV-1486
2026-07-24,Buruj Noor Solutions (fictional),INV-5452
2026-10-02,Sarh Noor Services (fictional),INV-2263
2026-10-23,Sarh Rimal Trading (fictional),INV-1991
2026-08-29,Buruj Dana Services (fictional),INV-2289
2026-11-06,Rimal Madar Contracting (fictional),INV-4015
2026-08-12,Najd Madar Supplies (fictional),INV-1757
2026-09-16,Najd Madar Supplies (fictional),INV-1781
2026-10-27,Rimal Madar Contracting (fictional),INV-4976
2026-10-30,Rimal Madar Contracting (fictional),INV-3927
2026-09-21,Tamayuz Shams Solutions (fictional),INV-5411
2026-08-22,Noor Masar Contracting (fictional),INV-2541
2026-10-27,Rimal Sahab Supplies (fictional),INV-3128
2026-08-14,Rimal Madar Contracting (fictional),INV-5563
2026-10-16,Nakheel Qimma Supplies (fictional),INV-5074
2026-10-07,Sarh Rimal Trading (fictional),INV-2033
2026-08-21,Rimal Madar Contracting (fictional),INV-3261
2026-10-09,Rimal Qimma Services (fictional),INV-2599
2026-10-08,Rimal Madar Contracting (fictional),INV-5638
2026-09-18,Dana Rimal Trading (fictional),INV-2797
2026-09-15,Sarh Noor Services (fictional),INV-2299
2026-08-09,Rimal Madar Contracting (fictional),INV-3942
2026-10-04,Sarh Rimal Trading (fictional),INV-2089
2026-10-07,Taqa Rimal Solutions (fictional),INV-5267
2026-09-05,Waha Madar Est. (fictional),INV-4143
2026-09-12,Rimal Madar Contracting (fictional),INV-2911
2026-08-19,Buruj Dana Services (fictional),INV-2340
2026-09-20,Noor Najd Trading (fictional),INV-2959
2026-11-01,Rimal Madar Contracting (fictional),INV-1846
2026-09-20,Bina Taqa Est. (fictional),INV-4750
2026-11-04,Waha Madar Est. (fictional),INV-4181
2026-11-02,Waha Madar Est. (fictional),INV-4237
2026-09-12,Nakheel Sarh Solutions (fictional),INV-5291
2026-09-23,Buruj Dana Trading (fictional),INV-2331
2026-09-11,Buruj Noor Solutions (fictional),INV-5491
2026-08-05,Buruj Waha Supplies (fictional),INV-3276
2026-09-20,Rimal Sahab Supplies (fictional),INV-3184
2026-10-18,Najd Sahab Contracting (fictional),INV-4078
2026-10-22,Waha Taqa Services (fictional),INV-5204
2026-10-03,Jazeera Qimma Solutions (fictional),INV-4198
2026-11-10,Buruj Dana Trading (fictional),INV-2357
2026-10-08,Rimal Madar Contracting (fictional),INV-1876
2026-09-14,Rimal Madar Contracting (fictional),INV-5679
2026-10-15,Nakheel Qimma Supplies (fictional),INV-5081
2026-08-18,Nakheel Najd Trading (fictional),INV-1559
2026-07-31,Waha Taqa Services (fictional),INV-5257
2026-08-21,Bina Taqa Est. (fictional),INV-4803
2026-09-03,Rimal Madar Contracting (fictional),INV-4453
2026-09-01,Rimal Madar Contracting (fictional),INV-4460
2026-11-25,Waha Taqa Services (fictional),INV-5271
2026-09-02,Sarh Qimma Services (fictional),INV-2125
2026-09-23,Rimal Madar Contracting (fictional),INV-4984
2026-10-23,Madar Jazeera Trading (fictional),INV-2073
2026-08-08,Najd Madar Supplies (fictional),INV-1815
2026-10-21,Dana Madar Est. (fictional),INV-5266
2026-09-28,Rimal Madar Contracting (fictional),INV-4047
2026-07-30,Rawabi Masar Trading (fictional),INV-3679
2026-09-06,Taqa Noor Solutions (fictional),INV-3027
2026-10-19,Rimal Madar Contracting (fictional),INV-4470
2026-11-25,Rimal Madar Contracting (fictional),INV-2953
2026-09-07,Qimma Waha Est. (fictional),INV-4686
2026-09-01,Taqa Noor Solutions (fictional),INV-3036
2026-10-27,Noor Masar Contracting (fictional),INV-2577
2026-11-25,Rimal Madar Contracting (fictional),INV-5597
2026-10-28,Rawabi Masar Trading (fictional),INV-3708
2026-11-01,Najd Sahab Contracting (fictional),INV-4135
2026-08-09,Buruj Dana Trading (fictional),INV-2406
2026-09-11,Madar Jazeera Trading (fictional),INV-2096
2026-10-18,Rimal Madar Contracting (fictional),INV-5726
2026-10-14,Shams Madar Contracting (fictional),INV-5022
2026-08-17,Shams Noor Trading (fictional),INV-1947
2026-09-12,Bina Afaq Contracting (fictional),INV-3829
2026-09-19,Madar Jazeera Trading (fictional),INV-2129
2026-10-25,Rimal Madar Contracting (fictional),INV-5630
2026-08-24,Bina Afaq Contracting (fictional),INV-3853
2026-11-10,Shams Noor Trading (fictional),INV-1961
2026-10-14,Taqa Noor Solutions (fictional),INV-3051
2026-08-24,Rimal Madar Contracting (fictional),INV-5676
2026-09-11,Rimal Madar Contracting (fictional),INV-4515
2026-07-31,Bina Taqa Est. (fictional),INV-4852
2026-10-17,Buruj Waha Supplies (fictional),INV-3283
2026-09-07,Sahab Najd Solutions (fictional),INV-5275
2026-09-27,Noor Masar Contracting (fictional),INV-2597
2026-10-05,Rimal Madar Contracting (fictional),INV-3317
2026-10-27,Rimal Madar Contracting (fictional),INV-2977
2026-08-18,Sahab Najd Solutions (fictional),INV-5316
2026-09-23,Rimal Madar Contracting (fictional),INV-4062
2026-08-03,Sahab Sarh Est. (fictional),INV-5554
2026-10-11,Shams Madar Contracting (fictional),INV-5077
2026-10-29,Rimal Madar Contracting (fictional),INV-5765
2026-08-31,Sarh Noor Services (fictional),INV-2355
2026-09-01,Jazeera Noor Supplies (fictional),INV-4919
2026-10-06,Dana Madar Est. (fictional),INV-5295
2026-10-13,Wadi Dana Solutions (fictional),INV-5057
2026-08-08,Noor Najd Trading (fictional),INV-2971
2026-10-04,Bina Rawabi Est. (fictional),INV-1883
2026-09-15,Bina Afaq Contracting (fictional),INV-3904
2026-10-26,Shams Madar Contracting (fictional),INV-5088
2026-08-24,Bina Afaq Contracting (fictional),INV-3952
2026-09-18,Bina Sarh Est. (fictional),INV-1369
2026-11-11,Rimal Madar Contracting (fictional),INV-4551
2026-09-06,Sahab Sarh Est. (fictional),INV-5598
2026-10-06,Rawabi Masar Trading (fictional),INV-3738
2026-10-07,Jazeera Qimma Solutions (fictional),INV-4243
2026-09-02,Najd Sahab Contracting (fictional),INV-4185
2026-11-16,Najd Madar Supplies (fictional),INV-1862
2026-09-21,Najd Madar Supplies (fictional),INV-1912
2026-09-22,Taqa Sahab Services (fictional),INV-2642
2026-09-25,Buruj Dana Trading (fictional),INV-2438
2026-10-22,Buruj Dana Trading (fictional),INV-2457
2026-10-11,Taqa Rimal Solutions (fictional),INV-5319
2026-10-09,Waha Madar Est. (fictional),INV-4282
2026-10-17,Taqa Sahab Services (fictional),INV-2695
2026-10-26,Bina Afaq Contracting (fictional),INV-4004
2026-09-04,Rimal Madar Contracting (fictional),INV-1907
2026-08-27,Buruj Waha Supplies (fictional),INV-3328
2026-11-12,Rawabi Masar Trading (fictional),INV-3768
2026-09-24,Waha Madar Est. (fictional),INV-4292
2026-09-05,Tamayuz Shams Solutions (fictional),INV-5459
2026-08-03,Noor Masar Contracting (fictional),INV-2634
2026-09-03,Najd Sahab Contracting (fictional),INV-4201
2026-10-03,Rimal Madar Contracting (fictional),INV-3965
2026-09-23,Taqa Rimal Solutions (fictional),INV-5345
2026-09-10,Najd Madar Supplies (fictional),INV-1947
2026-10-06,Nakheel Qimma Supplies (fictional),INV-5139
2026-09-16,Buruj Dana Services (fictional),INV-2386
2026-09-05,Qimma Waha Est. (fictional),INV-4743
2026-10-17,Nakheel Qimma Supplies (fictional),INV-5146
2026-10-03,Rimal Madar Contracting (fictional),INV-4091
2026-10-04,Nakheel Najd Trading (fictional),INV-1582
2026-08-20,Waha Taqa Services (fictional),INV-5284
2026-09-27,Taqa Rimal Solutions (fictional),INV-5401
2026-09-17,Qimma Waha Est. (fictional),INV-4762
2026-09-03,Bina Afaq Contracting (fictional),INV-4045
2026-10-28,Qimma Waha Est. (fictional),INV-4803
2026-11-04,Madar Jazeera Trading (fictional),INV-2137
2026-11-19,Dana Madar Est. (fictional),INV-5342
2026-08-29,Rimal Madar Contracting (fictional),INV-4573
2026-09-02,Rimal Madar Contracting (fictional),INV-4130
2026-11-13,Qimma Waha Est. (fictional),INV-4860
2026-10-16,Jazeera Noor Supplies (fictional),INV-4966
2026-09-11,Rimal Sahab Supplies (fictional),INV-3237
2026-08-23,Nakheel Najd Trading (fictional),INV-1601
2026-09-26,Dana Rimal Trading (fictional),INV-2847
2026-10-27,Taqa Shams Trading (fictional),INV-4404
2026-11-24,Buruj Dana Services (fictional),INV-2420
2026-08-31,Taqa Sahab Services (fictional),INV-2738
2026-09-08,Shams Noor Trading (fictional),INV-2008
2026-11-15,Shams Madar Contracting (fictional),INV-5144
2026-10-30,Sahab Tamayuz Services (fictional),INV-2361
2026-10-08,Taqa Noor Solutions (fictional),INV-3089
2026-08-25,Madar Jazeera Trading (fictional),INV-2171
2026-08-19,Jazeera Qimma Solutions (fictional),INV-4283
2026-08-14,Jazeera Qimma Solutions (fictional),INV-4304
2026-08-11,Rimal Qimma Services (fictional),INV-2630
2026-09-10,Rimal Madar Contracting (fictional),INV-4606
2026-10-18,Shams Madar Contracting (fictional),INV-5167
2026-09-19,Sahab Najd Solutions (fictional),INV-5327
2026-10-09,Najd Madar Supplies (fictional),INV-1970
2026-09-22,Najd Madar Supplies (fictional),INV-1984
2026-09-13,Rimal Madar Contracting (fictional),INV-3978
2026-10-02,Najd Madar Supplies (fictional),INV-2023
2026-10-17,Rawabi Masar Trading (fictional),INV-3779
2026-11-04,Waha Taqa Services (fictional),INV-5332
2026-10-29,Taqa Shams Trading (fictional),INV-4442
2026-09-19,Shams Madar Contracting (fictional),INV-5205
2026-08-24,Buruj Dana Trading (fictional),INV-2490
2026-09-17,Qimma Waha Est. (fictional),INV-4886
2026-11-04,Waha Taqa Services (fictional),INV-5384
2026-09-13,Nakheel Qimma Supplies (fictional),INV-5193
2026-11-12,Dana Madar Est. (fictional),INV-5383
2026-08-28,Buruj Noor Solutions (fictional),INV-5514
2026-08-16,Najd Sahab Contracting (fictional),INV-4215
2026-10-24,Taqa Shams Trading (fictional),INV-4457
2026-09-23,Rawabi Masar Trading (fictional),INV-3823
2026-10-10,Sahab Najd Solutions (fictional),INV-5358
2026-08-21,Rimal Madar Contracting (fictional),INV-4659
2026-10-10,Taqa Sahab Services (fictional),INV-2770
2026-09-25,Wadi Dana Solutions (fictional),INV-5106
2026-09-15,Sahab Tamayuz Services (fictional),INV-2382
2026-11-02,Waha Madar Est. (fictional),INV-4341
2026-10-03,Noor Najd Trading (fictional),INV-3012
2026-10-21,Najd Najd Contracting (fictional),INV-3345
2026-11-03,Wadi Dana Solutions (fictional),INV-5154
2026-09-19,Shams Madar Contracting (fictional),INV-5239
2026-11-02,Rimal Madar Contracting (fictional),INV-5034
2026-10-08,Sahab Tamayuz Services (fictional),INV-2413
2026-10-23,Jazeera Noor Supplies (fictional),INV-5020
2026-11-06,Sarh Noor Services (fictional),INV-2380
2026-09-19,Rimal Qimma Services (fictional),INV-2655
2026-11-04,Waha Taqa Services (fictional),INV-5425
2026-10-11,Noor Masar Contracting (fictional),INV-2651
2026-10-20,Qimma Waha Est. (fictional),INV-4923
2026-09-23,Masar Wadi Services (fictional),INV-2719
2026-09-08,Buruj Dana Trading (fictional),INV-2516
2026-11-05,Bina Rawabi Est. (fictional),INV-1908
2026-10-07,Shams Madar Contracting (fictional),INV-5285
2026-11-13,Taqa Rimal Solutions (fictional),INV-5457
2026-09-19,Buruj Waha Supplies (fictional),INV-3339
2026-09-03,Taqa Noor Solutions (fictional),INV-3142
2026-08-29,Sahab Sarh Est. (fictional),INV-5617
2026-10-20,Shams Noor Trading (fictional),INV-2045
2026-09-16,Jazeera Noor Supplies (fictional),INV-5040
2026-10-08,Nakheel Qimma Supplies (fictional),INV-5227
2026-08-19,Rimal Qimma Services (fictional),INV-2713
2026-11-15,Waha Taqa Services (fictional),INV-5458
2026-08-30,Wadi Dana Solutions (fictional),INV-5184
2026-09-19,Sarh Rimal Trading (fictional),INV-2116
2026-08-24,Rimal Madar Contracting (fictional),INV-3994
2026-08-05,Rimal Madar Contracting (fictional),INV-4167
2026-08-11,Najd Najd Contracting (fictional),INV-3376
2026-11-04,Sarh Rimal Trading (fictional),INV-2126
2026-09-15,Dana Rimal Trading (fictional),INV-2881
2026-09-02,Buruj Waha Supplies (fictional),INV-3356
2026-10-11,Masar Wadi Services (fictional),INV-2747
2026-08-18,Sarh Rimal Trading (fictional),INV-2153
2026-10-13,Qimma Waha Est. (fictional),INV-4973
2026-08-21,Rimal Madar Contracting (fictional),INV-4017
2026-11-01,Taqa Noor Solutions (fictional),INV-3161
2026-09-23,Rimal Madar Contracting (fictional),INV-5805
2026-11-04,Madar Jazeera Trading (fictional),INV-2194
2026-09-21,Qimma Waha Est. (fictional),INV-5005
2026-11-15,Buruj Dana Trading (fictional),INV-2524
2026-08-04,Madar Jazeera Trading (fictional),INV-2216
2026-09-21,Dana Rimal Trading (fictional),INV-2895
2026-09-04,Taqa Rimal Solutions (fictional),INV-5487
2026-11-04,Tamayuz Jazeera Trading (fictional),INV-1509
2026-09-12,Buruj Noor Solutions (fictional),INV-5536
2026-10-11,Madar Jazeera Trading (fictional),INV-2255
2026-08-21,Buruj Noor Solutions (fictional),INV-5581
2026-09-01,Rimal Madar Contracting (fictional),INV-4073
2026-08-28,Qimma Waha Est. (fictional),INV-5036
2026-10-31,Tamayuz Bina Trading (fictional),INV-1862
2026-09-11,Noor Najd Trading (fictional),INV-3044
2026-08-12,Nakheel Qimma Supplies (fictional),INV-5278
2026-10-28,Wadi Dana Solutions (fictional),INV-5193
2026-10-22,Jazeera Qimma Solutions (fictional),INV-4361
2026-09-14,Shams Noor Trading (fictional),INV-2088
2026-08-27,Waha Madar Est. (fictional),INV-4374
2026-08-26,Taqa Sahab Services (fictional),INV-2819
2026-09-29,Waha Taqa Services (fictional),INV-5494
2026-10-24,Tamayuz Bina Trading (fictional),INV-1880
2026-08-30,Rimal Sahab Supplies (fictional),INV-3294
2026-10-22,Najd Madar Supplies (fictional),INV-2058
2026-10-20,Bina Sarh Est. (fictional),INV-1396
2026-10-21,Tamayuz Shams Solutions (fictional),INV-5468
2026-08-08,Najd Sahab Contracting (fictional),INV-4243
2026-08-21,Buruj Dana Trading (fictional),INV-2538
2026-08-30,Rimal Madar Contracting (fictional),INV-5069
2026-10-05,Bina Rawabi Est. (fictional),INV-1923
2026-09-21,Noor Najd Trading (fictional),INV-3057
2026-09-10,Jazeera Qimma Solutions (fictional),INV-4372
2026-10-13,Nakheel Najd Trading (fictional),INV-1658
2026-09-03,Buruj Waha Supplies (fictional),INV-3406
2026-08-26,Qimma Waha Est. (fictional),INV-5069
2026-08-10,Rimal Madar Contracting (fictional),INV-4718
2026-09-27,Shams Bina Solutions (fictional),INV-2016
2026-09-07,Sarh Noor Services (fictional),INV-2423
2026-10-18,Sahab Tamayuz Services (fictional),INV-2467
2026-10-02,Rimal Madar Contracting (fictional),INV-5849
2026-08-12,Rimal Madar Contracting (fictional),INV-4181
2026-09-29,Sarh Noor Services (fictional),INV-2460
2026-11-05,Qimma Waha Est. (fictional),INV-5084
2026-08-17,Rimal Madar Contracting (fictional),INV-5700
2026-08-15,Shams Bina Solutions (fictional),INV-2037
2026-08-26,Shams Bina Solutions (fictional),INV-2096
2026-08-20,Rimal Madar Contracting (fictional),INV-3330
2026-09-01,Qimma Waha Est. (fictional),INV-5133
2026-11-05,Rimal Madar Contracting (fictional),INV-4090
2026-10-17,Bina Sarh Est. (fictional),INV-1405
2026-11-07,Taqa Sahab Services (fictional),INV-2835
2026-09-04,Jazeera Qimma Solutions (fictional),INV-4410
2026-09-11,Rawabi Masar Trading (fictional),INV-3833
2026-10-07,Dana Rimal Trading (fictional),INV-2932
2026-10-30,Jazeera Noor Supplies (fictional),INV-5099
2026-10-08,Rimal Madar Contracting (fictional),INV-1965
2026-09-02,Dana Madar Est. (fictional),INV-5425
2026-10-17,Shams Madar Contracting (fictional),INV-5318
2026-11-15,Qimma Waha Est. (fictional),INV-5145
2026-08-17,Rimal Madar Contracting (fictional),INV-5751
2026-08-19,Tamayuz Jazeera Trading (fictional),INV-1516
2026-11-03,Madar Jazeera Trading (fictional),INV-2312
2026-09-19,Nakheel Sarh Solutions (fictional),INV-5337
2026-09-30,Rawabi Masar Trading (fictional),INV-3844
2026-10-01,Nakheel Qimma Supplies (fictional),INV-5330
2026-09-23,Wadi Dana Solutions (fictional),INV-5201
2026-09-14,Waha Taqa Services (fictional),INV-5514
2026-10-08,Dana Rimal Trading (fictional),INV-2990
2026-08-28,Dana Rimal Trading (fictional),INV-3026
2026-10-23,Bina Taqa Est. (fictional),INV-4894
2026-08-29,Sarh Noor Services (fictional),INV-2478
2026-10-20,Shams Madar Contracting (fictional),INV-5350
2026-09-16,Nakheel Sarh Solutions (fictional),INV-5356
2026-11-19,Rimal Madar Contracting (fictional),INV-5117
2026-10-07,Nakheel Sarh Solutions (fictional),INV-5392
2026-09-08,Rimal Madar Contracting (fictional),INV-3342
2026-08-09,Dana Rimal Trading (fictional),INV-3084
2026-08-18,Rawabi Masar Trading (fictional),INV-3863
2026-08-12,Sahab Sarh Est. (fictional),INV-5673
2026-11-03,Dana Madar Est. (fictional),INV-5478
2026-10-26,Sarh Rimal Trading (fictional),INV-2201
2026-10-14,Dana Rimal Trading (fictional),INV-3098
2026-09-24,Dana Rimal Trading (fictional),INV-3147
2026-08-19,Rimal Madar Contracting (fictional),INV-5156
2026-10-13,Jazeera Noor Supplies (fictional),INV-5120
2026-11-09,Madar Jazeera Trading (fictional),INV-2363
2026-10-12,Rawabi Masar Trading (fictional),INV-3917
2026-10-27,Wadi Dana Solutions (fictional),INV-5258
2026-08-16,Wadi Dana Solutions (fictional),INV-5298
2026-09-17,Nakheel Najd Trading (fictional),INV-1718
2026-10-18,Rimal Madar Contracting (fictional),INV-4114
2026-11-03,Waha Taqa Services (fictional),INV-5564
2026-10-04,Bina Rawabi Est. (fictional),INV-1968
2026-10-05,Sarh Rimal Trading (fictional),INV-2238
2026-09-10,Nakheel Najd Trading (fictional),INV-1771
2026-09-22,Rimal Madar Contracting (fictional),INV-3000
2026-10-14,Rimal Madar Contracting (fictional),INV-5210
2026-09-20,Rawabi Masar Trading (fictional),INV-3953
2026-10-23,Waha Madar Est. (fictional),INV-4385
2026-09-02,Buruj Dana Services (fictional),INV-2444
2026-08-10,Rimal Sahab Supplies (fictional),INV-3328
2026-09-22,Sahab Tamayuz Services (fictional),INV-2526
2026-09-02,Rawabi Masar Trading (fictional),INV-3983
2026-09-18,Taqa Shams Trading (fictional),INV-4467
2026-09-23,Waha Madar Est. (fictional),INV-4420
2026-09-09,Rimal Madar Contracting (fictional),INV-3375
2026-08-24,Tamayuz Shams Solutions (fictional),INV-5499
2026-09-22,Rimal Madar Contracting (fictional),INV-1982
2026-09-21,Dana Madar Est. (fictional),INV-5511
2026-08-26,Nakheel Qimma Supplies (fictional),INV-5350
2026-08-20,Rimal Madar Contracting (fictional),INV-5762
2026-09-04,Dana Rimal Trading (fictional),INV-3207
2026-10-16,Madar Jazeera Trading (fictional),INV-2404
2026-09-14,Rimal Madar Contracting (fictional),INV-3056
2026-11-20,Waha Taqa Services (fictional),INV-5580
2026-10-16,Taqa Rimal Solutions (fictional),INV-5529
2026-08-17,Sahab Tamayuz Services (fictional),INV-2541
2026-10-18,Sarh Qimma Services (fictional),INV-2136
2026-08-16,Shams Madar Contracting (fictional),INV-5357
2026-11-03,Masar Wadi Services (fictional),INV-2793
2026-10-02,Buruj Waha Supplies (fictional),INV-3453
2026-10-19,Taqa Rimal Solutions (fictional),INV-5541
2026-10-08,Nakheel Sarh Solutions (fictional),INV-5409
2026-09-03,Qimma Waha Est. (fictional),INV-5182
2026-08-18,Nakheel Najd Trading (fictional),INV-1790
2026-08-10,Sarh Qimma Services (fictional),INV-2171
2026-09-27,Taqa Rimal Solutions (fictional),INV-5561
2026-09-01,Sahab Tamayuz Services (fictional),INV-2549
2026-08-04,Bina Taqa Est. (fictional),INV-4909
2026-10-17,Taqa Rimal Solutions (fictional),INV-5591
2026-10-03,Jazeera Qimma Solutions (fictional),INV-4468
2026-09-20,Waha Madar Est. (fictional),INV-4438
2026-09-01,Noor Masar Contracting (fictional),INV-2681
2026-10-28,Rimal Madar Contracting (fictional),INV-4765
2026-10-19,Buruj Dana Services (fictional),INV-2480
2026-08-23,Taqa Shams Trading (fictional),INV-4488
2026-09-21,Najd Sahab Contracting (fictional),INV-4264
2026-08-07,Rimal Madar Contracting (fictional),INV-5862
2026-09-19,Rimal Madar Contracting (fictional),INV-4795
2026-10-03,Rimal Sahab Supplies (fictional),INV-3343
2026-08-31,Taqa Sahab Services (fictional),INV-2876
2026-11-05,Dana Rimal Trading (fictional),INV-3235
2026-09-26,Rimal Madar Contracting (fictional),INV-3387
2026-10-16,Sarh Qimma Services (fictional),INV-2180
2026-10-04,Jazeera Noor Supplies (fictional),INV-5165
2026-10-05,Rawabi Masar Trading (fictional),INV-3993
2026-11-06,Tamayuz Jazeera Trading (fictional),INV-1524
2026-09-28,Sahab Tamayuz Services (fictional),INV-2568
2026-09-30,Nakheel Qimma Supplies (fictional),INV-5372
2026-10-25,Rimal Madar Contracting (fictional),INV-2016
2026-09-16,Shams Bina Solutions (fictional),INV-2114
2026-09-22,Noor Najd Trading (fictional),INV-3116
2026-09-28,Waha Madar Est. (fictional),INV-4484
2026-08-19,Nakheel Najd Trading (fictional),INV-1835
2026-11-03,Shams Noor Trading (fictional),INV-2137
2026-08-29,Rawabi Masar Trading (fictional),INV-4005
2026-10-15,Qimma Waha Est. (fictional),INV-5233
2026-10-02,Taqa Shams Trading (fictional),INV-4498
2026-10-24,Sarh Qimma Services (fictional),INV-2230
2026-10-14,Rimal Madar Contracting (fictional),INV-4804
2026-10-13,Sahab Tamayuz Services (fictional),INV-2598
2026-08-27,Madar Jazeera Trading (fictional),INV-2446
2026-11-12,Bina Sarh Est. (fictional),INV-1457
2026-08-21,Tamayuz Shams Solutions (fictional),INV-5520
2026-09-12,Sahab Tamayuz Services (fictional),INV-2651
2026-10-14,Jazeera Noor Supplies (fictional),INV-5192
2026-08-05,Taqa Shams Trading (fictional),INV-4515
2026-09-25,Rimal Madar Contracting (fictional),INV-4859
2026-09-06,Tamayuz Bina Trading (fictional),INV-1918
2026-10-13,Rimal Madar Contracting (fictional),INV-3081
2026-09-16,Bina Taqa Est. (fictional),INV-4931
2026-09-17,Najd Sahab Contracting (fictional),INV-4286
2026-10-15,Jazeera Noor Supplies (fictional),INV-5250
2026-09-16,Madar Jazeera Trading (fictional),INV-2484
2026-09-18,Noor Masar Contracting (fictional),INV-2698
2026-10-22,Rimal Madar Contracting (fictional),INV-3132
2026-09-18,Tamayuz Shams Solutions (fictional),INV-5553
2026-09-29,Dana Rimal Trading (fictional),INV-3245
2026-08-30,Taqa Rimal Solutions (fictional),INV-5628
2026-10-14,Taqa Sahab Services (fictional),INV-2919
2026-10-12,Rimal Madar Contracting (fictional),INV-5897
2026-08-19,Sarh Noor Services (fictional),INV-2511
2026-10-08,Bina Afaq Contracting (fictional),INV-4064
2026-10-04,Bina Afaq Contracting (fictional),INV-4093
2026-11-17,Buruj Dana Trading (fictional),INV-2555
2026-11-20,Najd Sahab Contracting (fictional),INV-4300
2026-09-22,Masar Wadi Services (fictional),INV-2833
2026-08-25,Nakheel Najd Trading (fictional),INV-1894
2026-09-20,Nakheel Najd Trading (fictional),INV-1905
2026-09-25,Nakheel Najd Trading (fictional),INV-1913
2026-10-14,Waha Madar Est. (fictional),INV-4535
2026-11-04,Waha Madar Est. (fictional),INV-4570
2026-11-07,Waha Madar Est. (fictional),INV-4582
2026-10-05,Rimal Madar Contracting (fictional),INV-4358A
2026-09-12,Rimal Madar Contracting (fictional),INV-5184
2026-10-22,Dana Rimal Trading (fictional),INV-2688
2026-08-05,Taqa Quick Est. (fictional),INV-3502
2026-08-19,Dana Quick Contracting (fictional),INV-3087
2026-09-17,Bina Taqa Est. (fictional),INV-4961
2026-11-03,Bina Taqa Est. (fictional),INV-4999
2026-10-12,Rimal Qimma Services (fictional),INV-2755
2026-09-21,Najd Sahab Contracting (fictional),INV-4310
2026-08-28,Shams Noor Trading (fictional),INV-2192
2026-08-08,Dana Madar Est. (fictional),INV-5550
2026-08-09,Dana Rawabi Est. (fictional),INV-3443
2026-09-27,Jazeera Noor Supplies (fictional),INV-5301
2026-10-26,Rimal Madar Contracting (fictional),INV-4918
2026-09-11,Bina Afaq Contracting (fictional),INV-4133
2026-08-13,Rimal Sahab Supplies (fictional),INV-3396
2026-08-23,Najd Madar Supplies (fictional),INV-114
2026-08-12,Najd Madar Supplies (fictional),INV-115
2026-10-08,Najd Madar Supplies (fictional),INV-116
2026-11-16,Najd Madar Supplies (fictional),INV-117
2026-10-18,Najd Madar Supplies (fictional),INV-118
