Date,Vendor,Amount,Status,Reconciled Bills
2026-08-27,Bina Taqa Est. (fictional),4307.95,Paid,BILL/2026/00001
2026-08-01,Rimal Madar Contracting (fictional),27039.1,Paid,BILL/2026/00002
2026-09-16,Waha Taqa Services (fictional),32127.76,Paid,BILL/2026/00003
2026-10-22,Noor Najd Trading (fictional),5643.7,Paid,BILL/2026/00004
2026-08-02,Jazeera Qimma Solutions (fictional),34742.4,Paid,BILL/2026/00005
2026-10-02,Rimal Madar Contracting (fictional),6280.04,Paid,BILL/2026/00006
2026-11-14,Jazeera Noor Supplies (fictional),23443.68,Paid,BILL/2026/00007
2026-08-26,Noor Najd Trading (fictional),17073.36,Paid,BILL/2026/00008
2026-12-01,Taqa Shams Trading (fictional),29448.0,Paid,BILL/2026/00009
2026-09-18,Jazeera Noor Supplies (fictional),15391.08,Paid,BILL/2026/00010
2026-09-07,Sarh Noor Services (fictional),18079.36,Paid,BILL/2026/00011
,,,,BILL/2026/00101
2026-10-11,Najd Najd Contracting (fictional),28252.38,Paid,BILL/2026/00012
2026-10-20,Rimal Madar Contracting (fictional),13609.56,Paid,BILL/2026/00013
2026-09-29,Buruj Dana Services (fictional),20234.55,Paid,BILL/2026/00014
2026-11-14,Qimma Waha Est. (fictional),9233.0,Paid,BILL/2026/00015
2026-09-03,Rimal Madar Contracting (fictional),20158.16,Paid,BILL/2026/00016
2026-10-25,Dana Rimal Trading (fictional),36822.34,Paid,BILL/2026/00017
2026-09-27,Rimal Madar Contracting (fictional),32038.08,Paid,BILL/2026/00018
2026-09-18,Taqa Sahab Services (fictional),22545.76,Paid,BILL/2026/00019
2026-10-09,Shams Bina Solutions (fictional),14696.4,Paid,BILL/2026/00020
2026-10-10,Wadi Dana Solutions (fictional),26988.28,Paid,BILL/2026/00021
2026-09-07,Buruj Waha Supplies (fictional),16348.75,Paid,BILL/2026/00022
2026-10-27,Bina Sarh Est. (fictional),16611.48,Paid,BILL/2026/00023
2026-09-01,Noor Najd Trading (fictional),27716.64,Paid,BILL/2026/00024
2026-09-15,Rawabi Masar Trading (fictional),18367.26,Paid,BILL/2026/00025
2026-11-08,Noor Masar Contracting (fictional),4920.43,Paid,BILL/2026/00026
2026-09-15,Jazeera Noor Supplies (fictional),30033.15,Paid,BILL/2026/00027
2026-09-04,Najd Najd Contracting (fictional),16452.15,Paid,BILL/2026/00028
2026-09-08,Dana Rimal Trading (fictional),3539.01,Paid,BILL/2026/00029
2026-11-27,Sahab Tamayuz Services (fictional),27650.95,Paid,BILL/2026/00030
2026-07-30,Bina Taqa Est. (fictional),6948.87,Paid,BILL/2026/00031
2026-10-04,Rimal Madar Contracting (fictional),34614.88,Paid,BILL/2026/00032
2026-09-26,Madar Jazeera Trading (fictional),30276.09,Paid,BILL/2026/00033
2026-09-02,Jazeera Noor Supplies (fictional),21838.88,Paid,BILL/2026/00034
2026-09-18,Rawabi Masar Trading (fictional),38909.0,Paid,BILL/2026/00035
2026-08-10,Wadi Dana Solutions (fictional),7040.07,Paid,BILL/2026/00036
2026-10-13,Tamayuz Jazeera Trading (fictional),22617.7,Paid,BILL/2026/00037
2026-10-08,Bina Afaq Contracting (fictional),4852.82,Paid,BILL/2026/00038
2026-08-22,Rimal Madar Contracting (fictional),19614.84,Paid,BILL/2026/00039
2026-10-25,Taqa Rimal Solutions (fictional),22924.4,Paid,BILL/2026/00040
2026-08-14,Buruj Dana Trading (fictional),22746.4,Paid,BILL/2026/00041
2026-10-23,Najd Najd Contracting (fictional),38630.34,Paid,BILL/2026/00042
2026-09-13,Waha Madar Est. (fictional),11847.52,Paid,BILL/2026/00043
2026-10-01,Rimal Sahab Supplies (fictional),31887.58,Paid,BILL/2026/00044
2026-08-31,Bina Afaq Contracting (fictional),19020.45,Paid,BILL/2026/00045
2026-09-11,Taqa Shams Trading (fictional),14289.1,Paid,BILL/2026/00046
2026-11-12,Rimal Sahab Supplies (fictional),12760.02,Paid,BILL/2026/00047
2026-10-22,Noor Najd Trading (fictional),37311.34,Paid,BILL/2026/00048
2026-09-17,Taqa Noor Solutions (fictional),6554.59,Paid,BILL/2026/00049
2026-10-22,Bina Rawabi Est. (fictional),9342.64,Paid,BILL/2026/00050
2026-10-09,Madar Jazeera Trading (fictional),9046.08,Paid,BILL/2026/00051
2026-10-04,Sarh Qimma Services (fictional),28782.6,Paid,BILL/2026/00052
2026-09-02,Noor Najd Trading (fictional),1897.07,Paid,BILL/2026/00053
2026-08-14,Bina Afaq Contracting (fictional),37263.52,Paid,BILL/2026/00054
2026-10-16,Noor Najd Trading (fictional),16659.86,Paid,BILL/2026/00055
2026-09-29,Qimma Waha Est. (fictional),3167.08,Paid,BILL/2026/00056
2026-09-27,Buruj Noor Solutions (fictional),26146.98,Paid,BILL/2026/00057
2026-11-24,Wadi Dana Solutions (fictional),8222.06,Paid,BILL/2026/00058
2026-10-10,Taqa Sahab Services (fictional),23677.84,Paid,BILL/2026/00059
2026-09-22,Bina Taqa Est. (fictional),27461.55,Paid,BILL/2026/00060
2026-10-07,Dana Rimal Trading (fictional),17772.24,Paid,BILL/2026/00061
2026-07-29,Rimal Madar Contracting (fictional),34553.76,Paid,BILL/2026/00062
2026-08-27,Qimma Waha Est. (fictional),13374.06,Paid,BILL/2026/00063
2026-10-18,Buruj Noor Solutions (fictional),26455.17,Paid,BILL/2026/00064
2026-09-13,Wadi Dana Solutions (fictional),4928.17,Paid,BILL/2026/00065
2026-11-02,Nakheel Qimma Supplies (fictional),32749.86,Paid,BILL/2026/00066
2026-08-31,Rimal Madar Contracting (fictional),10665.6,Paid,BILL/2026/00067
2026-09-14,Rimal Madar Contracting (fictional),6992.85,Paid,BILL/2026/00068
2026-10-07,Dana Madar Est. (fictional),16764.0,Paid,BILL/2026/00069
2026-09-28,Dana Madar Est. (fictional),23300.25,Paid,BILL/2026/00070
2026-11-03,Shams Noor Trading (fictional),33702.82,Paid,BILL/2026/00071
2026-09-16,Rimal Madar Contracting (fictional),35030.94,Paid,BILL/2026/00072
2026-08-14,Buruj Dana Trading (fictional),3673.22,Paid,BILL/2026/00073
2026-09-11,Jazeera Qimma Solutions (fictional),22629.48,Paid,BILL/2026/00074
2026-08-30,Noor Masar Contracting (fictional),30775.0,Paid,BILL/2026/00075
2026-09-24,Rimal Madar Contracting (fictional),24779.02,Paid,BILL/2026/00076
2026-09-05,Qimma Waha Est. (fictional),3651.55,Paid,BILL/2026/00077
2026-08-07,Nakheel Sarh Solutions (fictional),12932.1,Paid,BILL/2026/00078
2026-10-25,Rimal Madar Contracting (fictional),37233.65,Paid,BILL/2026/00079
2026-09-10,Sarh Qimma Services (fictional),21420.04,Paid,BILL/2026/00080
2026-08-14,Taqa Sahab Services (fictional),23912.44,Paid,BILL/2026/00081
2026-07-31,Nakheel Sarh Solutions (fictional),24518.94,Paid,BILL/2026/00082
2026-08-19,Sarh Rimal Trading (fictional),10363.44,Paid,BILL/2026/00083
2026-09-17,Buruj Noor Solutions (fictional),17197.32,Paid,BILL/2026/00084
2026-09-15,Sahab Sarh Est. (fictional),22115.52,Paid,BILL/2026/00085
2026-08-04,Rimal Madar Contracting (fictional),4742.13,Paid,BILL/2026/00086
2026-10-07,Rimal Madar Contracting (fictional),30226.0,Paid,BILL/2026/00087
2026-09-10,Najd Najd Contracting (fictional),18157.12,Paid,BILL/2026/00088
2026-08-25,Rimal Qimma Services (fictional),4687.07,Paid,BILL/2026/00089
2026-10-01,Dana Rimal Trading (fictional),4696.55,Paid,BILL/2026/00090
2026-11-05,Rimal Madar Contracting (fictional),31603.38,Paid,BILL/2026/00091
2026-08-19,Wadi Dana Solutions (fictional),15404.55,Paid,BILL/2026/00092
2026-10-24,Qimma Waha Est. (fictional),30350.46,Paid,BILL/2026/00093
2026-10-01,Buruj Noor Solutions (fictional),35179.97,Paid,BILL/2026/00094
2026-09-08,Nakheel Qimma Supplies (fictional),37468.2,Paid,BILL/2026/00095
2026-10-21,Jazeera Noor Supplies (fictional),15784.92,Paid,BILL/2026/00096
2026-10-20,Sahab Sarh Est. (fictional),33375.84,Paid,BILL/2026/00097
2026-08-24,Buruj Dana Trading (fictional),13322.32,Paid,BILL/2026/00098
2026-11-06,Nakheel Najd Trading (fictional),29909.04,Paid,BILL/2026/00099
2026-10-16,Rimal Madar Contracting (fictional),35942.68,Paid,BILL/2026/00100
2026-10-06,Rimal Madar Contracting (fictional),32136.0,Paid,BILL/2026/00102
2026-11-13,Buruj Noor Solutions (fictional),33710.64,Paid,BILL/2026/00103
2026-09-18,Dana Madar Est. (fictional),2973.96,Paid,BILL/2026/00104
2026-10-17,Tamayuz Shams Solutions (fictional),32078.31,Paid,BILL/2026/00105
2026-09-09,Bina Rawabi Est. (fictional),24386.65,Paid,BILL/2026/00106
2026-08-25,Rimal Madar Contracting (fictional),33833.63,Paid,BILL/2026/00107
2026-11-13,Sahab Sarh Est. (fictional),35017.94,Paid,BILL/2026/00108
2026-10-10,Bina Taqa Est. (fictional),36557.64,Paid,BILL/2026/00109
2026-10-19,Dana Madar Est. (fictional),24397.2,Paid,BILL/2026/00110
2026-10-15,Taqa Rimal Solutions (fictional),12739.02,Paid,BILL/2026/00111
2026-10-12,Buruj Dana Trading (fictional),21021.5,Paid,BILL/2026/00112
2026-11-11,Nakheel Najd Trading (fictional),5912.55,Paid,BILL/2026/00113
2026-10-22,Rimal Madar Contracting (fictional),27322.24,Paid,BILL/2026/00114
2026-07-24,Najd Madar Supplies (fictional),5638.6,Paid,BILL/2026/00115
2026-10-12,Rawabi Masar Trading (fictional),34804.35,Paid,BILL/2026/00116
2026-09-19,Shams Madar Contracting (fictional),18704.64,Paid,BILL/2026/00117
2026-08-24,Madar Jazeera Trading (fictional),18155.8,Paid,BILL/2026/00118
2026-08-26,Noor Masar Contracting (fictional),8688.74,Paid,BILL/2026/00119
2026-09-21,Sahab Najd Solutions (fictional),1228.32,Paid,BILL/2026/00120
2026-10-08,Dana Madar Est. (fictional),5757.19,Paid,BILL/2026/00121
2026-09-23,Rimal Qimma Services (fictional),15344.4,Paid,BILL/2026/00122
2026-09-20,Shams Noor Trading (fictional),4586.22,Paid,BILL/2026/00123
2026-09-30,Rimal Sahab Supplies (fictional),25257.68,Paid,BILL/2026/00124
2026-10-06,Dana Rimal Trading (fictional),33539.7,Paid,BILL/2026/00125
2026-09-23,Nakheel Sarh Solutions (fictional),3653.95,Paid,BILL/2026/00126
2026-09-20,Dana Rimal Trading (fictional),24920.28,Paid,BILL/2026/00127
2026-09-17,Shams Noor Trading (fictional),25978.05,Paid,BILL/2026/00128
2026-09-30,Sarh Noor Services (fictional),2672.76,Paid,BILL/2026/00129
2026-10-18,Buruj Dana Trading (fictional),8273.7,Paid,BILL/2026/00130
2026-09-19,Jazeera Qimma Solutions (fictional),28729.96,Paid,BILL/2026/00131
2026-07-27,Rimal Madar Contracting (fictional),27522.04,Paid,BILL/2026/00132
2026-10-03,Sarh Qimma Services (fictional),39954.18,Paid,BILL/2026/00133
2026-08-30,Qimma Waha Est. (fictional),22031.08,Paid,BILL/2026/00134
2026-09-25,Rimal Madar Contracting (fictional),5087.79,Paid,BILL/2026/00135
2026-08-16,Wadi Dana Solutions (fictional),24378.9,Paid,BILL/2026/00136
2026-11-16,Rawabi Masar Trading (fictional),15912.06,Paid,BILL/2026/00137
2026-10-01,Jazeera Qimma Solutions (fictional),19263.08,Paid,BILL/2026/00138
2026-09-03,Nakheel Qimma Supplies (fictional),33410.52,Paid,BILL/2026/00139
2026-08-25,Tamayuz Shams Solutions (fictional),3703.84,Paid,BILL/2026/00140
2026-09-21,Waha Madar Est. (fictional),24661.62,Paid,BILL/2026/00141
2026-09-12,Bina Taqa Est. (fictional),35291.55,Paid,BILL/2026/00142
2026-08-17,Nakheel Sarh Solutions (fictional),9768.15,Paid,BILL/2026/00143
2026-09-05,Buruj Dana Services (fictional),28430.88,Paid,BILL/2026/00144
2026-09-13,Sarh Noor Services (fictional),28305.42,Paid,BILL/2026/00145
2026-08-31,Rimal Madar Contracting (fictional),19565.86,Paid,BILL/2026/00146
2026-08-22,Masar Wadi Services (fictional),9474.45,Paid,BILL/2026/00147
2026-10-31,Buruj Waha Supplies (fictional),3160.08,Paid,BILL/2026/00148
2026-09-04,Najd Sahab Contracting (fictional),22003.92,Paid,BILL/2026/00149
2026-10-20,Bina Rawabi Est. (fictional),13677.36,Paid,BILL/2026/00150
2026-08-20,Shams Noor Trading (fictional),22709.06,Paid,BILL/2026/00151
2026-11-08,Tamayuz Shams Solutions (fictional),18799.13,Paid,BILL/2026/00152
2026-08-12,Rimal Madar Contracting (fictional),23379.2,Paid,BILL/2026/00153
2026-09-26,Noor Masar Contracting (fictional),4306.15,Paid,BILL/2026/00154
2026-09-01,Bina Sarh Est. (fictional),37355.68,Paid,BILL/2026/00155
2026-09-04,Wadi Dana Solutions (fictional),10899.7,Paid,BILL/2026/00156
2026-08-06,Taqa Rimal Solutions (fictional),1584.74,Paid,BILL/2026/00157
2026-10-09,Tamayuz Jazeera Trading (fictional),3803.13,Paid,BILL/2026/00158
2026-10-23,Rimal Madar Contracting (fictional),31806.0,Paid,BILL/2026/00159
2026-09-21,Tamayuz Bina Trading (fictional),4511.68,Paid,BILL/2026/00160
2026-09-30,Taqa Rimal Solutions (fictional),5536.32,Paid,BILL/2026/00161
2026-10-13,Noor Masar Contracting (fictional),12318.0,Paid,BILL/2026/00162
2026-10-02,Taqa Shams Trading (fictional),20749.5,Paid,BILL/2026/00163
2026-09-07,Dana Rimal Trading (fictional),4381.23,Paid,BILL/2026/00164
2026-10-06,Rimal Madar Contracting (fictional),31640.55,Paid,BILL/2026/00165
2026-10-04,Bina Taqa Est. (fictional),35955.92,Paid,BILL/2026/00166
2026-10-21,Rimal Madar Contracting (fictional),32927.4,Paid,BILL/2026/00167
2026-08-19,Rimal Madar Contracting (fictional),31920.64,Paid,BILL/2026/00168
2026-09-03,Tamayuz Bina Trading (fictional),28553.76,Paid,BILL/2026/00169
2026-09-07,Buruj Waha Supplies (fictional),37560.6,Paid,BILL/2026/00170
2026-08-26,Rimal Madar Contracting (fictional),21907.8,Paid,BILL/2026/00171
2026-10-13,Rimal Madar Contracting (fictional),36516.8,Paid,BILL/2026/00172
2026-09-01,Tamayuz Shams Solutions (fictional),20339.0,Paid,BILL/2026/00173
2026-09-22,Wadi Dana Solutions (fictional),20363.4,Paid,BILL/2026/00174
2026-10-19,Waha Madar Est. (fictional),22577.94,Paid,BILL/2026/00175
2026-11-16,Taqa Shams Trading (fictional),18102.63,Paid,BILL/2026/00176
2026-09-28,Najd Sahab Contracting (fictional),37629.54,Paid,BILL/2026/00177
2026-10-02,Waha Taqa Services (fictional),30940.84,Paid,BILL/2026/00178
2026-09-09,Sahab Najd Solutions (fictional),32096.7,Paid,BILL/2026/00179
2026-09-20,Taqa Sahab Services (fictional),24283.46,Paid,BILL/2026/00180
2026-10-12,Bina Afaq Contracting (fictional),6677.7,Paid,BILL/2026/00181
2026-09-12,Tamayuz Jazeera Trading (fictional),19864.7,Paid,BILL/2026/00182
2026-10-19,Rimal Madar Contracting (fictional),9097.02,Paid,BILL/2026/00183
2026-09-13,Rimal Madar Contracting (fictional),27078.7,Paid,BILL/2026/00184
2026-08-07,Noor Najd Trading (fictional),3373.56,Paid,BILL/2026/00185
2026-08-17,Nakheel Sarh Solutions (fictional),18159.24,Paid,BILL/2026/00186
2026-09-03,Bina Afaq Contracting (fictional),21159.9,Paid,BILL/2026/00187
2026-10-20,Tamayuz Jazeera Trading (fictional),39766.4,Paid,BILL/2026/00188
2026-09-29,Rimal Madar Contracting (fictional),30509.5,Paid,BILL/2026/00189
2026-10-24,Najd Madar Supplies (fictional),12740.7,Paid,BILL/2026/00190
2026-09-18,Rimal Madar Contracting (fictional),25947.68,Paid,BILL/2026/00191
2026-09-08,Buruj Waha Supplies (fictional),12340.08,Paid,BILL/2026/00192
2026-08-27,Najd Najd Contracting (fictional),22539.96,Paid,BILL/2026/00193
2026-10-24,Nakheel Qimma Supplies (fictional),29333.15,Paid,BILL/2026/00194
2026-08-06,Rimal Sahab Supplies (fictional),27160.65,Paid,BILL/2026/00195
2026-10-30,Tamayuz Jazeera Trading (fictional),33152.56,Paid,BILL/2026/00196
2026-10-15,Nakheel Najd Trading (fictional),23531.7,Paid,BILL/2026/00197
2026-10-14,Dana Madar Est. (fictional),27452.48,Paid,BILL/2026/00198
2026-09-27,Rimal Madar Contracting (fictional),8563.8,Paid,BILL/2026/00199
2026-09-02,Nakheel Najd Trading (fictional),25996.76,Paid,BILL/2026/00200
2026-10-07,Rimal Qimma Services (fictional),29093.79,Paid,BILL/2026/00201
2026-08-26,Rimal Madar Contracting (fictional),33564.0,Paid,BILL/2026/00202
2026-09-09,Taqa Sahab Services (fictional),5959.16,Paid,BILL/2026/00203
2026-09-06,Taqa Sahab Services (fictional),27111.48,Paid,BILL/2026/00204
2026-09-29,Nakheel Qimma Supplies (fictional),24908.4,Paid,BILL/2026/00205
2026-11-29,Jazeera Qimma Solutions (fictional),14200.35,Paid,BILL/2026/00206
2026-08-16,Sarh Rimal Trading (fictional),36045.0,Paid,BILL/2026/00207
2026-11-15,Najd Madar Supplies (fictional),11768.64,Paid,BILL/2026/00208
2026-09-29,Madar Jazeera Trading (fictional),29274.66,Paid,BILL/2026/00209
2026-09-19,Rimal Sahab Supplies (fictional),4614.75,Paid,BILL/2026/00210
2026-11-21,Sahab Sarh Est. (fictional),15623.99,Paid,BILL/2026/00211
2026-09-17,Waha Taqa Services (fictional),9697.14,Paid,BILL/2026/00212
2026-10-07,Waha Madar Est. (fictional),31723.8,Paid,BILL/2026/00213
2026-09-20,Najd Madar Supplies (fictional),35185.54,Paid,BILL/2026/00214
2026-09-21,Tamayuz Jazeera Trading (fictional),37360.32,Paid,BILL/2026/00215
2026-10-25,Jazeera Noor Supplies (fictional),19066.3,Paid,BILL/2026/00216
2026-08-10,Rimal Madar Contracting (fictional),2063.35,Paid,BILL/2026/00217
2026-08-29,Shams Noor Trading (fictional),5920.42,Paid,BILL/2026/00218
2026-09-06,Qimma Waha Est. (fictional),37483.3,Paid,BILL/2026/00219
2026-10-30,Buruj Noor Solutions (fictional),19667.75,Paid,BILL/2026/00220
2026-10-22,Nakheel Qimma Supplies (fictional),9288.4,Paid,BILL/2026/00221
2026-10-21,Masar Wadi Services (fictional),26726.34,Paid,BILL/2026/00222
2026-09-18,Tamayuz Jazeera Trading (fictional),37291.36,Paid,BILL/2026/00223
2026-09-06,Sahab Tamayuz Services (fictional),13374.33,Paid,BILL/2026/00224
2026-11-02,Bina Sarh Est. (fictional),29530.8,Paid,BILL/2026/00225
2026-10-07,Buruj Dana Trading (fictional),18024.7,Paid,BILL/2026/00226
2026-10-24,Tamayuz Shams Solutions (fictional),40698.44,Paid,BILL/2026/00227
2026-07-27,Nakheel Najd Trading (fictional),22563.69,Paid,BILL/2026/00228
2026-11-13,Taqa Noor Solutions (fictional),26661.0,Paid,BILL/2026/00229
2026-09-25,Dana Rimal Trading (fictional),29060.72,Paid,BILL/2026/00230
2026-11-06,Tamayuz Shams Solutions (fictional),5850.2,Paid,BILL/2026/00231
2026-08-07,Dana Madar Est. (fictional),41480.04,Paid,BILL/2026/00232
2026-10-02,Nakheel Sarh Solutions (fictional),4274.37,Paid,BILL/2026/00233
2026-10-04,Bina Sarh Est. (fictional),8157.24,Paid,BILL/2026/00234
2026-08-05,Noor Najd Trading (fictional),3003.66,Paid,BILL/2026/00235
2026-09-23,Noor Masar Contracting (fictional),14074.86,Paid,BILL/2026/00236
2026-08-22,Najd Madar Supplies (fictional),25849.68,Paid,BILL/2026/00237
2026-11-02,Madar Jazeera Trading (fictional),10536.57,Paid,BILL/2026/00238
2026-08-13,Noor Masar Contracting (fictional),2138.0,Paid,BILL/2026/00239
2026-10-02,Sarh Qimma Services (fictional),23039.44,Paid,BILL/2026/00240
2026-11-11,Waha Madar Est. (fictional),28487.04,Paid,BILL/2026/00241
2026-08-18,Taqa Shams Trading (fictional),38244.0,Paid,BILL/2026/00242
2026-08-15,Sahab Sarh Est. (fictional),25589.88,Paid,BILL/2026/00243
2026-09-16,Sahab Najd Solutions (fictional),24629.89,Paid,BILL/2026/00244
2026-09-16,Sahab Tamayuz Services (fictional),34703.96,Paid,BILL/2026/00245
2026-09-22,Taqa Rimal Solutions (fictional),9343.08,Paid,BILL/2026/00246
2026-10-19,Taqa Shams Trading (fictional),30426.06,Paid,BILL/2026/00247
2026-08-22,Sarh Noor Services (fictional),2792.88,Paid,BILL/2026/00248
2026-11-04,Buruj Noor Solutions (fictional),28360.8,Paid,BILL/2026/00249
2026-09-14,Qimma Waha Est. (fictional),15170.75,Paid,BILL/2026/00250
2026-09-12,Rimal Madar Contracting (fictional),30723.0,Paid,BILL/2026/00251
2026-10-26,Rimal Sahab Supplies (fictional),10399.52,Paid,BILL/2026/00252
2026-09-21,Nakheel Qimma Supplies (fictional),38383.74,Paid,BILL/2026/00253
2026-10-30,Jazeera Noor Supplies (fictional),13734.15,Paid,BILL/2026/00254
2026-11-14,Bina Rawabi Est. (fictional),32641.44,Paid,BILL/2026/00255
2026-08-17,Qimma Waha Est. (fictional),29397.24,Paid,BILL/2026/00256
2026-09-21,Dana Madar Est. (fictional),34347.6,Paid,BILL/2026/00257
2026-10-05,Bina Rawabi Est. (fictional),18826.88,Paid,BILL/2026/00258
2026-09-08,Wadi Dana Solutions (fictional),11557.22,Paid,BILL/2026/00259
2026-09-30,Shams Bina Solutions (fictional),37932.84,Paid,BILL/2026/00260
2026-09-09,Shams Bina Solutions (fictional),33018.12,Paid,BILL/2026/00261
2026-10-16,Bina Taqa Est. (fictional),31694.23,Paid,BILL/2026/00262
2026-10-24,Sahab Tamayuz Services (fictional),34058.4,Paid,BILL/2026/00263
2026-10-18,Rimal Madar Contracting (fictional),22888.91,Paid,BILL/2026/00264
2026-10-11,Nakheel Qimma Supplies (fictional),11973.6,Paid,BILL/2026/00265
2026-09-21,Shams Bina Solutions (fictional),2763.42,Paid,BILL/2026/00266
2026-10-02,Noor Najd Trading (fictional),5455.94,Paid,BILL/2026/00267
2026-09-01,Madar Jazeera Trading (fictional),21486.42,Paid,BILL/2026/00268
2026-11-22,Rimal Qimma Services (fictional),23723.2,Paid,BILL/2026/00269
2026-08-08,Dana Rimal Trading (fictional),8747.76,Paid,BILL/2026/00270
2026-09-18,Shams Noor Trading (fictional),32052.76,Paid,BILL/2026/00271
2026-09-29,Najd Najd Contracting (fictional),31369.76,Paid,BILL/2026/00272
2026-09-27,Rimal Madar Contracting (fictional),14259.07,Paid,BILL/2026/00273
2026-09-22,Rawabi Masar Trading (fictional),30129.0,Paid,BILL/2026/00274
2026-10-16,Nakheel Najd Trading (fictional),4755.85,Paid,BILL/2026/00275
2026-10-12,Sahab Sarh Est. (fictional),12354.3,Paid,BILL/2026/00276
2026-09-07,Rimal Madar Contracting (fictional),30763.78,Paid,BILL/2026/00277
2026-08-24,Najd Najd Contracting (fictional),5793.6,Paid,BILL/2026/00278
2026-09-07,Nakheel Sarh Solutions (fictional),3793.73,Paid,BILL/2026/00279
2026-10-05,Dana Madar Est. (fictional),7485.0,Paid,BILL/2026/00280
2026-10-20,Nakheel Najd Trading (fictional),27312.24,Paid,BILL/2026/00281
2026-08-04,Buruj Dana Trading (fictional),15920.71,Paid,BILL/2026/00282
2026-07-31,Buruj Noor Solutions (fictional),31616.0,Paid,BILL/2026/00283
2026-08-15,Buruj Dana Trading (fictional),9375.62,Paid,BILL/2026/00284
2026-10-08,Dana Rimal Trading (fictional),4521.77,Paid,BILL/2026/00285
2026-09-24,Nakheel Najd Trading (fictional),32833.57,Paid,BILL/2026/00286
2026-10-03,Sahab Tamayuz Services (fictional),37613.74,Paid,BILL/2026/00287
2026-08-26,Taqa Sahab Services (fictional),26787.23,Paid,BILL/2026/00288
2026-10-15,Sarh Qimma Services (fictional),17020.3,Paid,BILL/2026/00289
2026-09-16,Buruj Waha Supplies (fictional),26475.25,Paid,BILL/2026/00290
2026-08-27,Rimal Qimma Services (fictional),23948.6,Paid,BILL/2026/00291
2026-09-29,Sarh Noor Services (fictional),16714.2,Paid,BILL/2026/00292
2026-09-22,Bina Afaq Contracting (fictional),5260.36,Paid,BILL/2026/00293
2026-10-04,Noor Najd Trading (fictional),5851.89,Paid,BILL/2026/00294
2026-10-04,Rimal Madar Contracting (fictional),6545.0,Paid,BILL/2026/00295
2026-10-29,Nakheel Najd Trading (fictional),9016.2,Paid,BILL/2026/00296
2026-11-05,Najd Madar Supplies (fictional),41158.25,Paid,BILL/2026/00297
2026-09-07,Bina Taqa Est. (fictional),19200.3,Paid,BILL/2026/00298
2026-10-14,Rimal Madar Contracting (fictional),2083.92,Paid,BILL/2026/00299
2026-08-10,Bina Taqa Est. (fictional),39361.28,Paid,BILL/2026/00300
2026-09-16,Noor Masar Contracting (fictional),36792.0,Paid,BILL/2026/00301
2026-08-03,Rimal Madar Contracting (fictional),14146.4,Paid,BILL/2026/00302
2026-09-15,Bina Taqa Est. (fictional),23710.5,Paid,BILL/2026/00303
2026-08-12,Nakheel Najd Trading (fictional),11435.6,Paid,BILL/2026/00304
2026-10-02,Sahab Tamayuz Services (fictional),13713.44,Paid,BILL/2026/00305
2026-08-05,Najd Madar Supplies (fictional),17539.08,Paid,BILL/2026/00306
2026-08-08,Sahab Tamayuz Services (fictional),9589.56,Paid,BILL/2026/00307
2026-09-04,Rimal Madar Contracting (fictional),35108.58,Paid,BILL/2026/00308
2026-10-23,Sarh Qimma Services (fictional),26371.62,Paid,BILL/2026/00309
2026-10-01,Najd Madar Supplies (fictional),18427.77,Paid,BILL/2026/00310
2026-11-08,Najd Najd Contracting (fictional),34658.75,Paid,BILL/2026/00311
2026-10-14,Noor Najd Trading (fictional),37346.04,Paid,BILL/2026/00312
2026-10-20,Rimal Madar Contracting (fictional),3231.1,Paid,BILL/2026/00313
2026-10-03,Noor Masar Contracting (fictional),13004.1,Paid,BILL/2026/00314
2026-10-27,Waha Madar Est. (fictional),29196.64,Paid,BILL/2026/00315
2026-07-25,Noor Najd Trading (fictional),23808.72,Paid,BILL/2026/00316
2026-10-27,Buruj Noor Solutions (fictional),37255.7,Paid,BILL/2026/00317
2026-09-29,Taqa Rimal Solutions (fictional),30667.45,Paid,BILL/2026/00318
2026-08-16,Rimal Madar Contracting (fictional),24574.35,Paid,BILL/2026/00319
2026-08-14,Tamayuz Bina Trading (fictional),18443.76,Paid,BILL/2026/00320
2026-08-16,Najd Najd Contracting (fictional),41791.36,Paid,BILL/2026/00321
2026-10-13,Shams Bina Solutions (fictional),5308.1,Paid,BILL/2026/00322
2026-09-09,Rimal Madar Contracting (fictional),21133.58,Paid,BILL/2026/00323
2026-08-14,Rimal Madar Contracting (fictional),1744.57,Paid,BILL/2026/00324
2026-08-21,Rawabi Masar Trading (fictional),11128.92,Paid,BILL/2026/00325
2026-09-08,Rawabi Masar Trading (fictional),2734.48,Paid,BILL/2026/00326
2026-08-29,Noor Najd Trading (fictional),21046.96,Paid,BILL/2026/00327
2026-09-05,Noor Masar Contracting (fictional),33887.0,Paid,BILL/2026/00328
2026-08-23,Rimal Madar Contracting (fictional),34646.2,Paid,BILL/2026/00329
2026-09-20,Jazeera Qimma Solutions (fictional),16480.92,Paid,BILL/2026/00330
2026-08-29,Rimal Madar Contracting (fictional),34418.57,Paid,BILL/2026/00331
2026-08-26,Waha Taqa Services (fictional),27424.46,Paid,BILL/2026/00332
2026-11-11,Rimal Sahab Supplies (fictional),16510.91,Paid,BILL/2026/00333
2026-09-26,Rimal Madar Contracting (fictional),18885.24,Paid,BILL/2026/00334
2026-10-16,Rimal Madar Contracting (fictional),32248.44,Paid,BILL/2026/00335
2026-08-06,Shams Bina Solutions (fictional),10605.3,Paid,BILL/2026/00336
2026-09-28,Dana Madar Est. (fictional),36323.64,Paid,BILL/2026/00337
2026-09-10,Rimal Madar Contracting (fictional),13620.72,Paid,BILL/2026/00338
2026-09-05,Sarh Noor Services (fictional),13582.08,Paid,BILL/2026/00339
2026-09-09,Waha Madar Est. (fictional),36858.1,Paid,BILL/2026/00340
2026-08-24,Bina Rawabi Est. (fictional),29601.36,Paid,BILL/2026/00341
2026-08-27,Waha Taqa Services (fictional),34300.91,Paid,BILL/2026/00342
2026-10-06,Taqa Noor Solutions (fictional),37846.0,Paid,BILL/2026/00343
2026-08-15,Rimal Madar Contracting (fictional),33956.94,Paid,BILL/2026/00344
2026-08-26,Nakheel Najd Trading (fictional),38139.2,Paid,BILL/2026/00345
2026-07-31,Rimal Madar Contracting (fictional),26041.44,Paid,BILL/2026/00346
2026-08-22,Najd Najd Contracting (fictional),16454.55,Paid,BILL/2026/00347
2026-10-05,Rimal Madar Contracting (fictional),35673.31,Paid,BILL/2026/00348
2026-09-09,Sahab Tamayuz Services (fictional),15381.64,Paid,BILL/2026/00349
2026-11-07,Noor Najd Trading (fictional),25409.2,Paid,BILL/2026/00350
2026-10-14,Bina Rawabi Est. (fictional),4796.34,Paid,BILL/2026/00351
2026-11-03,Wadi Dana Solutions (fictional),10779.93,Paid,BILL/2026/00352
2026-10-05,Taqa Shams Trading (fictional),2848.5,Paid,BILL/2026/00353
2026-09-24,Buruj Waha Supplies (fictional),18047.15,Paid,BILL/2026/00354
2026-08-24,Tamayuz Shams Solutions (fictional),16010.32,Paid,BILL/2026/00355
2026-08-14,Tamayuz Shams Solutions (fictional),35257.82,Paid,BILL/2026/00356
2026-10-03,Buruj Dana Trading (fictional),25649.54,Paid,BILL/2026/00357
2026-09-23,Najd Najd Contracting (fictional),1545.74,Paid,BILL/2026/00358
2026-08-15,Rimal Madar Contracting (fictional),35728.9,Paid,BILL/2026/00359
2026-11-01,Waha Taqa Services (fictional),27410.34,Paid,BILL/2026/00360
2026-11-21,Qimma Waha Est. (fictional),19649.76,Paid,BILL/2026/00361
2026-09-18,Buruj Dana Trading (fictional),7574.66,Paid,BILL/2026/00362
2026-08-25,Shams Bina Solutions (fictional),8532.92,Paid,BILL/2026/00363
2026-10-14,Rimal Madar Contracting (fictional),7274.88,Paid,BILL/2026/00364
2026-09-13,Rimal Madar Contracting (fictional),27505.8,Paid,BILL/2026/00365
2026-09-07,Waha Madar Est. (fictional),9895.77,Paid,BILL/2026/00366
2026-09-09,Noor Najd Trading (fictional),30925.0,Paid,BILL/2026/00367
2026-10-05,Rimal Madar Contracting (fictional),32993.73,Paid,BILL/2026/00368
2026-11-08,Waha Taqa Services (fictional),33067.92,Paid,BILL/2026/00369
2026-11-13,Sarh Qimma Services (fictional),5503.14,Paid,BILL/2026/00370
2026-10-11,Buruj Noor Solutions (fictional),11985.0,Paid,BILL/2026/00371
2026-08-13,Sarh Qimma Services (fictional),34752.9,Paid,BILL/2026/00372
2026-10-17,Taqa Shams Trading (fictional),16851.86,Paid,BILL/2026/00373
2026-10-31,Shams Bina Solutions (fictional),11913.0,Paid,BILL/2026/00374
2026-10-17,Rimal Madar Contracting (fictional),34226.4,Paid,BILL/2026/00375
2026-09-05,Taqa Rimal Solutions (fictional),29559.6,Paid,BILL/2026/00376
2026-08-12,Rimal Madar Contracting (fictional),31498.58,Paid,BILL/2026/00377
2026-08-11,Rimal Madar Contracting (fictional),27213.36,Paid,BILL/2026/00378
2026-09-19,Waha Madar Est. (fictional),19704.23,Paid,BILL/2026/00379
2026-08-27,Madar Jazeera Trading (fictional),21885.22,Paid,BILL/2026/00380
2026-08-20,Jazeera Qimma Solutions (fictional),19225.6,Paid,BILL/2026/00381
2026-09-12,Bina Sarh Est. (fictional),8160.2,Paid,BILL/2026/00382
2026-10-16,Noor Najd Trading (fictional),36678.07,Paid,BILL/2026/00383
2026-11-05,Rimal Madar Contracting (fictional),11918.34,Paid,BILL/2026/00384
2026-08-24,Qimma Waha Est. (fictional),7536.78,Paid,BILL/2026/00385
2026-09-22,Noor Najd Trading (fictional),7402.8,Paid,BILL/2026/00386
2026-08-05,Noor Najd Trading (fictional),30802.5,Paid,BILL/2026/00387
2026-08-23,Sarh Noor Services (fictional),9700.88,Paid,BILL/2026/00388
2026-10-13,Sahab Sarh Est. (fictional),5483.27,Paid,BILL/2026/00389
2026-11-01,Noor Najd Trading (fictional),35239.17,Paid,BILL/2026/00390
2026-10-02,Rimal Madar Contracting (fictional),6579.56,Paid,BILL/2026/00391
2026-10-17,Buruj Waha Supplies (fictional),4954.25,Paid,BILL/2026/00392
2026-09-03,Shams Madar Contracting (fictional),10801.88,Paid,BILL/2026/00393
2026-10-07,Rimal Madar Contracting (fictional),14444.16,Paid,BILL/2026/00394
2026-08-14,Sahab Sarh Est. (fictional),36950.88,Paid,BILL/2026/00395
2026-10-09,Sahab Najd Solutions (fictional),36890.62,Paid,BILL/2026/00396
2026-10-26,Buruj Dana Services (fictional),22228.32,Paid,BILL/2026/00397
2026-09-21,Bina Sarh Est. (fictional),28102.36,Paid,BILL/2026/00398
2026-08-28,Buruj Waha Supplies (fictional),31726.62,Paid,BILL/2026/00399
2026-09-27,Wadi Dana Solutions (fictional),36294.66,Paid,BILL/2026/00400
2026-09-27,Bina Rawabi Est. (fictional),24357.35,Paid,BILL/2026/00401
2026-09-17,Waha Taqa Services (fictional),9270.34,Paid,BILL/2026/00402
2026-10-14,Sarh Rimal Trading (fictional),34073.26,Paid,BILL/2026/00403
2026-10-05,Sarh Rimal Trading (fictional),7012.08,Paid,BILL/2026/00404
2026-09-23,Buruj Dana Trading (fictional),29856.32,Paid,BILL/2026/00405
2026-09-02,Nakheel Najd Trading (fictional),8762.08,Paid,BILL/2026/00406
2026-09-09,Buruj Waha Supplies (fictional),12423.84,Paid,BILL/2026/00407
2026-11-07,Taqa Noor Solutions (fictional),2513.52,Paid,BILL/2026/00408
2026-09-30,Sarh Qimma Services (fictional),22665.42,Paid,BILL/2026/00409
2026-11-10,Buruj Dana Services (fictional),23930.76,Paid,BILL/2026/00410
2026-08-28,Rimal Madar Contracting (fictional),29878.64,Paid,BILL/2026/00411
2026-10-31,Tamayuz Shams Solutions (fictional),12684.49,Paid,BILL/2026/00412
2026-11-22,Rimal Madar Contracting (fictional),38881.98,Paid,BILL/2026/00413
2026-08-25,Taqa Rimal Solutions (fictional),14652.0,Paid,BILL/2026/00414
2026-11-12,Qimma Waha Est. (fictional),17823.93,Paid,BILL/2026/00415
2026-09-12,Najd Sahab Contracting (fictional),31546.56,Paid,BILL/2026/00416
2026-10-01,Buruj Dana Services (fictional),12158.85,Paid,BILL/2026/00417
2026-09-18,Tamayuz Bina Trading (fictional),32169.72,Paid,BILL/2026/00418
2026-10-17,Sahab Tamayuz Services (fictional),6902.19,Paid,BILL/2026/00419
2026-08-24,Rimal Sahab Supplies (fictional),31651.2,Paid,BILL/2026/00420
2026-11-23,Taqa Shams Trading (fictional),23755.05,Paid,BILL/2026/00421
2026-10-21,Buruj Dana Services (fictional),21071.67,Paid,BILL/2026/00422
2026-07-29,Shams Madar Contracting (fictional),6330.1,Paid,BILL/2026/00423
2026-09-20,Rimal Madar Contracting (fictional),26604.3,Paid,BILL/2026/00424
2026-10-18,Sahab Sarh Est. (fictional),12400.5,Paid,BILL/2026/00425
2026-10-11,Rimal Madar Contracting (fictional),37605.95,Paid,BILL/2026/00426
2026-09-07,Rimal Madar Contracting (fictional),12436.02,Paid,BILL/2026/00427
2026-09-25,Rawabi Masar Trading (fictional),16007.54,Paid,BILL/2026/00428
2026-11-03,Shams Bina Solutions (fictional),35481.6,Paid,BILL/2026/00429
2026-09-01,Taqa Noor Solutions (fictional),5490.56,Paid,BILL/2026/00430
2026-10-19,Shams Noor Trading (fictional),10652.36,Paid,BILL/2026/00431
2026-10-25,Sahab Najd Solutions (fictional),23792.11,Paid,BILL/2026/00432
2026-09-14,Sarh Noor Services (fictional),7296.16,Paid,BILL/2026/00433
2026-09-05,Rimal Madar Contracting (fictional),10489.62,Paid,BILL/2026/00434
2026-08-18,Rimal Madar Contracting (fictional),17084.01,Paid,BILL/2026/00435
2026-11-08,Buruj Dana Trading (fictional),18506.2,Paid,BILL/2026/00436
2026-11-19,Bina Rawabi Est. (fictional),21576.84,Paid,BILL/2026/00437
2026-10-06,Madar Jazeera Trading (fictional),34463.4,Paid,BILL/2026/00438
2026-10-27,Sarh Qimma Services (fictional),10147.0,Paid,BILL/2026/00439
2026-10-10,Sahab Sarh Est. (fictional),31636.5,Paid,BILL/2026/00440
2026-10-10,Rimal Sahab Supplies (fictional),18012.8,Paid,BILL/2026/00441
2026-10-29,Jazeera Qimma Solutions (fictional),3272.58,Paid,BILL/2026/00442
2026-09-12,Taqa Sahab Services (fictional),32226.34,Paid,BILL/2026/00443
2026-09-05,Buruj Noor Solutions (fictional),15799.35,Paid,BILL/2026/00444
2026-09-20,Wadi Dana Solutions (fictional),17771.46,Paid,BILL/2026/00445
2026-08-22,Buruj Dana Trading (fictional),4928.22,Paid,BILL/2026/00446
2026-11-18,Madar Jazeera Trading (fictional),17108.6,Paid,BILL/2026/00447
2026-09-11,Nakheel Najd Trading (fictional),25289.76,Paid,BILL/2026/00448
2026-11-07,Shams Bina Solutions (fictional),31843.57,Paid,BILL/2026/00449
2026-08-20,Qimma Waha Est. (fictional),9122.88,Paid,BILL/2026/00450
2026-08-24,Taqa Shams Trading (fictional),19675.08,Paid,BILL/2026/00451
2026-08-18,Shams Noor Trading (fictional),3440.22,Paid,BILL/2026/00452
2026-10-15,Bina Rawabi Est. (fictional),9844.32,Paid,BILL/2026/00453
2026-08-13,Taqa Noor Solutions (fictional),34917.4,Paid,BILL/2026/00454
2026-08-02,Shams Bina Solutions (fictional),33291.04,Paid,BILL/2026/00455
2026-10-17,Tamayuz Jazeera Trading (fictional),3572.01,Paid,BILL/2026/00456
2026-10-04,Taqa Rimal Solutions (fictional),34306.25,Paid,BILL/2026/00457
2026-10-30,Buruj Dana Services (fictional),19297.45,Paid,BILL/2026/00458
2026-10-29,Sarh Rimal Trading (fictional),8003.77,Paid,BILL/2026/00459
2026-10-06,Noor Najd Trading (fictional),29209.77,Paid,BILL/2026/00460
2026-11-07,Rimal Madar Contracting (fictional),28380.95,Paid,BILL/2026/00461
2026-09-21,Jazeera Qimma Solutions (fictional),10830.27,Paid,BILL/2026/00462
2026-10-02,Dana Madar Est. (fictional),9366.5,Paid,BILL/2026/00463
2026-09-02,Jazeera Qimma Solutions (fictional),29509.75,Paid,BILL/2026/00464
2026-11-18,Rimal Sahab Supplies (fictional),22500.35,Paid,BILL/2026/00465
2026-10-06,Sarh Noor Services (fictional),32438.9,Paid,BILL/2026/00466
2026-09-10,Sarh Noor Services (fictional),27426.9,Paid,BILL/2026/00467
2026-08-30,Taqa Noor Solutions (fictional),10193.04,Paid,BILL/2026/00468
2026-10-05,Bina Afaq Contracting (fictional),34810.08,Paid,BILL/2026/00469
2026-09-07,Tamayuz Bina Trading (fictional),24014.2,Paid,BILL/2026/00470
2026-09-20,Sarh Rimal Trading (fictional),24706.22,Paid,BILL/2026/00471
2026-08-08,Shams Bina Solutions (fictional),30466.17,Paid,BILL/2026/00472
2026-10-06,Sahab Tamayuz Services (fictional),13960.8,Paid,BILL/2026/00473
2026-09-09,Rimal Madar Contracting (fictional),36335.0,Paid,BILL/2026/00474
2026-09-06,Nakheel Qimma Supplies (fictional),26112.24,Paid,BILL/2026/00475
2026-10-08,Najd Madar Supplies (fictional),8293.38,Paid,BILL/2026/00476
2026-11-07,Qimma Waha Est. (fictional),20189.0,Paid,BILL/2026/00477
2026-08-23,Rimal Madar Contracting (fictional),4124.4,Paid,BILL/2026/00478
2026-08-24,Taqa Shams Trading (fictional),38883.3,Paid,BILL/2026/00479
2026-09-18,Sarh Noor Services (fictional),5771.97,Paid,BILL/2026/00480
2026-10-18,Taqa Rimal Solutions (fictional),14103.6,Paid,BILL/2026/00481
2026-10-29,Tamayuz Shams Solutions (fictional),15992.32,Paid,BILL/2026/00482
2026-10-28,Bina Sarh Est. (fictional),41383.44,Paid,BILL/2026/00483
2026-09-12,Bina Rawabi Est. (fictional),25443.36,Paid,BILL/2026/00484
2026-09-12,Buruj Dana Services (fictional),15744.68,Paid,BILL/2026/00485
2026-10-20,Bina Afaq Contracting (fictional),26337.2,Paid,BILL/2026/00486
2026-09-17,Waha Madar Est. (fictional),4332.36,Paid,BILL/2026/00487
2026-08-26,Rimal Madar Contracting (fictional),20891.34,Paid,BILL/2026/00488
2026-11-11,Rimal Madar Contracting (fictional),29397.73,Paid,BILL/2026/00489
2026-08-29,Taqa Rimal Solutions (fictional),2794.57,Paid,BILL/2026/00490
2026-09-07,Sarh Noor Services (fictional),31138.47,Paid,BILL/2026/00491
2026-09-23,Rimal Madar Contracting (fictional),32996.6,Paid,BILL/2026/00492
2026-10-15,Dana Rimal Trading (fictional),25656.96,Paid,BILL/2026/00493
2026-09-27,Najd Najd Contracting (fictional),27520.92,Paid,BILL/2026/00494
2026-08-10,Buruj Dana Trading (fictional),31771.46,Paid,BILL/2026/00495
2026-11-05,Sarh Qimma Services (fictional),21164.0,Paid,BILL/2026/00496
2026-09-27,Nakheel Qimma Supplies (fictional),25075.17,Paid,BILL/2026/00497
2026-10-05,Sarh Qimma Services (fictional),15492.75,Paid,BILL/2026/00498
2026-10-18,Rimal Madar Contracting (fictional),5551.92,Paid,BILL/2026/00499
2026-09-15,Tamayuz Jazeera Trading (fictional),11555.85,Paid,BILL/2026/00500
2026-11-16,Najd Madar Supplies (fictional),33442.89,Paid,BILL/2026/00501
2026-10-18,Najd Najd Contracting (fictional),33598.48,Paid,BILL/2026/00502
2026-09-22,Rawabi Masar Trading (fictional),9410.56,Paid,BILL/2026/00503
2026-09-16,Rawabi Masar Trading (fictional),5676.51,Paid,BILL/2026/00504
2026-11-04,Madar Jazeera Trading (fictional),5779.02,Paid,BILL/2026/00505
2026-11-24,Masar Wadi Services (fictional),26660.55,Paid,BILL/2026/00506
2026-09-11,Rawabi Masar Trading (fictional),28242.0,Paid,BILL/2026/00507
2026-09-07,Nakheel Najd Trading (fictional),35825.72,Paid,BILL/2026/00508
2026-09-10,Tamayuz Jazeera Trading (fictional),5639.7,Paid,BILL/2026/00509
2026-10-25,Waha Taqa Services (fictional),39937.0,Paid,BILL/2026/00510
2026-10-19,Sahab Sarh Est. (fictional),17352.58,Paid,BILL/2026/00511
2026-08-27,Rimal Madar Contracting (fictional),15215.06,Paid,BILL/2026/00512
2026-09-29,Rimal Madar Contracting (fictional),18511.02,Paid,BILL/2026/00513
2026-08-19,Taqa Shams Trading (fictional),15810.7,Paid,BILL/2026/00514
2026-09-27,Taqa Noor Solutions (fictional),4294.62,Paid,BILL/2026/00515
2026-09-29,Buruj Noor Solutions (fictional),14501.55,Paid,BILL/2026/00516
2026-09-21,Taqa Rimal Solutions (fictional),20508.18,Paid,BILL/2026/00517
2026-08-20,Tamayuz Jazeera Trading (fictional),27198.78,Paid,BILL/2026/00518
2026-11-06,Buruj Waha Supplies (fictional),6928.74,Paid,BILL/2026/00519
2026-09-15,Noor Masar Contracting (fictional),3724.86,Paid,BILL/2026/00520
2026-07-29,Masar Wadi Services (fictional),33704.84,Paid,BILL/2026/00521
2026-10-15,Wadi Dana Solutions (fictional),4005.54,Paid,BILL/2026/00522
2026-10-15,Tamayuz Bina Trading (fictional),29056.32,Paid,BILL/2026/00523
2026-10-15,Jazeera Qimma Solutions (fictional),28028.63,Paid,BILL/2026/00524
2026-08-03,Taqa Noor Solutions (fictional),37079.9,Paid,BILL/2026/00525
2026-11-26,Noor Masar Contracting (fictional),29188.32,Paid,BILL/2026/00526
2026-10-31,Waha Taqa Services (fictional),19068.35,Paid,BILL/2026/00527
2026-08-27,Rimal Madar Contracting (fictional),37725.38,Paid,BILL/2026/00528
2026-08-22,Waha Madar Est. (fictional),37728.45,Paid,BILL/2026/00529
2026-08-30,Dana Madar Est. (fictional),20752.44,Paid,BILL/2026/00530
2026-09-18,Dana Rimal Trading (fictional),33773.4,Paid,BILL/2026/00531
2026-10-27,Dana Rimal Trading (fictional),3972.49,Paid,BILL/2026/00532
2026-09-10,Buruj Noor Solutions (fictional),26123.79,Paid,BILL/2026/00533
2026-08-31,Taqa Sahab Services (fictional),15030.7,Paid,BILL/2026/00534
2026-11-05,Shams Noor Trading (fictional),3123.36,Paid,BILL/2026/00535
2026-09-07,Sahab Najd Solutions (fictional),28591.3,Paid,BILL/2026/00536
2026-10-16,Waha Madar Est. (fictional),11625.84,Paid,BILL/2026/00537
2026-11-03,Shams Noor Trading (fictional),4843.2,Paid,BILL/2026/00538
2026-10-13,Tamayuz Shams Solutions (fictional),8228.0,Paid,BILL/2026/00539
2026-08-21,Rimal Madar Contracting (fictional),12707.28,Paid,BILL/2026/00540
2026-08-16,Sarh Qimma Services (fictional),14784.27,Paid,BILL/2026/00541
2026-10-19,Dana Rimal Trading (fictional),14070.55,Paid,BILL/2026/00542
2026-09-19,Sarh Noor Services (fictional),17810.8,Paid,BILL/2026/00543
2026-09-26,Dana Madar Est. (fictional),15684.24,Paid,BILL/2026/00544
2026-08-07,Tamayuz Jazeera Trading (fictional),2353.74,Paid,BILL/2026/00545
2026-09-26,Sarh Qimma Services (fictional),10741.94,Paid,BILL/2026/00546
2026-10-10,Najd Najd Contracting (fictional),3080.28,Paid,BILL/2026/00547
2026-10-06,Sarh Noor Services (fictional),2867.01,Paid,BILL/2026/00548
2026-09-09,Buruj Noor Solutions (fictional),27356.77,Paid,BILL/2026/00549
2026-10-13,Sahab Tamayuz Services (fictional),14039.04,Paid,BILL/2026/00550
2026-08-30,Tamayuz Shams Solutions (fictional),18398.82,Paid,BILL/2026/00551
2026-10-07,Jazeera Qimma Solutions (fictional),28337.25,Paid,BILL/2026/00552
2026-10-15,Noor Najd Trading (fictional),21855.44,Paid,BILL/2026/00553
2026-11-22,Bina Afaq Contracting (fictional),2683.84,Paid,BILL/2026/00554
2026-10-28,Wadi Dana Solutions (fictional),32404.32,Paid,BILL/2026/00555
2026-09-03,Waha Madar Est. (fictional),31296.65,Paid,BILL/2026/00556
2026-10-22,Sarh Rimal Trading (fictional),16657.68,Paid,BILL/2026/00557
2026-09-04,Najd Sahab Contracting (fictional),28976.61,Paid,BILL/2026/00558
2026-10-23,Nakheel Sarh Solutions (fictional),33894.48,Paid,BILL/2026/00559
2026-08-30,Shams Noor Trading (fictional),12301.52,Paid,BILL/2026/00560
2026-08-30,Rimal Madar Contracting (fictional),34070.23,Paid,BILL/2026/00561
2026-10-28,Noor Masar Contracting (fictional),3267.45,Paid,BILL/2026/00562
2026-10-23,Sarh Qimma Services (fictional),11934.0,Paid,BILL/2026/00563
2026-09-04,Wadi Dana Solutions (fictional),9017.02,Paid,BILL/2026/00564
2026-10-14,Buruj Dana Services (fictional),29272.38,Paid,BILL/2026/00565
2026-11-01,Sahab Najd Solutions (fictional),5705.82,Paid,BILL/2026/00566
2026-10-16,Jazeera Qimma Solutions (fictional),35928.56,Paid,BILL/2026/00567
2026-08-17,Waha Taqa Services (fictional),14882.4,Paid,BILL/2026/00568
2026-08-23,Nakheel Qimma Supplies (fictional),30619.68,Paid,BILL/2026/00569
2026-10-03,Rimal Madar Contracting (fictional),5735.04,Paid,BILL/2026/00570
2026-08-23,Rimal Sahab Supplies (fictional),20594.88,Paid,BILL/2026/00571
2026-08-06,Taqa Noor Solutions (fictional),10464.3,Paid,BILL/2026/00572
2026-08-27,Buruj Dana Services (fictional),29881.04,Paid,BILL/2026/00573
2026-08-23,Qimma Waha Est. (fictional),18333.21,Paid,BILL/2026/00574
2026-10-31,Bina Taqa Est. (fictional),2794.15,Paid,BILL/2026/00575
2026-09-08,Rimal Qimma Services (fictional),19233.43,Paid,BILL/2026/00576
2026-08-18,Rimal Sahab Supplies (fictional),35236.04,Paid,BILL/2026/00577
2026-09-14,Rawabi Masar Trading (fictional),39639.73,Paid,BILL/2026/00578
2026-09-03,Waha Madar Est. (fictional),13162.9,Paid,BILL/2026/00579
2026-11-09,Sarh Qimma Services (fictional),2948.99,Paid,BILL/2026/00580
2026-10-11,Rimal Madar Contracting (fictional),13278.0,Paid,BILL/2026/00581
2026-10-21,Rimal Madar Contracting (fictional),29448.72,Paid,BILL/2026/00582
2026-09-23,Taqa Noor Solutions (fictional),27217.4,Paid,BILL/2026/00583
2026-10-03,Rimal Madar Contracting (fictional),21736.1,Paid,BILL/2026/00584
2026-08-15,Buruj Noor Solutions (fictional),9318.32,Paid,BILL/2026/00585
2026-08-26,Rimal Madar Contracting (fictional),23578.72,Paid,BILL/2026/00586
2026-08-15,Nakheel Najd Trading (fictional),29882.46,Paid,BILL/2026/00587
2026-10-20,Noor Masar Contracting (fictional),4397.67,Paid,BILL/2026/00588
2026-09-10,Nakheel Qimma Supplies (fictional),34175.5,Paid,BILL/2026/00589
2026-09-10,Sahab Tamayuz Services (fictional),18463.06,Paid,BILL/2026/00590
2026-09-05,Sahab Tamayuz Services (fictional),2239.14,Paid,BILL/2026/00591
2026-09-20,Rimal Qimma Services (fictional),15934.1,Paid,BILL/2026/00592
2026-09-20,Bina Taqa Est. (fictional),8588.16,Paid,BILL/2026/00593
2026-11-25,Bina Sarh Est. (fictional),22357.98,Paid,BILL/2026/00594
2026-10-18,Dana Rimal Trading (fictional),24279.2,Paid,BILL/2026/00595
2026-10-25,Bina Rawabi Est. (fictional),27734.42,Paid,BILL/2026/00596
2026-09-04,Tamayuz Bina Trading (fictional),11420.64,Paid,BILL/2026/00597
2026-09-08,Najd Madar Supplies (fictional),32665.62,Paid,BILL/2026/00598
2026-10-13,Taqa Sahab Services (fictional),2708.53,Paid,BILL/2026/00599
2026-08-03,Rimal Madar Contracting (fictional),7915.2,Paid,BILL/2026/00600
2026-10-25,Rimal Sahab Supplies (fictional),39035.83,Paid,BILL/2026/00601
2026-09-07,Rimal Madar Contracting (fictional),12750.24,Paid,BILL/2026/00602
2026-10-31,Sarh Qimma Services (fictional),27179.25,Paid,BILL/2026/00603
2026-09-04,Nakheel Qimma Supplies (fictional),27334.65,Paid,BILL/2026/00604
2026-10-26,Najd Madar Supplies (fictional),10183.28,Paid,BILL/2026/00605
2026-10-17,Sarh Qimma Services (fictional),25168.64,Paid,BILL/2026/00606
2026-11-15,Noor Masar Contracting (fictional),20258.22,Paid,BILL/2026/00607
2026-08-28,Najd Najd Contracting (fictional),26368.3,Paid,BILL/2026/00608
2026-08-24,Sahab Najd Solutions (fictional),39273.35,Paid,BILL/2026/00609
2026-10-21,Waha Madar Est. (fictional),24057.24,Paid,BILL/2026/00610
2026-10-25,Bina Rawabi Est. (fictional),9634.12,Paid,BILL/2026/00611
2026-09-24,Waha Taqa Services (fictional),24128.06,Paid,BILL/2026/00612
2026-09-29,Waha Taqa Services (fictional),34784.79,Paid,BILL/2026/00613
2026-09-08,Bina Rawabi Est. (fictional),25357.27,Paid,BILL/2026/00614
2026-10-26,Buruj Noor Solutions (fictional),19360.0,Paid,BILL/2026/00615
2026-10-30,Bina Taqa Est. (fictional),20654.2,Paid,BILL/2026/00616
2026-09-01,Najd Najd Contracting (fictional),22185.58,Paid,BILL/2026/00617
2026-08-14,Rimal Sahab Supplies (fictional),20911.2,Paid,BILL/2026/00618
2026-09-07,Taqa Sahab Services (fictional),4394.44,Paid,BILL/2026/00619
2026-09-30,Sarh Qimma Services (fictional),8221.5,Paid,BILL/2026/00620
2026-08-24,Sahab Tamayuz Services (fictional),36227.75,Paid,BILL/2026/00621
2026-10-01,Masar Wadi Services (fictional),24410.82,Paid,BILL/2026/00622
2026-07-28,Sahab Sarh Est. (fictional),21743.56,Paid,BILL/2026/00623
2026-09-30,Najd Madar Supplies (fictional),30517.55,Paid,BILL/2026/00624
2026-11-08,Masar Wadi Services (fictional),23292.96,Paid,BILL/2026/00625
2026-08-15,Nakheel Qimma Supplies (fictional),26858.4,Paid,BILL/2026/00626
2026-09-30,Rimal Sahab Supplies (fictional),32862.36,Paid,BILL/2026/00627
2026-09-12,Bina Sarh Est. (fictional),10200.5,Paid,BILL/2026/00628
2026-08-19,Rimal Madar Contracting (fictional),6517.92,Paid,BILL/2026/00629
2026-10-22,Bina Rawabi Est. (fictional),28702.35,Paid,BILL/2026/00630
2026-11-14,Tamayuz Bina Trading (fictional),25204.48,Paid,BILL/2026/00631
2026-09-03,Rimal Madar Contracting (fictional),8400.09,Paid,BILL/2026/00632
2026-10-06,Shams Noor Trading (fictional),11373.92,Paid,BILL/2026/00633
2026-08-02,Nakheel Qimma Supplies (fictional),37296.81,Paid,BILL/2026/00634
2026-10-14,Taqa Sahab Services (fictional),40282.2,Paid,BILL/2026/00635
2026-08-25,Tamayuz Bina Trading (fictional),15185.5,Paid,BILL/2026/00636
2026-07-29,Rimal Sahab Supplies (fictional),7814.43,Paid,BILL/2026/00637
2026-08-10,Sarh Rimal Trading (fictional),3945.43,Paid,BILL/2026/00638
2026-09-18,Sarh Noor Services (fictional),40233.38,Paid,BILL/2026/00639
2026-08-24,Nakheel Sarh Solutions (fictional),26583.0,Paid,BILL/2026/00640
2026-08-19,Bina Afaq Contracting (fictional),40354.66,Paid,BILL/2026/00641
2026-08-18,Sahab Sarh Est. (fictional),5760.56,Paid,BILL/2026/00642
2026-09-18,Wadi Dana Solutions (fictional),2689.9,Paid,BILL/2026/00643
2026-10-01,Rimal Madar Contracting (fictional),38998.08,Paid,BILL/2026/00644
2026-10-24,Qimma Waha Est. (fictional),38724.24,Paid,BILL/2026/00645
2026-09-13,Rimal Madar Contracting (fictional),18534.96,Paid,BILL/2026/00646
2026-09-06,Waha Taqa Services (fictional),14859.81,Paid,BILL/2026/00647
2026-09-15,Najd Madar Supplies (fictional),31201.92,Paid,BILL/2026/00648
2026-11-11,Buruj Dana Services (fictional),9650.08,Paid,BILL/2026/00649
2026-10-30,Jazeera Qimma Solutions (fictional),35137.08,Paid,BILL/2026/00650
2026-09-16,Bina Rawabi Est. (fictional),2272.78,Paid,BILL/2026/00651
2026-09-16,Rimal Sahab Supplies (fictional),2655.78,Paid,BILL/2026/00652
2026-09-28,Sarh Rimal Trading (fictional),9799.2,Paid,BILL/2026/00653
2026-10-25,Waha Madar Est. (fictional),35553.46,Paid,BILL/2026/00654
2026-08-09,Rimal Madar Contracting (fictional),33773.0,Paid,BILL/2026/00655
2026-09-10,Najd Najd Contracting (fictional),33295.65,Paid,BILL/2026/00656
2026-11-29,Tamayuz Shams Solutions (fictional),9593.73,Paid,BILL/2026/00657
2026-10-21,Rimal Qimma Services (fictional),38393.65,Paid,BILL/2026/00658
2026-10-14,Shams Bina Solutions (fictional),35615.7,Paid,BILL/2026/00659
2026-11-11,Rimal Madar Contracting (fictional),35376.15,Paid,BILL/2026/00660
2026-08-29,Bina Rawabi Est. (fictional),29871.66,Paid,BILL/2026/00661
2026-11-15,Sahab Tamayuz Services (fictional),38183.94,Paid,BILL/2026/00662
2026-09-14,Shams Madar Contracting (fictional),23986.77,Paid,BILL/2026/00663
2026-07-30,Rimal Qimma Services (fictional),8288.25,Paid,BILL/2026/00664
2026-10-21,Noor Najd Trading (fictional),11390.32,Paid,BILL/2026/00665
2026-10-04,Rimal Madar Contracting (fictional),36254.16,Paid,BILL/2026/00666
2026-09-22,Wadi Dana Solutions (fictional),39137.61,Paid,BILL/2026/00667
2026-08-08,Taqa Noor Solutions (fictional),25464.18,Paid,BILL/2026/00668
2026-09-12,Tamayuz Shams Solutions (fictional),26687.54,Paid,BILL/2026/00669
2026-10-25,Tamayuz Bina Trading (fictional),25546.0,Paid,BILL/2026/00670
2026-09-02,Wadi Dana Solutions (fictional),21301.56,Paid,BILL/2026/00671
2026-10-17,Sahab Najd Solutions (fictional),29864.35,Paid,BILL/2026/00672
2026-10-19,Jazeera Qimma Solutions (fictional),16576.8,Paid,BILL/2026/00673
2026-09-17,Sarh Rimal Trading (fictional),28740.84,Paid,BILL/2026/00674
2026-09-27,Nakheel Najd Trading (fictional),39090.6,Paid,BILL/2026/00675
2026-09-19,Rimal Qimma Services (fictional),19472.4,Paid,BILL/2026/00676
2026-08-31,Buruj Dana Trading (fictional),22620.25,Paid,BILL/2026/00677
2026-10-24,Dana Rimal Trading (fictional),23278.71,Paid,BILL/2026/00678
2026-08-06,Sarh Rimal Trading (fictional),19736.19,Paid,BILL/2026/00679
2026-10-09,Sahab Najd Solutions (fictional),23161.05,Paid,BILL/2026/00680
2026-10-07,Nakheel Sarh Solutions (fictional),7301.96,Paid,BILL/2026/00681
2026-09-20,Rimal Madar Contracting (fictional),8614.48,Paid,BILL/2026/00682
2026-11-21,Tamayuz Jazeera Trading (fictional),2191.3,Paid,BILL/2026/00683
2026-08-21,Nakheel Qimma Supplies (fictional),9704.94,Paid,BILL/2026/00684
2026-10-24,Shams Bina Solutions (fictional),36179.39,Paid,BILL/2026/00685
2026-09-25,Masar Wadi Services (fictional),8665.16,Paid,BILL/2026/00686
2026-09-02,Jazeera Noor Supplies (fictional),4164.18,Paid,BILL/2026/00687
2026-10-13,Najd Madar Supplies (fictional),20614.22,Paid,BILL/2026/00688
2026-10-06,Wadi Dana Solutions (fictional),31768.8,Paid,BILL/2026/00689
2026-09-19,Buruj Dana Services (fictional),14304.15,Paid,BILL/2026/00690
2026-09-23,Waha Madar Est. (fictional),22262.16,Paid,BILL/2026/00691
2026-09-25,Taqa Sahab Services (fictional),4269.12,Paid,BILL/2026/00692
2026-08-14,Sahab Sarh Est. (fictional),32611.4,Paid,BILL/2026/00693
2026-09-21,Tamayuz Jazeera Trading (fictional),4461.37,Paid,BILL/2026/00694
2026-07-24,Buruj Noor Solutions (fictional),30226.14,Paid,BILL/2026/00695
2026-10-02,Sarh Noor Services (fictional),8799.05,Paid,BILL/2026/00696
2026-10-23,Sarh Rimal Trading (fictional),35212.86,Paid,BILL/2026/00697
2026-08-29,Buruj Dana Services (fictional),4683.42,Paid,BILL/2026/00698
2026-11-06,Rimal Madar Contracting (fictional),18212.04,Paid,BILL/2026/00699
2026-08-12,Najd Madar Supplies (fictional),4192.92,Paid,BILL/2026/00700
2026-09-16,Najd Madar Supplies (fictional),3508.32,Paid,BILL/2026/00701
2026-10-27,Rimal Madar Contracting (fictional),16064.72,Paid,BILL/2026/00702
2026-10-30,Rimal Madar Contracting (fictional),19405.62,Paid,BILL/2026/00703
2026-09-21,Tamayuz Shams Solutions (fictional),25819.83,Paid,BILL/2026/00704
2026-08-22,Noor Masar Contracting (fictional),41361.34,Paid,BILL/2026/00705
2026-10-27,Rimal Sahab Supplies (fictional),35991.81,Paid,BILL/2026/00706
2026-08-14,Rimal Madar Contracting (fictional),17337.6,Paid,BILL/2026/00707
2026-10-16,Nakheel Qimma Supplies (fictional),22353.76,Paid,BILL/2026/00708
2026-10-07,Sarh Rimal Trading (fictional),10406.5,Paid,BILL/2026/00709
2026-08-21,Rimal Madar Contracting (fictional),2502.2,Paid,BILL/2026/00710
2026-10-09,Rimal Qimma Services (fictional),3066.14,Paid,BILL/2026/00711
2026-10-08,Rimal Madar Contracting (fictional),35725.84,Paid,BILL/2026/00712
2026-09-18,Dana Rimal Trading (fictional),9342.62,Paid,BILL/2026/00713
2026-09-15,Sarh Noor Services (fictional),1336.32,Paid,BILL/2026/00714
2026-08-09,Rimal Madar Contracting (fictional),23497.18,Paid,BILL/2026/00715
2026-10-04,Sarh Rimal Trading (fictional),9828.42,Paid,BILL/2026/00716
2026-10-07,Taqa Rimal Solutions (fictional),7853.8,Paid,BILL/2026/00717
2026-09-05,Waha Madar Est. (fictional),35248.08,Paid,BILL/2026/00718
2026-09-12,Rimal Madar Contracting (fictional),12367.14,Paid,BILL/2026/00719
2026-08-19,Buruj Dana Services (fictional),17996.64,Paid,BILL/2026/00720
2026-09-20,Noor Najd Trading (fictional),32121.0,Paid,BILL/2026/00721
2026-11-01,Rimal Madar Contracting (fictional),13899.0,Paid,BILL/2026/00722
2026-09-20,Bina Taqa Est. (fictional),21345.44,Paid,BILL/2026/00723
2026-11-04,Waha Madar Est. (fictional),28066.5,Paid,BILL/2026/00724
2026-11-02,Waha Madar Est. (fictional),19733.91,Paid,BILL/2026/00725
2026-09-12,Nakheel Sarh Solutions (fictional),20555.72,Paid,BILL/2026/00726
2026-09-23,Buruj Dana Trading (fictional),33377.85,Paid,BILL/2026/00727
2026-09-11,Buruj Noor Solutions (fictional),35181.72,Paid,BILL/2026/00728
2026-08-05,Buruj Waha Supplies (fictional),9548.91,Paid,BILL/2026/00729
2026-09-20,Rimal Sahab Supplies (fictional),35445.87,Paid,BILL/2026/00730
2026-10-18,Najd Sahab Contracting (fictional),18879.63,Paid,BILL/2026/00731
2026-10-22,Waha Taqa Services (fictional),11779.5,Paid,BILL/2026/00732
2026-10-03,Jazeera Qimma Solutions (fictional),4598.83,Paid,BILL/2026/00733
2026-11-10,Buruj Dana Trading (fictional),25899.51,Paid,BILL/2026/00734
2026-10-08,Rimal Madar Contracting (fictional),37670.13,Paid,BILL/2026/00735
2026-09-14,Rimal Madar Contracting (fictional),37801.76,Paid,BILL/2026/00736
2026-10-15,Nakheel Qimma Supplies (fictional),1323.67,Paid,BILL/2026/00737
2026-08-18,Nakheel Najd Trading (fictional),38274.6,Paid,BILL/2026/00738
2026-07-31,Waha Taqa Services (fictional),31410.32,Paid,BILL/2026/00739
2026-08-21,Bina Taqa Est. (fictional),16016.0,Paid,BILL/2026/00740
2026-09-03,Rimal Madar Contracting (fictional),25875.85,Paid,BILL/2026/00741
2026-09-01,Rimal Madar Contracting (fictional),14595.48,Paid,BILL/2026/00742
2026-11-25,Waha Taqa Services (fictional),31510.24,Paid,BILL/2026/00743
2026-09-02,Sarh Qimma Services (fictional),21373.0,Paid,BILL/2026/00744
2026-09-23,Rimal Madar Contracting (fictional),3616.88,Paid,BILL/2026/00745
2026-10-23,Madar Jazeera Trading (fictional),9969.65,Paid,BILL/2026/00746
2026-08-08,Najd Madar Supplies (fictional),14875.08,Paid,BILL/2026/00747
2026-10-21,Dana Madar Est. (fictional),20297.14,Paid,BILL/2026/00748
2026-09-28,Rimal Madar Contracting (fictional),33272.2,Paid,BILL/2026/00749
2026-07-30,Rawabi Masar Trading (fictional),29523.1,Paid,BILL/2026/00750
2026-09-06,Taqa Noor Solutions (fictional),30902.4,Paid,BILL/2026/00751
2026-10-19,Rimal Madar Contracting (fictional),38128.44,Paid,BILL/2026/00752
2026-11-25,Rimal Madar Contracting (fictional),18907.66,Paid,BILL/2026/00753
2026-09-07,Qimma Waha Est. (fictional),7405.7,Paid,BILL/2026/00754
2026-09-01,Taqa Noor Solutions (fictional),15578.1,Paid,BILL/2026/00755
2026-10-27,Noor Masar Contracting (fictional),32999.96,Paid,BILL/2026/00756
2026-11-25,Rimal Madar Contracting (fictional),8995.0,Paid,BILL/2026/00757
2026-10-28,Rawabi Masar Trading (fictional),31173.66,Paid,BILL/2026/00758
2026-11-01,Najd Sahab Contracting (fictional),13853.76,Paid,BILL/2026/00759
2026-08-09,Buruj Dana Trading (fictional),15925.68,Paid,BILL/2026/00760
2026-09-11,Madar Jazeera Trading (fictional),27503.84,Paid,BILL/2026/00761
2026-10-18,Rimal Madar Contracting (fictional),10423.95,Paid,BILL/2026/00762
2026-10-14,Shams Madar Contracting (fictional),8461.18,Paid,BILL/2026/00763
2026-08-17,Shams Noor Trading (fictional),28603.86,Paid,BILL/2026/00764
2026-09-12,Bina Afaq Contracting (fictional),25058.03,Paid,BILL/2026/00765
2026-09-19,Madar Jazeera Trading (fictional),9237.23,Paid,BILL/2026/00766
2026-10-25,Rimal Madar Contracting (fictional),27059.68,Paid,BILL/2026/00767
2026-08-24,Bina Afaq Contracting (fictional),38943.62,Paid,BILL/2026/00768
2026-11-10,Shams Noor Trading (fictional),19337.76,Paid,BILL/2026/00769
2026-10-14,Taqa Noor Solutions (fictional),11438.82,Paid,BILL/2026/00770
2026-08-24,Rimal Madar Contracting (fictional),27595.68,Paid,BILL/2026/00771
2026-09-11,Rimal Madar Contracting (fictional),16252.29,Paid,BILL/2026/00772
2026-07-31,Bina Taqa Est. (fictional),10455.51,Paid,BILL/2026/00773
2026-10-17,Buruj Waha Supplies (fictional),15763.42,Paid,BILL/2026/00774
2026-09-07,Sahab Najd Solutions (fictional),9937.83,Paid,BILL/2026/00775
2026-09-27,Noor Masar Contracting (fictional),9878.44,Paid,BILL/2026/00776
2026-10-05,Rimal Madar Contracting (fictional),18111.06,Paid,BILL/2026/00777
2026-10-27,Rimal Madar Contracting (fictional),32159.97,Paid,BILL/2026/00778
2026-08-18,Sahab Najd Solutions (fictional),17036.35,Paid,BILL/2026/00779
2026-09-23,Rimal Madar Contracting (fictional),17667.36,Paid,BILL/2026/00780
2026-08-03,Sahab Sarh Est. (fictional),25049.31,Paid,BILL/2026/00781
2026-10-11,Shams Madar Contracting (fictional),8793.12,Paid,BILL/2026/00782
2026-10-29,Rimal Madar Contracting (fictional),10803.24,Paid,BILL/2026/00783
2026-08-31,Sarh Noor Services (fictional),11992.95,Paid,BILL/2026/00784
2026-09-01,Jazeera Noor Supplies (fictional),37999.2,Paid,BILL/2026/00785
2026-10-06,Dana Madar Est. (fictional),27610.52,Paid,BILL/2026/00786
2026-10-13,Wadi Dana Solutions (fictional),31242.28,Paid,BILL/2026/00787
2026-08-08,Noor Najd Trading (fictional),9322.52,Paid,BILL/2026/00788
2026-10-04,Bina Rawabi Est. (fictional),3334.26,Paid,BILL/2026/00789
2026-09-15,Bina Afaq Contracting (fictional),10555.49,Paid,BILL/2026/00790
2026-10-26,Shams Madar Contracting (fictional),21171.5,Paid,BILL/2026/00791
2026-08-24,Bina Afaq Contracting (fictional),28529.4,Paid,BILL/2026/00792
2026-09-18,Bina Sarh Est. (fictional),12100.0,Paid,BILL/2026/00793
2026-11-11,Rimal Madar Contracting (fictional),20741.1,Paid,BILL/2026/00794
2026-09-06,Sahab Sarh Est. (fictional),11450.18,Paid,BILL/2026/00795
2026-10-06,Rawabi Masar Trading (fictional),22636.48,Paid,BILL/2026/00796
2026-10-07,Jazeera Qimma Solutions (fictional),30953.44,Paid,BILL/2026/00797
2026-09-02,Najd Sahab Contracting (fictional),26142.64,Paid,BILL/2026/00798
2026-11-16,Najd Madar Supplies (fictional),29652.35,Paid,BILL/2026/00799
2026-09-21,Najd Madar Supplies (fictional),21866.25,Paid,BILL/2026/00800
2026-09-22,Taqa Sahab Services (fictional),12121.4,Paid,BILL/2026/00801
2026-09-25,Buruj Dana Trading (fictional),22076.4,Paid,BILL/2026/00802
2026-10-22,Buruj Dana Trading (fictional),13560.6,Paid,BILL/2026/00803
2026-10-11,Taqa Rimal Solutions (fictional),20699.58,Paid,BILL/2026/00804
2026-10-09,Waha Madar Est. (fictional),8863.68,Paid,BILL/2026/00805
2026-10-17,Taqa Sahab Services (fictional),20346.13,Paid,BILL/2026/00806
2026-10-26,Bina Afaq Contracting (fictional),14243.28,Paid,BILL/2026/00807
2026-09-04,Rimal Madar Contracting (fictional),32223.35,Paid,BILL/2026/00808
2026-08-27,Buruj Waha Supplies (fictional),7510.32,Paid,BILL/2026/00809
2026-11-12,Rawabi Masar Trading (fictional),37460.71,Paid,BILL/2026/00810
2026-09-24,Waha Madar Est. (fictional),30633.17,Paid,BILL/2026/00811
2026-09-05,Tamayuz Shams Solutions (fictional),27900.6,Paid,BILL/2026/00812
2026-08-03,Noor Masar Contracting (fictional),4696.61,Paid,BILL/2026/00813
2026-09-03,Najd Sahab Contracting (fictional),34596.6,Paid,BILL/2026/00814
2026-10-03,Rimal Madar Contracting (fictional),25436.48,Paid,BILL/2026/00815
2026-09-23,Taqa Rimal Solutions (fictional),17125.56,Paid,BILL/2026/00816
2026-09-10,Najd Madar Supplies (fictional),13877.25,Paid,BILL/2026/00817
2026-10-06,Nakheel Qimma Supplies (fictional),3340.0,Paid,BILL/2026/00818
2026-09-16,Buruj Dana Services (fictional),34991.52,Paid,BILL/2026/00819
2026-09-05,Qimma Waha Est. (fictional),3959.91,Paid,BILL/2026/00820
2026-10-17,Nakheel Qimma Supplies (fictional),36514.6,Paid,BILL/2026/00821
2026-10-03,Rimal Madar Contracting (fictional),4383.68,Paid,BILL/2026/00822
2026-10-04,Nakheel Najd Trading (fictional),8601.56,Paid,BILL/2026/00823
2026-08-20,Waha Taqa Services (fictional),13299.24,Paid,BILL/2026/00824
2026-09-27,Taqa Rimal Solutions (fictional),25995.93,Paid,BILL/2026/00825
2026-09-17,Qimma Waha Est. (fictional),37219.0,Paid,BILL/2026/00826
2026-09-03,Bina Afaq Contracting (fictional),8317.53,Paid,BILL/2026/00827
2026-10-28,Qimma Waha Est. (fictional),7444.2,Paid,BILL/2026/00828
2026-11-04,Madar Jazeera Trading (fictional),8327.76,Paid,BILL/2026/00829
2026-11-19,Dana Madar Est. (fictional),22374.4,Paid,BILL/2026/00830
2026-08-29,Rimal Madar Contracting (fictional),16644.36,Paid,BILL/2026/00831
2026-09-02,Rimal Madar Contracting (fictional),4358.24,Paid,BILL/2026/00832
2026-11-13,Qimma Waha Est. (fictional),19488.36,Paid,BILL/2026/00833
2026-10-16,Jazeera Noor Supplies (fictional),27416.29,Paid,BILL/2026/00834
2026-09-11,Rimal Sahab Supplies (fictional),28250.04,Paid,BILL/2026/00835
2026-08-23,Nakheel Najd Trading (fictional),23441.4,Paid,BILL/2026/00836
2026-09-26,Dana Rimal Trading (fictional),30903.88,Paid,BILL/2026/00837
2026-10-27,Taqa Shams Trading (fictional),42193.69,Paid,BILL/2026/00838
2026-11-24,Buruj Dana Services (fictional),30843.04,Paid,BILL/2026/00839
2026-08-31,Taqa Sahab Services (fictional),30420.0,Paid,BILL/2026/00840
2026-09-08,Shams Noor Trading (fictional),8415.15,Paid,BILL/2026/00841
2026-11-15,Shams Madar Contracting (fictional),6549.68,Paid,BILL/2026/00842
2026-10-30,Sahab Tamayuz Services (fictional),5921.4,Paid,BILL/2026/00843
2026-10-08,Taqa Noor Solutions (fictional),21649.68,Paid,BILL/2026/00844
2026-08-25,Madar Jazeera Trading (fictional),8385.64,Paid,BILL/2026/00845
2026-08-19,Jazeera Qimma Solutions (fictional),24563.54,Paid,BILL/2026/00846
2026-08-14,Jazeera Qimma Solutions (fictional),19445.62,Paid,BILL/2026/00847
2026-08-11,Rimal Qimma Services (fictional),20122.24,Paid,BILL/2026/00848
2026-09-10,Rimal Madar Contracting (fictional),18627.57,Paid,BILL/2026/00849
2026-10-18,Shams Madar Contracting (fictional),8470.28,Paid,BILL/2026/00850
2026-09-19,Sahab Najd Solutions (fictional),23299.01,Paid,BILL/2026/00851
2026-10-09,Najd Madar Supplies (fictional),2799.28,Paid,BILL/2026/00852
2026-09-22,Najd Madar Supplies (fictional),7649.7,Paid,BILL/2026/00853
2026-09-13,Rimal Madar Contracting (fictional),14186.08,Paid,BILL/2026/00854
2026-10-02,Najd Madar Supplies (fictional),6240.6,Paid,BILL/2026/00855
2026-10-17,Rawabi Masar Trading (fictional),27776.47,Paid,BILL/2026/00856
2026-11-04,Waha Taqa Services (fictional),9209.3,Paid,BILL/2026/00857
2026-10-29,Taqa Shams Trading (fictional),39379.5,Paid,BILL/2026/00858
2026-09-19,Shams Madar Contracting (fictional),24341.28,Paid,BILL/2026/00859
2026-08-24,Buruj Dana Trading (fictional),41442.94,Paid,BILL/2026/00860
2026-09-17,Qimma Waha Est. (fictional),8305.22,Paid,BILL/2026/00861
2026-11-04,Waha Taqa Services (fictional),5553.9,Paid,BILL/2026/00862
2026-09-13,Nakheel Qimma Supplies (fictional),12501.72,Paid,BILL/2026/00863
2026-11-12,Dana Madar Est. (fictional),27317.84,Paid,BILL/2026/00864
2026-08-28,Buruj Noor Solutions (fictional),26670.93,Paid,BILL/2026/00865
2026-08-16,Najd Sahab Contracting (fictional),15583.77,Paid,BILL/2026/00866
2026-10-24,Taqa Shams Trading (fictional),40305.2,Paid,BILL/2026/00867
2026-09-23,Rawabi Masar Trading (fictional),30281.4,Paid,BILL/2026/00868
2026-10-10,Sahab Najd Solutions (fictional),8888.04,Paid,BILL/2026/00869
2026-08-21,Rimal Madar Contracting (fictional),31627.12,Paid,BILL/2026/00870
2026-10-10,Taqa Sahab Services (fictional),4765.78,Paid,BILL/2026/00871
2026-09-25,Wadi Dana Solutions (fictional),6406.64,Paid,BILL/2026/00872
2026-09-15,Sahab Tamayuz Services (fictional),4430.8,Paid,BILL/2026/00873
2026-11-02,Waha Madar Est. (fictional),19522.58,Paid,BILL/2026/00874
2026-10-03,Noor Najd Trading (fictional),18223.92,Paid,BILL/2026/00875
2026-10-21,Najd Najd Contracting (fictional),21242.26,Paid,BILL/2026/00876
2026-11-03,Wadi Dana Solutions (fictional),33894.98,Paid,BILL/2026/00877
2026-09-19,Shams Madar Contracting (fictional),28783.36,Paid,BILL/2026/00878
2026-11-02,Rimal Madar Contracting (fictional),2304.57,Paid,BILL/2026/00879
2026-10-08,Sahab Tamayuz Services (fictional),35720.16,Paid,BILL/2026/00880
2026-10-23,Jazeera Noor Supplies (fictional),7416.96,Paid,BILL/2026/00881
2026-11-06,Sarh Noor Services (fictional),4367.94,Paid,BILL/2026/00882
2026-09-19,Rimal Qimma Services (fictional),5293.8,Paid,BILL/2026/00883
2026-11-04,Waha Taqa Services (fictional),16727.32,Paid,BILL/2026/00884
2026-10-11,Noor Masar Contracting (fictional),1165.68,Paid,BILL/2026/00885
2026-10-20,Qimma Waha Est. (fictional),10888.83,Paid,BILL/2026/00886
2026-09-23,Masar Wadi Services (fictional),7872.12,Paid,BILL/2026/00887
2026-09-08,Buruj Dana Trading (fictional),20817.54,Paid,BILL/2026/00888
2026-11-05,Bina Rawabi Est. (fictional),29013.72,Paid,BILL/2026/00889
2026-10-07,Shams Madar Contracting (fictional),1638.86,Paid,BILL/2026/00890
2026-11-13,Taqa Rimal Solutions (fictional),18552.84,Paid,BILL/2026/00891
2026-09-19,Buruj Waha Supplies (fictional),34527.95,Paid,BILL/2026/00892
2026-09-03,Taqa Noor Solutions (fictional),31826.16,Paid,BILL/2026/00893
2026-08-29,Sahab Sarh Est. (fictional),32993.9,Paid,BILL/2026/00894
2026-10-20,Shams Noor Trading (fictional),17859.52,Paid,BILL/2026/00895
2026-09-16,Jazeera Noor Supplies (fictional),25020.14,Paid,BILL/2026/00896
2026-10-08,Nakheel Qimma Supplies (fictional),14176.97,Paid,BILL/2026/00897
2026-08-19,Rimal Qimma Services (fictional),34578.47,Paid,BILL/2026/00898
2026-11-15,Waha Taqa Services (fictional),18877.2,Paid,BILL/2026/00899
2026-08-30,Wadi Dana Solutions (fictional),2778.78,Paid,BILL/2026/00900
2026-09-19,Sarh Rimal Trading (fictional),7682.47,Paid,BILL/2026/00901
2026-08-24,Rimal Madar Contracting (fictional),1761.51,Paid,BILL/2026/00902
2026-08-05,Rimal Madar Contracting (fictional),22815.32,Paid,BILL/2026/00903
2026-08-11,Najd Najd Contracting (fictional),19464.27,Paid,BILL/2026/00904
2026-11-04,Sarh Rimal Trading (fictional),22220.52,Paid,BILL/2026/00905
2026-09-15,Dana Rimal Trading (fictional),12109.46,Paid,BILL/2026/00906
2026-09-02,Buruj Waha Supplies (fictional),9865.22,Paid,BILL/2026/00907
2026-10-11,Masar Wadi Services (fictional),20693.33,Paid,BILL/2026/00908
2026-08-18,Sarh Rimal Trading (fictional),12520.2,Paid,BILL/2026/00909
2026-10-13,Qimma Waha Est. (fictional),10818.75,Paid,BILL/2026/00910
2026-08-21,Rimal Madar Contracting (fictional),32453.14,Paid,BILL/2026/00911
2026-11-01,Taqa Noor Solutions (fictional),39156.92,Paid,BILL/2026/00912
2026-09-23,Rimal Madar Contracting (fictional),31977.36,Paid,BILL/2026/00913
2026-11-04,Madar Jazeera Trading (fictional),10214.25,Paid,BILL/2026/00914
2026-09-21,Qimma Waha Est. (fictional),8278.9,Paid,BILL/2026/00915
2026-11-15,Buruj Dana Trading (fictional),4861.64,Paid,BILL/2026/00916
2026-08-04,Madar Jazeera Trading (fictional),4756.72,Paid,BILL/2026/00917
2026-09-21,Dana Rimal Trading (fictional),7294.3,Paid,BILL/2026/00918
2026-09-04,Taqa Rimal Solutions (fictional),4610.4,Paid,BILL/2026/00919
2026-11-04,Tamayuz Jazeera Trading (fictional),18647.3,Paid,BILL/2026/00920
2026-09-12,Buruj Noor Solutions (fictional),28360.8,Paid,BILL/2026/00921
2026-10-11,Madar Jazeera Trading (fictional),27866.74,Paid,BILL/2026/00922
2026-08-21,Buruj Noor Solutions (fictional),2690.16,Paid,BILL/2026/00923
2026-09-01,Rimal Madar Contracting (fictional),31304.7,Paid,BILL/2026/00924
2026-08-28,Qimma Waha Est. (fictional),13616.64,Paid,BILL/2026/00925
2026-10-31,Tamayuz Bina Trading (fictional),32607.64,Paid,BILL/2026/00926
2026-09-11,Noor Najd Trading (fictional),10288.59,Paid,BILL/2026/00927
2026-08-12,Nakheel Qimma Supplies (fictional),2491.17,Paid,BILL/2026/00928
2026-10-28,Wadi Dana Solutions (fictional),20200.32,Paid,BILL/2026/00929
2026-10-22,Jazeera Qimma Solutions (fictional),8537.74,Paid,BILL/2026/00930
2026-09-14,Shams Noor Trading (fictional),28551.84,Paid,BILL/2026/00931
2026-08-27,Waha Madar Est. (fictional),36981.62,Paid,BILL/2026/00932
2026-08-26,Taqa Sahab Services (fictional),37916.19,Paid,BILL/2026/00933
2026-09-29,Waha Taqa Services (fictional),32742.09,Paid,BILL/2026/00934
2026-10-24,Tamayuz Bina Trading (fictional),29285.93,Paid,BILL/2026/00935
2026-08-30,Rimal Sahab Supplies (fictional),2835.42,Paid,BILL/2026/00936
2026-10-22,Najd Madar Supplies (fictional),12375.0,Paid,BILL/2026/00937
2026-10-20,Bina Sarh Est. (fictional),16460.56,Paid,BILL/2026/00938
2026-10-21,Tamayuz Shams Solutions (fictional),12197.57,Paid,BILL/2026/00939
2026-08-08,Najd Sahab Contracting (fictional),20680.17,Paid,BILL/2026/00940
2026-08-21,Buruj Dana Trading (fictional),2230.14,Paid,BILL/2026/00941
2026-08-30,Rimal Madar Contracting (fictional),8371.44,Paid,BILL/2026/00942
2026-10-05,Bina Rawabi Est. (fictional),8842.62,Paid,BILL/2026/00943
2026-09-21,Noor Najd Trading (fictional),5028.4,Paid,BILL/2026/00944
2026-09-10,Jazeera Qimma Solutions (fictional),9673.28,Paid,BILL/2026/00945
2026-10-13,Nakheel Najd Trading (fictional),33739.44,Paid,BILL/2026/00946
2026-09-03,Buruj Waha Supplies (fictional),4798.26,Paid,BILL/2026/00947
2026-08-26,Qimma Waha Est. (fictional),31123.04,Paid,BILL/2026/00948
2026-08-10,Rimal Madar Contracting (fictional),38229.84,Paid,BILL/2026/00949
2026-09-27,Shams Bina Solutions (fictional),14075.01,Paid,BILL/2026/00950
2026-09-07,Sarh Noor Services (fictional),19893.13,Paid,BILL/2026/00951
2026-10-18,Sahab Tamayuz Services (fictional),35814.18,Paid,BILL/2026/00952
2026-10-02,Rimal Madar Contracting (fictional),26323.31,Paid,BILL/2026/00953
2026-08-12,Rimal Madar Contracting (fictional),27136.2,Paid,BILL/2026/00954
2026-09-29,Sarh Noor Services (fictional),25931.92,Paid,BILL/2026/00955
2026-11-05,Qimma Waha Est. (fictional),9454.56,Paid,BILL/2026/00956
2026-08-17,Rimal Madar Contracting (fictional),13510.52,Paid,BILL/2026/00957
2026-08-15,Shams Bina Solutions (fictional),25554.15,Paid,BILL/2026/00958
2026-08-26,Shams Bina Solutions (fictional),15020.4,Paid,BILL/2026/00959
2026-08-20,Rimal Madar Contracting (fictional),25801.65,Paid,BILL/2026/00960
2026-09-01,Qimma Waha Est. (fictional),9332.4,Paid,BILL/2026/00961
2026-11-05,Rimal Madar Contracting (fictional),4292.82,Paid,BILL/2026/00962
2026-10-17,Bina Sarh Est. (fictional),24238.4,Paid,BILL/2026/00963
2026-11-07,Taqa Sahab Services (fictional),3021.91,Paid,BILL/2026/00964
2026-09-04,Jazeera Qimma Solutions (fictional),33037.47,Paid,BILL/2026/00965
2026-09-11,Rawabi Masar Trading (fictional),14678.61,Paid,BILL/2026/00966
2026-10-07,Dana Rimal Trading (fictional),35079.39,Paid,BILL/2026/00967
2026-10-30,Jazeera Noor Supplies (fictional),6000.3,Paid,BILL/2026/00968
2026-10-08,Rimal Madar Contracting (fictional),29047.0,Paid,BILL/2026/00969
2026-09-02,Dana Madar Est. (fictional),11689.86,Paid,BILL/2026/00970
2026-10-17,Shams Madar Contracting (fictional),14997.6,Paid,BILL/2026/00971
2026-11-15,Qimma Waha Est. (fictional),9333.41,Paid,BILL/2026/00972
2026-08-17,Rimal Madar Contracting (fictional),15064.96,Paid,BILL/2026/00973
2026-08-19,Tamayuz Jazeera Trading (fictional),18527.8,Paid,BILL/2026/00974
2026-11-03,Madar Jazeera Trading (fictional),21443.94,Paid,BILL/2026/00975
2026-09-19,Nakheel Sarh Solutions (fictional),4090.65,Paid,BILL/2026/00976
2026-09-30,Rawabi Masar Trading (fictional),18866.33,Paid,BILL/2026/00977
2026-10-01,Nakheel Qimma Supplies (fictional),25174.62,Paid,BILL/2026/00978
2026-09-23,Wadi Dana Solutions (fictional),17612.1,Paid,BILL/2026/00979
2026-09-14,Waha Taqa Services (fictional),14413.1,Paid,BILL/2026/00980
2026-10-08,Dana Rimal Trading (fictional),11424.36,Paid,BILL/2026/00981
2026-08-28,Dana Rimal Trading (fictional),30259.0,Paid,BILL/2026/00982
2026-10-23,Bina Taqa Est. (fictional),31031.32,Paid,BILL/2026/00983
2026-08-29,Sarh Noor Services (fictional),10714.8,Paid,BILL/2026/00984
2026-10-20,Shams Madar Contracting (fictional),31105.81,Paid,BILL/2026/00985
2026-09-16,Nakheel Sarh Solutions (fictional),4201.25,Paid,BILL/2026/00986
2026-11-19,Rimal Madar Contracting (fictional),6630.92,Paid,BILL/2026/00987
2026-10-07,Nakheel Sarh Solutions (fictional),12646.7,Paid,BILL/2026/00988
2026-09-08,Rimal Madar Contracting (fictional),3736.72,Paid,BILL/2026/00989
2026-08-09,Dana Rimal Trading (fictional),29854.44,Paid,BILL/2026/00990
2026-08-18,Rawabi Masar Trading (fictional),19371.84,Paid,BILL/2026/00991
2026-08-12,Sahab Sarh Est. (fictional),41407.32,Paid,BILL/2026/00992
2026-11-03,Dana Madar Est. (fictional),20953.24,Paid,BILL/2026/00993
2026-10-26,Sarh Rimal Trading (fictional),36285.04,Paid,BILL/2026/00994
2026-10-14,Dana Rimal Trading (fictional),7883.6,Paid,BILL/2026/00995
2026-09-24,Dana Rimal Trading (fictional),19314.04,Paid,BILL/2026/00996
2026-08-19,Rimal Madar Contracting (fictional),27789.0,Paid,BILL/2026/00997
2026-10-13,Jazeera Noor Supplies (fictional),27402.32,Paid,BILL/2026/00998
2026-11-09,Madar Jazeera Trading (fictional),8470.77,Paid,BILL/2026/00999
2026-10-12,Rawabi Masar Trading (fictional),11650.83,Paid,BILL/2026/01000
2026-10-27,Wadi Dana Solutions (fictional),22307.34,Paid,BILL/2026/01001
2026-08-16,Wadi Dana Solutions (fictional),31737.11,Paid,BILL/2026/01002
2026-09-17,Nakheel Najd Trading (fictional),8725.68,Paid,BILL/2026/01003
2026-10-18,Rimal Madar Contracting (fictional),17638.4,Paid,BILL/2026/01004
2026-11-03,Waha Taqa Services (fictional),16254.48,Paid,BILL/2026/01005
2026-10-04,Bina Rawabi Est. (fictional),26936.14,Paid,BILL/2026/01006
2026-10-05,Sarh Rimal Trading (fictional),27293.4,Paid,BILL/2026/01007
2026-09-10,Nakheel Najd Trading (fictional),19539.1,Paid,BILL/2026/01008
2026-09-22,Rimal Madar Contracting (fictional),38573.25,Paid,BILL/2026/01009
2026-10-14,Rimal Madar Contracting (fictional),19141.67,Paid,BILL/2026/01010
2026-09-20,Rawabi Masar Trading (fictional),17565.84,Paid,BILL/2026/01011
2026-10-23,Waha Madar Est. (fictional),27509.0,Paid,BILL/2026/01012
2026-09-02,Buruj Dana Services (fictional),1065.73,Paid,BILL/2026/01013
2026-08-10,Rimal Sahab Supplies (fictional),16766.55,Paid,BILL/2026/01014
2026-09-22,Sahab Tamayuz Services (fictional),5766.54,Paid,BILL/2026/01015
2026-09-02,Rawabi Masar Trading (fictional),5027.58,Paid,BILL/2026/01016
2026-09-18,Taqa Shams Trading (fictional),13681.14,Paid,BILL/2026/01017
2026-09-23,Waha Madar Est. (fictional),16417.6,Paid,BILL/2026/01018
2026-09-09,Rimal Madar Contracting (fictional),24186.55,Paid,BILL/2026/01019
2026-08-24,Tamayuz Shams Solutions (fictional),27946.24,Paid,BILL/2026/01020
2026-09-22,Rimal Madar Contracting (fictional),24870.04,Paid,BILL/2026/01021
2026-09-21,Dana Madar Est. (fictional),4401.48,Paid,BILL/2026/01022
2026-08-26,Nakheel Qimma Supplies (fictional),20772.45,Paid,BILL/2026/01023
2026-08-20,Rimal Madar Contracting (fictional),11940.39,Paid,BILL/2026/01024
2026-09-04,Dana Rimal Trading (fictional),4372.32,Paid,BILL/2026/01025
2026-10-16,Madar Jazeera Trading (fictional),9636.0,Paid,BILL/2026/01026
2026-09-14,Rimal Madar Contracting (fictional),33870.54,Paid,BILL/2026/01027
2026-11-20,Waha Taqa Services (fictional),21171.32,Paid,BILL/2026/01028
2026-10-16,Taqa Rimal Solutions (fictional),26273.5,Paid,BILL/2026/01029
2026-08-17,Sahab Tamayuz Services (fictional),39834.08,Paid,BILL/2026/01030
2026-10-18,Sarh Qimma Services (fictional),12551.7,Paid,BILL/2026/01031
2026-08-16,Shams Madar Contracting (fictional),4641.12,Paid,BILL/2026/01032
2026-11-03,Masar Wadi Services (fictional),22271.68,Paid,BILL/2026/01033
2026-10-02,Buruj Waha Supplies (fictional),19547.84,Paid,BILL/2026/01034
2026-10-19,Taqa Rimal Solutions (fictional),5891.1,Paid,BILL/2026/01035
2026-10-08,Nakheel Sarh Solutions (fictional),6622.44,Paid,BILL/2026/01036
2026-09-03,Qimma Waha Est. (fictional),12807.12,Paid,BILL/2026/01037
2026-08-18,Nakheel Najd Trading (fictional),4214.28,Paid,BILL/2026/01038
2026-08-10,Sarh Qimma Services (fictional),34454.76,Paid,BILL/2026/01039
2026-09-27,Taqa Rimal Solutions (fictional),11446.17,Paid,BILL/2026/01040
2026-09-01,Sahab Tamayuz Services (fictional),27567.59,Paid,BILL/2026/01041
2026-08-04,Bina Taqa Est. (fictional),27721.2,Paid,BILL/2026/01042
2026-10-17,Taqa Rimal Solutions (fictional),8857.89,Paid,BILL/2026/01043
2026-10-03,Jazeera Qimma Solutions (fictional),4639.59,Paid,BILL/2026/01044
2026-09-20,Waha Madar Est. (fictional),17126.34,Paid,BILL/2026/01045
2026-09-01,Noor Masar Contracting (fictional),21731.7,Paid,BILL/2026/01046
2026-10-28,Rimal Madar Contracting (fictional),15363.2,Paid,BILL/2026/01047
2026-10-19,Buruj Dana Services (fictional),4409.89,Paid,BILL/2026/01048
2026-08-23,Taqa Shams Trading (fictional),2196.8,Paid,BILL/2026/01049
2026-09-21,Najd Sahab Contracting (fictional),25614.98,Paid,BILL/2026/01050
2026-08-07,Rimal Madar Contracting (fictional),30713.06,Paid,BILL/2026/01051
2026-09-19,Rimal Madar Contracting (fictional),29248.24,Paid,BILL/2026/01052
2026-10-03,Rimal Sahab Supplies (fictional),34814.4,Paid,BILL/2026/01053
2026-08-31,Taqa Sahab Services (fictional),29216.6,Paid,BILL/2026/01054
2026-11-05,Dana Rimal Trading (fictional),3857.63,Paid,BILL/2026/01055
2026-09-26,Rimal Madar Contracting (fictional),23175.36,Paid,BILL/2026/01056
2026-10-16,Sarh Qimma Services (fictional),19325.46,Paid,BILL/2026/01057
2026-10-04,Jazeera Noor Supplies (fictional),17878.12,Paid,BILL/2026/01058
2026-10-05,Rawabi Masar Trading (fictional),15873.86,Paid,BILL/2026/01059
2026-11-06,Tamayuz Jazeera Trading (fictional),15139.84,Paid,BILL/2026/01060
2026-09-28,Sahab Tamayuz Services (fictional),29559.3,Paid,BILL/2026/01061
2026-09-30,Nakheel Qimma Supplies (fictional),3692.8,Paid,BILL/2026/01062
2026-10-25,Rimal Madar Contracting (fictional),19440.27,Paid,BILL/2026/01063
2026-09-16,Shams Bina Solutions (fictional),28183.68,Paid,BILL/2026/01064
2026-09-22,Noor Najd Trading (fictional),12900.16,Paid,BILL/2026/01065
2026-09-28,Waha Madar Est. (fictional),20232.68,Paid,BILL/2026/01066
2026-08-19,Nakheel Najd Trading (fictional),16582.23,Paid,BILL/2026/01067
2026-11-03,Shams Noor Trading (fictional),31193.62,Paid,BILL/2026/01068
2026-08-29,Rawabi Masar Trading (fictional),3189.41,Paid,BILL/2026/01069
2026-10-15,Qimma Waha Est. (fictional),7162.38,Paid,BILL/2026/01070
2026-10-02,Taqa Shams Trading (fictional),13239.95,Paid,BILL/2026/01071
2026-10-24,Sarh Qimma Services (fictional),13165.71,Paid,BILL/2026/01072
2026-10-14,Rimal Madar Contracting (fictional),10853.8,Paid,BILL/2026/01073
2026-10-13,Sahab Tamayuz Services (fictional),33354.96,Paid,BILL/2026/01074
2026-08-27,Madar Jazeera Trading (fictional),11932.31,Paid,BILL/2026/01075
2026-11-12,Bina Sarh Est. (fictional),4933.83,Paid,BILL/2026/01076
2026-08-21,Tamayuz Shams Solutions (fictional),36475.4,Paid,BILL/2026/01077
2026-09-12,Sahab Tamayuz Services (fictional),27182.76,Paid,BILL/2026/01078
2026-10-14,Jazeera Noor Supplies (fictional),17452.0,Paid,BILL/2026/01079
2026-08-05,Taqa Shams Trading (fictional),33118.4,Paid,BILL/2026/01080
2026-09-25,Rimal Madar Contracting (fictional),1326.51,Paid,BILL/2026/01081
2026-09-06,Tamayuz Bina Trading (fictional),30803.74,Paid,BILL/2026/01082
2026-10-13,Rimal Madar Contracting (fictional),23080.32,Paid,BILL/2026/01083
2026-09-16,Bina Taqa Est. (fictional),16844.85,Paid,BILL/2026/01084
2026-09-17,Najd Sahab Contracting (fictional),40204.5,Paid,BILL/2026/01085
2026-10-15,Jazeera Noor Supplies (fictional),11597.4,Paid,BILL/2026/01086
2026-09-16,Madar Jazeera Trading (fictional),36357.36,Paid,BILL/2026/01087
2026-09-18,Noor Masar Contracting (fictional),15890.76,Paid,BILL/2026/01088
2026-10-22,Rimal Madar Contracting (fictional),26532.6,Paid,BILL/2026/01089
2026-09-18,Tamayuz Shams Solutions (fictional),6855.6,Paid,BILL/2026/01090
2026-09-29,Dana Rimal Trading (fictional),21664.02,Paid,BILL/2026/01091
2026-08-30,Taqa Rimal Solutions (fictional),12862.5,Paid,BILL/2026/01092
2026-10-14,Taqa Sahab Services (fictional),12222.56,Paid,BILL/2026/01093
2026-10-12,Rimal Madar Contracting (fictional),16735.6,Paid,BILL/2026/01094
2026-08-19,Sarh Noor Services (fictional),21174.5,Paid,BILL/2026/01095
2026-10-08,Bina Afaq Contracting (fictional),5309.24,Paid,BILL/2026/01096
2026-10-04,Bina Afaq Contracting (fictional),28429.2,Paid,BILL/2026/01097
2026-11-17,Buruj Dana Trading (fictional),22015.0,Paid,BILL/2026/01098
2026-11-20,Najd Sahab Contracting (fictional),4555.2,Paid,BILL/2026/01099
2026-09-22,Masar Wadi Services (fictional),30801.98,Paid,BILL/2026/01100
2026-08-25,Nakheel Najd Trading (fictional),46587.06,Paid,BILL/2026/01101
2026-09-20,Nakheel Najd Trading (fictional),48073.81,Paid,BILL/2026/01102
2026-09-25,Nakheel Najd Trading (fictional),45605.7,Paid,BILL/2026/01103
2026-10-14,Waha Madar Est. (fictional),8844.7,Paid,BILL/2026/01104
2026-11-04,Waha Madar Est. (fictional),9070.92,Paid,BILL/2026/01105
2026-11-07,Waha Madar Est. (fictional),9100.46,Paid,BILL/2026/01106
2026-10-05,Rimal Madar Contracting (fictional),5735.04,Paid,BILL/2026/01107
2026-09-12,Rimal Madar Contracting (fictional),30763.78,Paid,BILL/2026/01108
2026-10-22,Dana Rimal Trading (fictional),24279.2,Paid,BILL/2026/01109
2026-08-05,Taqa Quick Est. (fictional),4925.78,Paid,BILL/2026/01110
2026-08-19,Dana Quick Contracting (fictional),33172.44,Paid,BILL/2026/01111
2026-09-17,Bina Taqa Est. (fictional),79730.27,Paid,BILL/2026/01112
2026-11-03,Bina Taqa Est. (fictional),5834.18,Paid,BILL/2026/01113
2026-10-12,Rimal Qimma Services (fictional),66766.2,Paid,BILL/2026/01114
2026-09-21,Najd Sahab Contracting (fictional),62352.72,Paid,BILL/2026/01115
2026-08-28,Shams Noor Trading (fictional),2714.04,Paid,BILL/2026/01116
2026-08-08,Dana Madar Est. (fictional),46395.0,Paid,BILL/2026/01117
2026-08-09,Dana Rawabi Est. (fictional),40184.82,Paid,BILL/2026/01118
2026-09-27,Jazeera Noor Supplies (fictional),6228.75,Paid,BILL/2026/01119
2026-10-26,Rimal Madar Contracting (fictional),38819.25,Paid,BILL/2026/01120
2026-09-11,Bina Afaq Contracting (fictional),37347.65,Paid,BILL/2026/01121
2026-08-13,Rimal Sahab Supplies (fictional),5020.88,Paid,BILL/2026/01122
2026-08-23,Najd Madar Supplies (fictional),25000.0,Paid,BILL/2026/01123
2026-08-12,Najd Madar Supplies (fictional),20000.0,Paid,BILL/2026/01124
2026-10-08,Najd Madar Supplies (fictional),15000.0,Paid,BILL/2026/01125
2026-11-16,Najd Madar Supplies (fictional),30000.0,Paid,BILL/2026/01126
2026-10-18,Najd Madar Supplies (fictional),30000.0,Paid,BILL/2026/01127
