Message/Related Document Model,Message/Related Document ID,Field,Old Value Char,New Value Char,Created on,Created by
purchase.order,7000,Status,RFQ,Purchase Order,2026-07-02 09:04:00,User 036
purchase.order,7000,Receipt Date,,,2026-07-04 09:04:00,User 999
purchase.order,7001,Status,RFQ,Purchase Order,2026-07-06 10:27:00,User 024
purchase.order,7002,Status,RFQ,Purchase Order,2026-08-05 06:32:00,User 021
purchase.order,7003,Status,RFQ,Purchase Order,2026-09-02 09:44:00,User 036
purchase.order,7004,Status,RFQ,Purchase Order,2026-07-02 09:35:00,User 023
purchase.order,7005,Status,RFQ,Purchase Order,2026-08-17 12:34:00,User 022
purchase.order,7006,Status,RFQ,Purchase Order,2026-09-14 06:31:00,User 039
purchase.order,7007,Status,RFQ,Purchase Order,2026-07-02 10:48:00,User 020
purchase.order,7008,Status,RFQ,Purchase Order,2026-09-28 12:03:00,User 021
purchase.order,7009,Status,RFQ,Purchase Order,2026-08-03 13:29:00,User 019
purchase.order,7010,Status,RFQ,Purchase Order,2026-07-26 06:36:00,User 006
purchase.order,7011,Status,RFQ,Purchase Order,2026-08-13 13:02:00,User 020
purchase.order,7012,Status,RFQ,Purchase Order,2026-09-14 06:55:00,User 006
purchase.order,7013,Status,RFQ,Purchase Order,2026-08-27 09:20:00,User 022
purchase.order,7014,Status,RFQ,Purchase Order,2026-09-20 08:25:00,User 022
purchase.order,7015,Status,RFQ,Purchase Order,2026-08-09 07:14:00,User 015
purchase.order,7016,Status,RFQ,Purchase Order,2026-09-09 06:14:00,User 022
purchase.order,7017,Status,RFQ,Purchase Order,2026-08-23 13:10:00,User 013
purchase.order,7018,Status,RFQ,Purchase Order,2026-07-27 09:44:00,User 008
purchase.order,7019,Status,RFQ,Purchase Order,2026-09-07 07:54:00,User 021
purchase.order,7020,Status,RFQ,Purchase Order,2026-09-20 10:56:00,User 021
purchase.order,7021,Status,RFQ,Purchase Order,2026-08-13 10:57:00,User 015
purchase.order,7022,Status,RFQ,Purchase Order,2026-09-08 10:47:00,User 021
purchase.order,7023,Status,RFQ,Purchase Order,2026-07-29 05:28:00,User 006
purchase.order,7024,Status,RFQ,Purchase Order,2026-07-23 08:54:00,User 013
purchase.order,7025,Status,RFQ,Purchase Order,2026-09-30 05:33:00,User 019
purchase.order,7026,Status,RFQ,Purchase Order,2026-08-13 05:44:00,User 024
purchase.order,7027,Status,RFQ,Purchase Order,2026-07-30 13:53:00,User 019
purchase.order,7028,Status,RFQ,Purchase Order,2026-08-10 10:39:00,User 036
purchase.order,7029,Status,RFQ,Purchase Order,2026-09-30 08:44:00,User 008
purchase.order,7030,Status,RFQ,Purchase Order,2026-07-01 13:48:00,User 022
purchase.order,7031,Status,RFQ,Purchase Order,2026-09-09 12:25:00,User 039
purchase.order,7032,Status,RFQ,Purchase Order,2026-08-13 08:29:00,User 020
purchase.order,7033,Status,RFQ,Purchase Order,2026-07-21 08:08:00,User 022
purchase.order,7034,Status,RFQ,Purchase Order,2026-08-23 05:17:00,User 023
purchase.order,7035,Status,RFQ,Purchase Order,2026-07-12 07:10:00,User 034
purchase.order,7036,Status,RFQ,Purchase Order,2026-08-31 10:42:00,User 022
purchase.order,7037,Status,RFQ,Purchase Order,2026-09-08 08:33:00,User 024
purchase.order,7038,Status,RFQ,Purchase Order,2026-07-05 08:05:00,User 008
purchase.order,7039,Status,RFQ,Purchase Order,2026-08-31 09:59:00,User 019
purchase.order,7040,Status,RFQ,Purchase Order,2026-07-16 12:45:00,User 036
purchase.order,7040,Receipt Date,,,2026-07-18 12:45:00,User 999
purchase.order,7041,Status,RFQ,Purchase Order,2026-08-23 05:11:00,User 021
purchase.order,7042,Status,RFQ,Purchase Order,2026-08-12 12:42:00,User 022
purchase.order,7043,Status,RFQ,Purchase Order,2026-08-24 08:00:00,User 021
purchase.order,7044,Status,RFQ,Purchase Order,2026-07-28 13:11:00,User 022
purchase.order,7045,Status,RFQ,Purchase Order,2026-07-15 07:06:00,User 015
purchase.order,7046,Status,RFQ,Purchase Order,2026-09-27 06:29:00,User 015
purchase.order,7047,Status,RFQ,Purchase Order,2026-09-02 10:22:00,User 013
purchase.order,7048,Status,RFQ,Purchase Order,2026-08-23 06:08:00,User 006
purchase.order,7049,Status,RFQ,Purchase Order,2026-08-27 11:57:00,User 021
purchase.order,7050,Status,RFQ,Purchase Order,2026-08-24 06:36:00,User 023
purchase.order,7051,Status,RFQ,Purchase Order,2026-08-30 12:18:00,User 036
purchase.order,7052,Status,RFQ,Purchase Order,2026-08-02 13:19:00,User 008
purchase.order,7053,Status,RFQ,Purchase Order,2026-07-05 12:56:00,User 015
purchase.order,7054,Status,RFQ,Purchase Order,2026-08-31 13:58:00,User 015
purchase.order,7055,Status,RFQ,Purchase Order,2026-08-30 12:26:00,User 023
purchase.order,7056,Status,RFQ,Purchase Order,2026-09-01 06:25:00,User 040
purchase.order,7057,Status,RFQ,Purchase Order,2026-09-23 05:28:00,User 039
purchase.order,7058,Status,RFQ,Purchase Order,2026-09-09 09:44:00,User 036
purchase.order,7059,Status,RFQ,Purchase Order,2026-07-30 06:58:00,User 020
purchase.order,7060,Status,RFQ,Purchase Order,2026-08-26 06:25:00,User 039
purchase.order,7061,Status,RFQ,Purchase Order,2026-07-13 11:11:00,User 036
purchase.order,7062,Status,RFQ,Purchase Order,2026-08-06 12:23:00,User 023
purchase.order,7063,Status,RFQ,Purchase Order,2026-08-17 13:34:00,User 019
purchase.order,7064,Status,RFQ,Purchase Order,2026-07-26 08:03:00,User 006
purchase.order,7065,Status,RFQ,Purchase Order,2026-09-02 07:56:00,User 021
purchase.order,7066,Status,RFQ,Purchase Order,2026-07-26 06:33:00,User 021
purchase.order,7067,Status,RFQ,Purchase Order,2026-08-20 05:02:00,User 040
purchase.order,7068,Status,RFQ,Purchase Order,2026-08-24 05:41:00,User 013
purchase.order,7069,Status,RFQ,Purchase Order,2026-08-12 05:05:00,User 022
purchase.order,7070,Status,RFQ,Purchase Order,2026-09-28 06:12:00,User 019
purchase.order,7071,Status,RFQ,Purchase Order,2026-07-23 07:50:00,User 015
purchase.order,7072,Status,RFQ,Purchase Order,2026-07-27 13:21:00,User 013
purchase.order,7073,Status,RFQ,Purchase Order,2026-08-06 06:56:00,User 013
purchase.order,7074,Status,RFQ,Purchase Order,2026-07-20 13:52:00,User 006
purchase.order,7075,Status,RFQ,Purchase Order,2026-08-20 10:12:00,User 024
purchase.order,7076,Status,RFQ,Purchase Order,2026-07-15 12:44:00,User 023
purchase.order,7077,Status,RFQ,Purchase Order,2026-07-14 06:04:00,User 040
purchase.order,7078,Status,RFQ,Purchase Order,2026-09-09 10:22:00,User 019
purchase.order,7079,Status,RFQ,Purchase Order,2026-08-05 13:14:00,User 024
purchase.order,7080,Status,RFQ,Purchase Order,2026-07-14 12:01:00,User 006
purchase.order,7080,Receipt Date,,,2026-07-16 12:01:00,User 999
purchase.order,7081,Status,RFQ,Purchase Order,2026-07-05 05:49:00,User 040
purchase.order,7082,Status,RFQ,Purchase Order,2026-07-05 06:53:00,User 024
purchase.order,7083,Status,RFQ,Purchase Order,2026-08-05 08:19:00,User 006
purchase.order,7084,Status,RFQ,Purchase Order,2026-08-12 11:21:00,User 015
purchase.order,7085,Status,RFQ,Purchase Order,2026-07-13 12:20:00,User 023
purchase.order,7086,Status,RFQ,Purchase Order,2026-09-21 08:31:00,User 020
purchase.order,7087,Status,RFQ,Purchase Order,2026-08-10 09:36:00,User 039
purchase.order,7088,Status,RFQ,Purchase Order,2026-07-12 05:00:00,User 024
purchase.order,7089,Status,RFQ,Purchase Order,2026-08-24 08:25:00,User 020
purchase.order,7090,Status,RFQ,Purchase Order,2026-09-16 11:40:00,User 039
purchase.order,7091,Status,RFQ,Purchase Order,2026-07-13 09:27:00,User 024
purchase.order,7092,Status,RFQ,Purchase Order,2026-09-28 12:20:00,User 040
purchase.order,7093,Status,RFQ,Purchase Order,2026-08-17 08:21:00,User 024
purchase.order,7094,Status,RFQ,Purchase Order,2026-08-04 05:23:00,User 039
purchase.order,7095,Status,RFQ,Purchase Order,2026-09-28 05:12:00,User 008
purchase.order,7096,Status,RFQ,Purchase Order,2026-09-21 10:55:00,User 023
purchase.order,7097,Status,RFQ,Purchase Order,2026-07-20 13:21:00,User 021
purchase.order,7098,Status,RFQ,Purchase Order,2026-09-21 11:29:00,User 008
purchase.order,7099,Status,RFQ,Purchase Order,2026-08-26 08:41:00,User 015
purchase.order,7100,Status,RFQ,Purchase Order,2026-08-30 10:52:00,User 023
purchase.order,7101,Status,RFQ,Purchase Order,2026-08-20 08:49:00,User 039
purchase.order,7102,Status,RFQ,Purchase Order,2026-09-28 06:15:00,User 021
purchase.order,7103,Status,RFQ,Purchase Order,2026-08-03 06:34:00,User 019
purchase.order,7104,Status,RFQ,Purchase Order,2026-09-06 10:37:00,User 015
purchase.order,7105,Status,RFQ,Purchase Order,2026-07-28 10:06:00,User 006
purchase.order,7106,Status,RFQ,Purchase Order,2026-07-19 07:05:00,User 021
purchase.order,7107,Status,RFQ,Purchase Order,2026-09-28 10:45:00,User 036
purchase.order,7108,Status,RFQ,Purchase Order,2026-08-16 13:37:00,User 019
purchase.order,7109,Status,RFQ,Purchase Order,2026-09-10 11:43:00,User 008
purchase.order,7110,Status,RFQ,Purchase Order,2026-09-14 05:59:00,User 020
purchase.order,7111,Status,RFQ,Purchase Order,2026-08-19 11:14:00,User 023
purchase.order,7112,Status,RFQ,Purchase Order,2026-09-21 11:19:00,User 024
purchase.order,7113,Status,RFQ,Purchase Order,2026-09-09 07:01:00,User 008
purchase.order,7114,Status,RFQ,Purchase Order,2026-07-02 07:57:00,User 036
purchase.order,7115,Status,RFQ,Purchase Order,2026-09-15 07:57:00,User 006
purchase.order,7116,Status,RFQ,Purchase Order,2026-08-06 13:24:00,User 019
purchase.order,7117,Status,RFQ,Purchase Order,2026-07-29 09:23:00,User 023
purchase.order,7118,Status,RFQ,Purchase Order,2026-07-13 09:00:00,User 034
purchase.order,7119,Status,RFQ,Purchase Order,2026-07-22 09:26:00,User 006
purchase.order,7120,Status,RFQ,Purchase Order,2026-08-10 10:30:00,User 034
purchase.order,7120,Receipt Date,,,2026-08-12 10:30:00,User 999
purchase.order,7121,Status,RFQ,Purchase Order,2026-08-03 11:30:00,User 013
purchase.order,7122,Status,RFQ,Purchase Order,2026-08-24 10:38:00,User 040
purchase.order,7123,Status,RFQ,Purchase Order,2026-09-15 10:05:00,User 024
purchase.order,7124,Status,RFQ,Purchase Order,2026-08-12 11:05:00,User 019
purchase.order,7125,Status,RFQ,Purchase Order,2026-08-11 06:53:00,User 023
purchase.order,7126,Status,RFQ,Purchase Order,2026-08-19 05:45:00,User 019
purchase.order,7127,Status,RFQ,Purchase Order,2026-08-04 06:23:00,User 040
purchase.order,7128,Status,RFQ,Purchase Order,2026-09-02 13:14:00,User 021
purchase.order,7129,Status,RFQ,Purchase Order,2026-09-13 07:58:00,User 022
purchase.order,7130,Status,RFQ,Purchase Order,2026-08-20 13:26:00,User 034
purchase.order,7131,Status,RFQ,Purchase Order,2026-07-05 10:20:00,User 022
purchase.order,7132,Status,RFQ,Purchase Order,2026-09-02 07:36:00,User 024
purchase.order,7133,Status,RFQ,Purchase Order,2026-07-06 05:54:00,User 024
purchase.order,7134,Status,RFQ,Purchase Order,2026-08-23 13:12:00,User 021
purchase.order,7135,Status,RFQ,Purchase Order,2026-07-27 07:56:00,User 034
purchase.order,7136,Status,RFQ,Purchase Order,2026-09-29 07:34:00,User 020
purchase.order,7137,Status,RFQ,Purchase Order,2026-08-31 11:11:00,User 013
purchase.order,7138,Status,RFQ,Purchase Order,2026-08-05 10:06:00,User 021
purchase.order,7139,Status,RFQ,Purchase Order,2026-07-29 06:32:00,User 013
purchase.order,7140,Status,RFQ,Purchase Order,2026-08-24 13:01:00,User 036
purchase.order,7141,Status,RFQ,Purchase Order,2026-08-04 10:00:00,User 021
purchase.order,7142,Status,RFQ,Purchase Order,2026-07-23 09:41:00,User 008
purchase.order,7143,Status,RFQ,Purchase Order,2026-08-05 11:21:00,User 039
purchase.order,7144,Status,RFQ,Purchase Order,2026-07-21 12:30:00,User 015
purchase.order,7145,Status,RFQ,Purchase Order,2026-07-22 13:03:00,User 019
purchase.order,7146,Status,RFQ,Purchase Order,2026-07-06 10:36:00,User 015
purchase.order,7147,Status,RFQ,Purchase Order,2026-09-08 09:15:00,User 020
purchase.order,7148,Status,RFQ,Purchase Order,2026-08-09 09:57:00,User 021
purchase.order,7149,Status,RFQ,Purchase Order,2026-08-19 05:18:00,User 021
purchase.order,7150,Status,RFQ,Purchase Order,2026-07-05 06:39:00,User 019
purchase.order,7151,Status,RFQ,Purchase Order,2026-09-29 10:15:00,User 015
purchase.order,7152,Status,RFQ,Purchase Order,2026-07-16 10:03:00,User 039
purchase.order,7153,Status,RFQ,Purchase Order,2026-08-03 09:48:00,User 019
purchase.order,7154,Status,RFQ,Purchase Order,2026-07-29 13:25:00,User 039
purchase.order,7155,Status,RFQ,Purchase Order,2026-08-12 12:00:00,User 015
purchase.order,7156,Status,RFQ,Purchase Order,2026-07-13 06:19:00,User 024
purchase.order,7157,Status,RFQ,Purchase Order,2026-08-30 07:58:00,User 015
purchase.order,7158,Status,RFQ,Purchase Order,2026-09-20 09:54:00,User 036
purchase.order,7159,Status,RFQ,Purchase Order,2026-08-09 12:54:00,User 006
purchase.order,7160,Status,RFQ,Purchase Order,2026-08-05 11:41:00,User 021
purchase.order,7160,Receipt Date,,,2026-08-07 11:41:00,User 999
purchase.order,7161,Status,RFQ,Purchase Order,2026-09-10 07:47:00,User 006
purchase.order,7162,Status,RFQ,Purchase Order,2026-08-23 10:56:00,User 039
purchase.order,7163,Status,RFQ,Purchase Order,2026-07-29 08:03:00,User 006
purchase.order,7164,Status,RFQ,Purchase Order,2026-09-01 07:00:00,User 034
purchase.order,7165,Status,RFQ,Purchase Order,2026-09-01 08:49:00,User 040
purchase.order,7166,Status,RFQ,Purchase Order,2026-09-06 09:05:00,User 021
purchase.order,7167,Status,RFQ,Purchase Order,2026-07-26 07:27:00,User 019
purchase.order,7168,Status,RFQ,Purchase Order,2026-08-10 12:30:00,User 019
purchase.order,7169,Status,RFQ,Purchase Order,2026-07-20 05:10:00,User 008
purchase.order,7170,Status,RFQ,Purchase Order,2026-07-12 13:08:00,User 023
purchase.order,7171,Status,RFQ,Purchase Order,2026-09-08 10:18:00,User 015
purchase.order,7172,Status,RFQ,Purchase Order,2026-07-23 08:52:00,User 039
purchase.order,7173,Status,RFQ,Purchase Order,2026-08-18 13:16:00,User 034
purchase.order,7174,Status,RFQ,Purchase Order,2026-09-10 05:44:00,User 024
purchase.order,7175,Status,RFQ,Purchase Order,2026-09-29 09:09:00,User 040
purchase.order,7176,Status,RFQ,Purchase Order,2026-08-17 11:11:00,User 040
purchase.order,7177,Status,RFQ,Purchase Order,2026-08-24 08:53:00,User 013
purchase.order,7178,Status,RFQ,Purchase Order,2026-07-28 07:32:00,User 023
purchase.order,7179,Status,RFQ,Purchase Order,2026-08-09 13:57:00,User 024
purchase.order,7180,Status,RFQ,Purchase Order,2026-09-22 07:09:00,User 040
purchase.order,7181,Status,RFQ,Purchase Order,2026-08-11 13:23:00,User 022
purchase.order,7182,Status,RFQ,Purchase Order,2026-09-03 12:15:00,User 024
purchase.order,7183,Status,RFQ,Purchase Order,2026-07-16 13:18:00,User 020
purchase.order,7184,Status,RFQ,Purchase Order,2026-07-02 06:33:00,User 021
purchase.order,7185,Status,RFQ,Purchase Order,2026-07-02 09:46:00,User 022
purchase.order,7186,Status,RFQ,Purchase Order,2026-08-06 05:15:00,User 022
purchase.order,7187,Status,RFQ,Purchase Order,2026-09-01 05:12:00,User 021
purchase.order,7188,Status,RFQ,Purchase Order,2026-07-29 10:23:00,User 022
purchase.order,7189,Status,RFQ,Purchase Order,2026-09-20 06:13:00,User 019
purchase.order,7190,Status,RFQ,Purchase Order,2026-08-09 09:27:00,User 020
purchase.order,7191,Status,RFQ,Purchase Order,2026-08-17 08:30:00,User 022
purchase.order,7192,Status,RFQ,Purchase Order,2026-08-06 12:17:00,User 036
purchase.order,7193,Status,RFQ,Purchase Order,2026-09-20 06:31:00,User 006
purchase.order,7194,Status,RFQ,Purchase Order,2026-07-05 09:36:00,User 019
purchase.order,7195,Status,RFQ,Purchase Order,2026-09-17 06:26:00,User 019
purchase.order,7196,Status,RFQ,Purchase Order,2026-08-25 13:59:00,User 023
purchase.order,7197,Status,RFQ,Purchase Order,2026-09-13 09:53:00,User 023
purchase.order,7198,Status,RFQ,Purchase Order,2026-08-03 06:23:00,User 034
purchase.order,7199,Status,RFQ,Purchase Order,2026-08-02 12:28:00,User 039
purchase.order,7200,Status,RFQ,Purchase Order,2026-08-30 12:33:00,User 022
purchase.order,7200,Receipt Date,,,2026-09-01 12:33:00,User 999
purchase.order,7201,Status,RFQ,Purchase Order,2026-07-15 13:49:00,User 036
purchase.order,7202,Status,RFQ,Purchase Order,2026-07-29 08:42:00,User 022
purchase.order,7203,Status,RFQ,Purchase Order,2026-08-12 05:11:00,User 040
purchase.order,7204,Status,RFQ,Purchase Order,2026-08-18 10:45:00,User 021
purchase.order,7205,Status,RFQ,Purchase Order,2026-09-30 06:33:00,User 013
purchase.order,7206,Status,RFQ,Purchase Order,2026-07-08 08:51:00,User 040
purchase.order,7207,Status,RFQ,Purchase Order,2026-09-28 05:03:00,User 020
purchase.order,7208,Status,RFQ,Purchase Order,2026-09-10 06:36:00,User 036
purchase.order,7209,Status,RFQ,Purchase Order,2026-08-13 06:13:00,User 008
purchase.order,7210,Status,RFQ,Purchase Order,2026-09-30 05:03:00,User 008
purchase.order,7211,Status,RFQ,Purchase Order,2026-08-27 05:12:00,User 013
purchase.order,7212,Status,RFQ,Purchase Order,2026-08-27 12:16:00,User 006
purchase.order,7213,Status,RFQ,Purchase Order,2026-08-10 08:37:00,User 013
purchase.order,7214,Status,RFQ,Purchase Order,2026-08-04 10:31:00,User 019
purchase.order,7215,Status,RFQ,Purchase Order,2026-09-20 12:32:00,User 022
purchase.order,7216,Status,RFQ,Purchase Order,2026-07-07 12:58:00,User 019
purchase.order,7217,Status,RFQ,Purchase Order,2026-07-13 05:45:00,User 020
purchase.order,7218,Status,RFQ,Purchase Order,2026-07-26 11:29:00,User 021
purchase.order,7219,Status,RFQ,Purchase Order,2026-09-09 09:31:00,User 006
purchase.order,7220,Status,RFQ,Purchase Order,2026-09-15 07:16:00,User 022
purchase.order,7221,Status,RFQ,Purchase Order,2026-09-20 08:01:00,User 020
purchase.order,7222,Status,RFQ,Purchase Order,2026-08-24 06:55:00,User 019
purchase.order,7223,Status,RFQ,Purchase Order,2026-08-19 13:48:00,User 015
purchase.order,7224,Status,RFQ,Purchase Order,2026-09-23 05:54:00,User 020
purchase.order,7225,Status,RFQ,Purchase Order,2026-09-07 13:24:00,User 023
purchase.order,7226,Status,RFQ,Purchase Order,2026-09-28 07:47:00,User 020
purchase.order,7227,Status,RFQ,Purchase Order,2026-07-08 12:17:00,User 015
purchase.order,7228,Status,RFQ,Purchase Order,2026-09-27 05:27:00,User 024
purchase.order,7229,Status,RFQ,Purchase Order,2026-08-30 11:55:00,User 040
purchase.order,7230,Status,RFQ,Purchase Order,2026-09-30 09:26:00,User 013
purchase.order,7231,Status,RFQ,Purchase Order,2026-07-02 12:47:00,User 022
purchase.order,7232,Status,RFQ,Purchase Order,2026-08-13 10:54:00,User 019
purchase.order,7233,Status,RFQ,Purchase Order,2026-08-26 11:00:00,User 040
purchase.order,7234,Status,RFQ,Purchase Order,2026-07-02 13:13:00,User 006
purchase.order,7235,Status,RFQ,Purchase Order,2026-08-31 09:54:00,User 022
purchase.order,7236,Status,RFQ,Purchase Order,2026-07-22 09:03:00,User 024
purchase.order,7237,Status,RFQ,Purchase Order,2026-09-09 13:47:00,User 024
purchase.order,7238,Status,RFQ,Purchase Order,2026-07-09 13:57:00,User 019
purchase.order,7239,Status,RFQ,Purchase Order,2026-08-11 12:01:00,User 020
purchase.order,7240,Status,RFQ,Purchase Order,2026-09-29 10:13:00,User 040
purchase.order,7240,Receipt Date,,,2026-10-01 10:13:00,User 999
purchase.order,7241,Status,RFQ,Purchase Order,2026-07-05 08:11:00,User 015
purchase.order,7242,Status,RFQ,Purchase Order,2026-07-23 05:12:00,User 021
purchase.order,7243,Status,RFQ,Purchase Order,2026-07-30 13:08:00,User 020
purchase.order,7244,Status,RFQ,Purchase Order,2026-07-30 09:09:00,User 040
purchase.order,7245,Status,RFQ,Purchase Order,2026-08-13 08:22:00,User 036
purchase.order,7246,Status,RFQ,Purchase Order,2026-09-13 13:31:00,User 034
purchase.order,7247,Status,RFQ,Purchase Order,2026-07-23 07:29:00,User 020
purchase.order,7248,Status,RFQ,Purchase Order,2026-09-23 09:16:00,User 040
purchase.order,7249,Status,RFQ,Purchase Order,2026-08-13 08:03:00,User 024
purchase.order,7250,Status,RFQ,Purchase Order,2026-07-21 07:27:00,User 015
purchase.order,7251,Status,RFQ,Purchase Order,2026-09-15 06:08:00,User 008
purchase.order,7252,Status,RFQ,Purchase Order,2026-08-25 09:19:00,User 021
purchase.order,7253,Status,RFQ,Purchase Order,2026-09-10 08:31:00,User 039
purchase.order,7254,Status,RFQ,Purchase Order,2026-09-27 05:30:00,User 019
purchase.order,7255,Status,RFQ,Purchase Order,2026-07-16 05:19:00,User 019
purchase.order,7256,Status,RFQ,Purchase Order,2026-08-20 09:50:00,User 019
purchase.order,7257,Status,RFQ,Purchase Order,2026-08-06 09:20:00,User 019
purchase.order,7258,Status,RFQ,Purchase Order,2026-07-21 12:10:00,User 036
purchase.order,7259,Status,RFQ,Purchase Order,2026-08-17 13:26:00,User 039
purchase.order,7260,Status,RFQ,Purchase Order,2026-08-16 12:41:00,User 006
purchase.order,7261,Status,RFQ,Purchase Order,2026-09-13 08:51:00,User 034
purchase.order,7262,Status,RFQ,Purchase Order,2026-09-09 06:43:00,User 020
purchase.order,7263,Status,RFQ,Purchase Order,2026-09-23 05:57:00,User 039
purchase.order,7264,Status,RFQ,Purchase Order,2026-08-24 10:22:00,User 015
purchase.order,7265,Status,RFQ,Purchase Order,2026-08-12 13:26:00,User 019
purchase.order,7266,Status,RFQ,Purchase Order,2026-09-02 10:15:00,User 036
purchase.order,7267,Status,RFQ,Purchase Order,2026-07-20 08:40:00,User 008
purchase.order,7268,Status,RFQ,Purchase Order,2026-09-27 06:12:00,User 036
purchase.order,7269,Status,RFQ,Purchase Order,2026-07-12 09:00:00,User 034
purchase.order,7270,Status,RFQ,Purchase Order,2026-08-12 10:00:00,User 006
purchase.order,7271,Status,RFQ,Purchase Order,2026-08-10 10:20:00,User 006
purchase.order,7272,Status,RFQ,Purchase Order,2026-09-09 08:20:00,User 036
purchase.order,7273,Status,RFQ,Purchase Order,2026-07-29 07:22:00,User 015
purchase.order,7274,Status,RFQ,Purchase Order,2026-09-01 09:13:00,User 022
purchase.order,7275,Status,RFQ,Purchase Order,2026-08-31 05:38:00,User 021
purchase.order,7276,Status,RFQ,Purchase Order,2026-07-16 07:26:00,User 020
purchase.order,7277,Status,RFQ,Purchase Order,2026-07-28 09:54:00,User 008
purchase.order,7278,Status,RFQ,Purchase Order,2026-08-02 07:54:00,User 039
purchase.order,7279,Status,RFQ,Purchase Order,2026-09-08 06:10:00,User 020
purchase.order,7280,Status,RFQ,Purchase Order,2026-09-20 12:44:00,User 036
purchase.order,7280,Receipt Date,,,2026-09-22 12:44:00,User 999
purchase.order,7281,Status,RFQ,Purchase Order,2026-07-01 09:44:00,User 039
purchase.order,7282,Status,RFQ,Purchase Order,2026-07-15 06:53:00,User 034
purchase.order,7283,Status,RFQ,Purchase Order,2026-07-14 09:16:00,User 039
purchase.order,7284,Status,RFQ,Purchase Order,2026-09-10 06:49:00,User 034
purchase.order,7285,Status,RFQ,Purchase Order,2026-08-26 10:03:00,User 020
purchase.order,7286,Status,RFQ,Purchase Order,2026-09-07 07:50:00,User 022
purchase.order,7287,Status,RFQ,Purchase Order,2026-07-09 08:58:00,User 015
purchase.order,7288,Status,RFQ,Purchase Order,2026-09-07 06:16:00,User 024
purchase.order,7289,Status,RFQ,Purchase Order,2026-08-19 07:30:00,User 021
purchase.order,7290,Status,RFQ,Purchase Order,2026-07-12 06:28:00,User 023
purchase.order,7291,Status,RFQ,Purchase Order,2026-08-04 06:48:00,User 023
purchase.order,7292,Status,RFQ,Purchase Order,2026-08-16 11:54:00,User 036
purchase.order,7293,Status,RFQ,Purchase Order,2026-08-27 10:44:00,User 006
purchase.order,7294,Status,RFQ,Purchase Order,2026-08-12 05:55:00,User 008
purchase.order,7295,Status,RFQ,Purchase Order,2026-08-27 08:11:00,User 036
purchase.order,7296,Status,RFQ,Purchase Order,2026-09-21 07:50:00,User 021
purchase.order,7297,Status,RFQ,Purchase Order,2026-07-29 11:57:00,User 036
purchase.order,7298,Status,RFQ,Purchase Order,2026-09-02 05:01:00,User 008
purchase.order,7299,Status,RFQ,Purchase Order,2026-07-12 10:53:00,User 039
purchase.order,7300,Status,RFQ,Purchase Order,2026-08-16 13:20:00,User 008
purchase.order,7301,Status,RFQ,Purchase Order,2026-07-01 10:01:00,User 023
purchase.order,7302,Status,RFQ,Purchase Order,2026-07-21 05:50:00,User 036
purchase.order,7303,Status,RFQ,Purchase Order,2026-07-20 07:26:00,User 019
purchase.order,7304,Status,RFQ,Purchase Order,2026-08-13 13:20:00,User 023
purchase.order,7305,Status,RFQ,Purchase Order,2026-07-09 08:55:00,User 020
purchase.order,7306,Status,RFQ,Purchase Order,2026-07-06 12:40:00,User 006
purchase.order,7307,Status,RFQ,Purchase Order,2026-07-28 07:57:00,User 024
purchase.order,7308,Status,RFQ,Purchase Order,2026-08-30 08:42:00,User 015
purchase.order,7309,Status,RFQ,Purchase Order,2026-08-17 09:34:00,User 006
purchase.order,7310,Status,RFQ,Purchase Order,2026-09-27 07:33:00,User 021
purchase.order,7311,Status,RFQ,Purchase Order,2026-09-10 07:49:00,User 008
purchase.order,7312,Status,RFQ,Purchase Order,2026-09-16 05:09:00,User 021
purchase.order,7313,Status,RFQ,Purchase Order,2026-09-02 12:12:00,User 023
purchase.order,7314,Status,RFQ,Purchase Order,2026-09-22 06:28:00,User 039
purchase.order,7315,Status,RFQ,Purchase Order,2026-07-07 08:30:00,User 034
purchase.order,7316,Status,RFQ,Purchase Order,2026-09-06 09:38:00,User 013
purchase.order,7317,Status,RFQ,Purchase Order,2026-08-27 12:25:00,User 006
purchase.order,7318,Status,RFQ,Purchase Order,2026-07-29 12:14:00,User 040
purchase.order,7319,Status,RFQ,Purchase Order,2026-07-08 05:33:00,User 039
purchase.order,7320,Status,RFQ,Purchase Order,2026-07-14 13:09:00,User 015
purchase.order,7320,Receipt Date,,,2026-07-16 13:09:00,User 999
purchase.order,7321,Status,RFQ,Purchase Order,2026-09-24 09:24:00,User 022
purchase.order,7322,Status,RFQ,Purchase Order,2026-08-05 11:15:00,User 019
purchase.order,7323,Status,RFQ,Purchase Order,2026-07-16 12:15:00,User 021
purchase.order,7324,Status,RFQ,Purchase Order,2026-07-05 13:51:00,User 039
purchase.order,7325,Status,RFQ,Purchase Order,2026-07-29 06:03:00,User 008
purchase.order,7326,Status,RFQ,Purchase Order,2026-08-05 07:03:00,User 023
purchase.order,7327,Status,RFQ,Purchase Order,2026-08-06 11:15:00,User 021
purchase.order,7328,Status,RFQ,Purchase Order,2026-07-09 10:07:00,User 040
purchase.order,7329,Status,RFQ,Purchase Order,2026-08-19 11:46:00,User 022
purchase.order,7330,Status,RFQ,Purchase Order,2026-07-16 05:28:00,User 013
purchase.order,7331,Status,RFQ,Purchase Order,2026-07-09 11:08:00,User 019
purchase.order,7332,Status,RFQ,Purchase Order,2026-09-23 07:43:00,User 019
purchase.order,7333,Status,RFQ,Purchase Order,2026-08-18 11:26:00,User 024
purchase.order,7334,Status,RFQ,Purchase Order,2026-09-13 05:30:00,User 039
purchase.order,7335,Status,RFQ,Purchase Order,2026-07-15 12:40:00,User 024
purchase.order,7336,Status,RFQ,Purchase Order,2026-08-26 10:52:00,User 036
purchase.order,7337,Status,RFQ,Purchase Order,2026-08-17 11:17:00,User 024
purchase.order,7338,Status,RFQ,Purchase Order,2026-08-05 10:19:00,User 024
purchase.order,7339,Status,RFQ,Purchase Order,2026-07-26 05:21:00,User 013
purchase.order,7340,Status,RFQ,Purchase Order,2026-07-22 10:13:00,User 019
purchase.order,7341,Status,RFQ,Purchase Order,2026-07-19 08:00:00,User 022
purchase.order,7342,Status,RFQ,Purchase Order,2026-08-13 11:10:00,User 040
purchase.order,7343,Status,RFQ,Purchase Order,2026-07-02 05:32:00,User 013
purchase.order,7344,Status,RFQ,Purchase Order,2026-07-13 11:01:00,User 024
purchase.order,7345,Status,RFQ,Purchase Order,2026-07-02 10:04:00,User 040
purchase.order,7346,Status,RFQ,Purchase Order,2026-07-14 13:39:00,User 036
purchase.order,7347,Status,RFQ,Purchase Order,2026-09-07 10:49:00,User 015
purchase.order,7348,Status,RFQ,Purchase Order,2026-07-19 08:07:00,User 040
purchase.order,7349,Status,RFQ,Purchase Order,2026-09-09 10:21:00,User 020
purchase.order,7350,Status,RFQ,Purchase Order,2026-09-14 09:10:00,User 022
purchase.order,7351,Status,RFQ,Purchase Order,2026-09-16 05:28:00,User 039
purchase.order,7352,Status,RFQ,Purchase Order,2026-08-11 13:22:00,User 019
purchase.order,7353,Status,RFQ,Purchase Order,2026-07-28 08:32:00,User 024
purchase.order,7354,Status,RFQ,Purchase Order,2026-07-13 13:45:00,User 006
purchase.order,7355,Status,RFQ,Purchase Order,2026-07-29 09:53:00,User 021
purchase.order,7356,Status,RFQ,Purchase Order,2026-08-12 12:19:00,User 006
purchase.order,7357,Status,RFQ,Purchase Order,2026-08-12 10:35:00,User 020
purchase.order,7358,Status,RFQ,Purchase Order,2026-07-09 06:04:00,User 019
purchase.order,7359,Status,RFQ,Purchase Order,2026-09-16 13:46:00,User 015
purchase.order,7360,Status,RFQ,Purchase Order,2026-09-20 13:11:00,User 039
purchase.order,7360,Receipt Date,,,2026-09-22 13:11:00,User 999
purchase.order,7361,Status,RFQ,Purchase Order,2026-07-27 08:30:00,User 020
purchase.order,7362,Status,RFQ,Purchase Order,2026-07-22 08:44:00,User 036
purchase.order,7363,Status,RFQ,Purchase Order,2026-09-14 13:01:00,User 013
purchase.order,7364,Status,RFQ,Purchase Order,2026-07-20 08:32:00,User 021
purchase.order,7365,Status,RFQ,Purchase Order,2026-07-29 09:12:00,User 013
purchase.order,7366,Status,RFQ,Purchase Order,2026-08-09 09:37:00,User 036
purchase.order,7367,Status,RFQ,Purchase Order,2026-08-09 11:39:00,User 020
purchase.order,7368,Status,RFQ,Purchase Order,2026-09-09 06:38:00,User 039
purchase.order,7369,Status,RFQ,Purchase Order,2026-09-13 11:18:00,User 023
purchase.order,7370,Status,RFQ,Purchase Order,2026-08-27 12:50:00,User 015
purchase.order,7371,Status,RFQ,Purchase Order,2026-07-16 13:45:00,User 019
purchase.order,7372,Status,RFQ,Purchase Order,2026-08-17 10:20:00,User 024
purchase.order,7373,Status,RFQ,Purchase Order,2026-09-21 12:47:00,User 040
purchase.order,7374,Status,RFQ,Purchase Order,2026-08-31 10:06:00,User 039
purchase.order,7375,Status,RFQ,Purchase Order,2026-08-02 12:07:00,User 013
purchase.order,7376,Status,RFQ,Purchase Order,2026-07-12 07:29:00,User 036
purchase.order,7377,Status,RFQ,Purchase Order,2026-07-05 09:38:00,User 021
purchase.order,7378,Status,RFQ,Purchase Order,2026-08-24 10:48:00,User 039
purchase.order,7379,Status,RFQ,Purchase Order,2026-07-09 08:13:00,User 008
purchase.order,7380,Status,RFQ,Purchase Order,2026-07-30 06:54:00,User 039
purchase.order,7381,Status,RFQ,Purchase Order,2026-08-23 05:31:00,User 040
purchase.order,7382,Status,RFQ,Purchase Order,2026-09-07 09:14:00,User 015
purchase.order,7383,Status,RFQ,Purchase Order,2026-09-09 06:17:00,User 024
purchase.order,7384,Status,RFQ,Purchase Order,2026-07-07 08:10:00,User 019
purchase.order,7385,Status,RFQ,Purchase Order,2026-08-13 12:06:00,User 021
purchase.order,7386,Status,RFQ,Purchase Order,2026-07-14 09:31:00,User 040
purchase.order,7387,Status,RFQ,Purchase Order,2026-07-22 13:32:00,User 013
purchase.order,7388,Status,RFQ,Purchase Order,2026-09-15 08:21:00,User 013
purchase.order,7389,Status,RFQ,Purchase Order,2026-09-15 08:27:00,User 022
purchase.order,7390,Status,RFQ,Purchase Order,2026-09-08 13:56:00,User 036
purchase.order,7391,Status,RFQ,Purchase Order,2026-09-02 11:24:00,User 015
purchase.order,7392,Status,RFQ,Purchase Order,2026-08-04 06:05:00,User 019
purchase.order,7393,Status,RFQ,Purchase Order,2026-08-31 11:35:00,User 034
purchase.order,7394,Status,RFQ,Purchase Order,2026-07-16 05:52:00,User 023
purchase.order,7395,Status,RFQ,Purchase Order,2026-09-03 05:24:00,User 021
purchase.order,7396,Status,RFQ,Purchase Order,2026-09-13 11:49:00,User 006
purchase.order,7397,Status,RFQ,Purchase Order,2026-08-11 11:10:00,User 023
purchase.order,7398,Status,RFQ,Purchase Order,2026-07-20 05:49:00,User 020
purchase.order,7399,Status,RFQ,Purchase Order,2026-08-13 05:54:00,User 019
purchase.order,7400,Status,RFQ,Purchase Order,2026-08-13 13:52:00,User 015
purchase.order,7400,Receipt Date,,,2026-08-15 13:52:00,User 999
purchase.order,7401,Status,RFQ,Purchase Order,2026-08-11 07:35:00,User 034
purchase.order,7402,Status,RFQ,Purchase Order,2026-09-09 13:27:00,User 039
purchase.order,7403,Status,RFQ,Purchase Order,2026-08-13 06:30:00,User 020
purchase.order,7404,Status,RFQ,Purchase Order,2026-08-03 12:01:00,User 008
purchase.order,7405,Status,RFQ,Purchase Order,2026-08-05 08:02:00,User 019
purchase.order,7406,Status,RFQ,Purchase Order,2026-07-12 09:53:00,User 023
purchase.order,7407,Status,RFQ,Purchase Order,2026-09-23 10:56:00,User 021
purchase.order,7408,Status,RFQ,Purchase Order,2026-08-16 10:18:00,User 019
purchase.order,7409,Status,RFQ,Purchase Order,2026-09-30 05:45:00,User 034
purchase.order,7410,Status,RFQ,Purchase Order,2026-07-14 09:01:00,User 034
purchase.order,7411,Status,RFQ,Purchase Order,2026-09-28 09:10:00,User 040
purchase.order,7412,Status,RFQ,Purchase Order,2026-09-28 10:15:00,User 019
purchase.order,7413,Status,RFQ,Purchase Order,2026-08-04 06:52:00,User 008
purchase.order,7414,Status,RFQ,Purchase Order,2026-09-27 09:51:00,User 013
purchase.order,7415,Status,RFQ,Purchase Order,2026-08-16 12:41:00,User 020
purchase.order,7416,Status,RFQ,Purchase Order,2026-08-03 10:01:00,User 020
purchase.order,7417,Status,RFQ,Purchase Order,2026-07-21 06:54:00,User 034
purchase.order,7418,Status,RFQ,Purchase Order,2026-09-07 08:36:00,User 019
purchase.order,7419,Status,RFQ,Purchase Order,2026-07-01 07:58:00,User 008
purchase.order,7420,Status,RFQ,Purchase Order,2026-09-29 06:26:00,User 013
purchase.order,7421,Status,RFQ,Purchase Order,2026-09-15 06:28:00,User 006
purchase.order,7422,Status,RFQ,Purchase Order,2026-07-13 09:53:00,User 039
purchase.order,7423,Status,RFQ,Purchase Order,2026-08-24 11:20:00,User 013
purchase.order,7424,Status,RFQ,Purchase Order,2026-09-21 08:45:00,User 036
purchase.order,7425,Status,RFQ,Purchase Order,2026-08-24 05:30:00,User 020
purchase.order,7426,Status,RFQ,Purchase Order,2026-07-22 12:11:00,User 006
purchase.order,7427,Status,RFQ,Purchase Order,2026-07-30 11:04:00,User 034
purchase.order,7428,Status,RFQ,Purchase Order,2026-09-16 10:12:00,User 008
purchase.order,7429,Status,RFQ,Purchase Order,2026-07-09 10:10:00,User 024
purchase.order,7430,Status,RFQ,Purchase Order,2026-09-13 08:27:00,User 034
purchase.order,7431,Status,RFQ,Purchase Order,2026-09-28 13:34:00,User 036
purchase.order,7432,Status,RFQ,Purchase Order,2026-08-04 08:56:00,User 013
purchase.order,7433,Status,RFQ,Purchase Order,2026-08-04 10:04:00,User 022
purchase.order,7434,Status,RFQ,Purchase Order,2026-07-06 13:16:00,User 040
purchase.order,7435,Status,RFQ,Purchase Order,2026-09-16 10:18:00,User 034
purchase.order,7436,Status,RFQ,Purchase Order,2026-09-28 07:53:00,User 022
purchase.order,7437,Status,RFQ,Purchase Order,2026-09-08 07:18:00,User 006
purchase.order,7438,Status,RFQ,Purchase Order,2026-09-28 12:57:00,User 019
purchase.order,7439,Status,RFQ,Purchase Order,2026-09-08 08:20:00,User 015
purchase.order,7440,Status,RFQ,Purchase Order,2026-09-03 06:49:00,User 022
purchase.order,7440,Receipt Date,,,2026-09-05 06:49:00,User 999
purchase.order,7441,Status,RFQ,Purchase Order,2026-09-28 08:02:00,User 019
purchase.order,7442,Status,RFQ,Purchase Order,2026-07-28 06:23:00,User 006
purchase.order,7443,Status,RFQ,Purchase Order,2026-07-06 09:53:00,User 034
purchase.order,7444,Status,RFQ,Purchase Order,2026-07-21 10:09:00,User 021
purchase.order,7445,Status,RFQ,Purchase Order,2026-07-13 10:06:00,User 006
purchase.order,7446,Status,RFQ,Purchase Order,2026-09-23 05:48:00,User 015
purchase.order,7447,Status,RFQ,Purchase Order,2026-08-02 06:43:00,User 008
purchase.order,7448,Status,RFQ,Purchase Order,2026-09-29 05:40:00,User 015
purchase.order,7449,Status,RFQ,Purchase Order,2026-07-16 05:12:00,User 036
purchase.order,7450,Status,RFQ,Purchase Order,2026-07-06 12:24:00,User 034
purchase.order,7451,Status,RFQ,Purchase Order,2026-07-07 08:42:00,User 036
purchase.order,7452,Status,RFQ,Purchase Order,2026-09-02 07:52:00,User 034
purchase.order,7453,Status,RFQ,Purchase Order,2026-07-01 07:46:00,User 006
purchase.order,7454,Status,RFQ,Purchase Order,2026-07-01 13:42:00,User 021
purchase.order,7455,Status,RFQ,Purchase Order,2026-08-25 08:34:00,User 039
purchase.order,7456,Status,RFQ,Purchase Order,2026-09-15 12:10:00,User 019
purchase.order,7457,Status,RFQ,Purchase Order,2026-09-22 12:15:00,User 040
purchase.order,7458,Status,RFQ,Purchase Order,2026-09-20 13:41:00,User 034
purchase.order,7459,Status,RFQ,Purchase Order,2026-09-01 09:22:00,User 034
purchase.order,7460,Status,RFQ,Purchase Order,2026-09-22 10:32:00,User 015
purchase.order,7461,Status,RFQ,Purchase Order,2026-08-31 09:32:00,User 015
purchase.order,7462,Status,RFQ,Purchase Order,2026-08-23 06:36:00,User 008
purchase.order,7463,Status,RFQ,Purchase Order,2026-07-22 13:23:00,User 008
purchase.order,7464,Status,RFQ,Purchase Order,2026-09-21 08:28:00,User 015
purchase.order,7465,Status,RFQ,Purchase Order,2026-08-05 11:42:00,User 023
purchase.order,7466,Status,RFQ,Purchase Order,2026-07-26 10:42:00,User 022
purchase.order,7467,Status,RFQ,Purchase Order,2026-07-07 06:10:00,User 024
purchase.order,7468,Status,RFQ,Purchase Order,2026-09-10 13:31:00,User 008
purchase.order,7469,Status,RFQ,Purchase Order,2026-07-12 13:02:00,User 036
purchase.order,7470,Status,RFQ,Purchase Order,2026-08-25 05:50:00,User 022
purchase.order,7471,Status,RFQ,Purchase Order,2026-07-15 05:09:00,User 013
purchase.order,7472,Status,RFQ,Purchase Order,2026-09-01 07:16:00,User 015
purchase.order,7473,Status,RFQ,Purchase Order,2026-08-12 12:31:00,User 040
purchase.order,7474,Status,RFQ,Purchase Order,2026-08-02 12:21:00,User 021
purchase.order,7475,Status,RFQ,Purchase Order,2026-09-14 12:31:00,User 013
purchase.order,7476,Status,RFQ,Purchase Order,2026-09-15 05:58:00,User 023
purchase.order,7477,Status,RFQ,Purchase Order,2026-07-06 08:15:00,User 008
purchase.order,7478,Status,RFQ,Purchase Order,2026-07-16 10:36:00,User 040
purchase.order,7479,Status,RFQ,Purchase Order,2026-08-16 06:24:00,User 039
purchase.order,7480,Status,RFQ,Purchase Order,2026-09-17 08:14:00,User 021
purchase.order,7480,Receipt Date,,,2026-09-19 08:14:00,User 999
purchase.order,7481,Status,RFQ,Purchase Order,2026-09-17 11:22:00,User 040
purchase.order,7482,Status,RFQ,Purchase Order,2026-09-16 05:39:00,User 006
purchase.order,7483,Status,RFQ,Purchase Order,2026-08-18 08:06:00,User 034
purchase.order,7484,Status,RFQ,Purchase Order,2026-07-28 12:50:00,User 020
purchase.order,7485,Status,RFQ,Purchase Order,2026-09-13 06:29:00,User 023
purchase.order,7486,Status,RFQ,Purchase Order,2026-08-06 09:49:00,User 039
purchase.order,7487,Status,RFQ,Purchase Order,2026-07-27 08:45:00,User 020
purchase.order,7488,Status,RFQ,Purchase Order,2026-09-08 06:21:00,User 040
purchase.order,7489,Status,RFQ,Purchase Order,2026-07-16 07:53:00,User 015
purchase.order,7490,Status,RFQ,Purchase Order,2026-07-29 11:06:00,User 036
purchase.order,7491,Status,RFQ,Purchase Order,2026-07-27 11:07:00,User 036
purchase.order,7492,Status,RFQ,Purchase Order,2026-08-30 09:49:00,User 019
purchase.order,7493,Status,RFQ,Purchase Order,2026-08-30 05:59:00,User 036
purchase.order,7494,Status,RFQ,Purchase Order,2026-07-14 10:10:00,User 008
purchase.order,7495,Status,RFQ,Purchase Order,2026-09-20 05:25:00,User 006
purchase.order,7496,Status,RFQ,Purchase Order,2026-08-06 07:28:00,User 021
purchase.order,7497,Status,RFQ,Purchase Order,2026-08-19 12:17:00,User 015
purchase.order,7498,Status,RFQ,Purchase Order,2026-09-14 07:54:00,User 024
purchase.order,7499,Status,RFQ,Purchase Order,2026-08-18 08:37:00,User 021
purchase.order,7500,Status,RFQ,Purchase Order,2026-09-28 05:21:00,User 039
purchase.order,7501,Status,RFQ,Purchase Order,2026-09-21 06:49:00,User 020
purchase.order,7502,Status,RFQ,Purchase Order,2026-07-29 13:24:00,User 013
purchase.order,7503,Status,RFQ,Purchase Order,2026-08-16 06:16:00,User 024
purchase.order,7504,Status,RFQ,Purchase Order,2026-09-08 13:31:00,User 015
purchase.order,7505,Status,RFQ,Purchase Order,2026-09-27 07:13:00,User 036
purchase.order,7506,Status,RFQ,Purchase Order,2026-07-28 06:43:00,User 036
purchase.order,7507,Status,RFQ,Purchase Order,2026-07-27 05:30:00,User 013
purchase.order,7508,Status,RFQ,Purchase Order,2026-07-27 07:26:00,User 024
purchase.order,7509,Status,RFQ,Purchase Order,2026-09-14 10:58:00,User 021
purchase.order,7510,Status,RFQ,Purchase Order,2026-08-31 12:35:00,User 040
purchase.order,7511,Status,RFQ,Purchase Order,2026-08-02 11:41:00,User 020
purchase.order,7512,Status,RFQ,Purchase Order,2026-09-08 12:30:00,User 036
purchase.order,7513,Status,RFQ,Purchase Order,2026-07-14 13:24:00,User 036
purchase.order,7514,Status,RFQ,Purchase Order,2026-08-19 13:30:00,User 020
purchase.order,7515,Status,RFQ,Purchase Order,2026-08-24 12:54:00,User 013
purchase.order,7516,Status,RFQ,Purchase Order,2026-08-06 12:31:00,User 022
purchase.order,7517,Status,RFQ,Purchase Order,2026-07-02 10:54:00,User 008
purchase.order,7518,Status,RFQ,Purchase Order,2026-09-13 10:28:00,User 040
purchase.order,7519,Status,RFQ,Purchase Order,2026-07-29 09:20:00,User 019
purchase.order,7520,Status,RFQ,Purchase Order,2026-07-07 13:11:00,User 039
purchase.order,7520,Receipt Date,,,2026-07-09 13:11:00,User 999
purchase.order,7521,Status,RFQ,Purchase Order,2026-09-09 12:14:00,User 021
purchase.order,7522,Status,RFQ,Purchase Order,2026-09-02 07:03:00,User 006
purchase.order,7523,Status,RFQ,Purchase Order,2026-09-28 09:20:00,User 036
purchase.order,7524,Status,RFQ,Purchase Order,2026-07-05 08:53:00,User 013
purchase.order,7525,Status,RFQ,Purchase Order,2026-09-30 08:40:00,User 034
purchase.order,7526,Status,RFQ,Purchase Order,2026-09-30 13:22:00,User 039
purchase.order,7527,Status,RFQ,Purchase Order,2026-08-06 06:30:00,User 024
purchase.order,7528,Status,RFQ,Purchase Order,2026-07-26 08:12:00,User 015
purchase.order,7529,Status,RFQ,Purchase Order,2026-07-16 13:03:00,User 024
purchase.order,7530,Status,RFQ,Purchase Order,2026-08-05 07:15:00,User 034
purchase.order,7531,Status,RFQ,Purchase Order,2026-09-17 10:25:00,User 020
purchase.order,7532,Status,RFQ,Purchase Order,2026-07-29 05:37:00,User 020
purchase.order,7533,Status,RFQ,Purchase Order,2026-08-10 13:03:00,User 015
purchase.order,7534,Status,RFQ,Purchase Order,2026-09-09 08:32:00,User 020
purchase.order,7535,Status,RFQ,Purchase Order,2026-08-10 12:14:00,User 040
purchase.order,7536,Status,RFQ,Purchase Order,2026-09-02 12:15:00,User 020
purchase.order,7537,Status,RFQ,Purchase Order,2026-09-29 08:38:00,User 022
purchase.order,7538,Status,RFQ,Purchase Order,2026-08-30 10:13:00,User 015
purchase.order,7539,Status,RFQ,Purchase Order,2026-07-16 07:25:00,User 013
purchase.order,7540,Status,RFQ,Purchase Order,2026-07-22 12:44:00,User 024
purchase.order,7541,Status,RFQ,Purchase Order,2026-08-24 08:03:00,User 040
purchase.order,7542,Status,RFQ,Purchase Order,2026-08-16 09:52:00,User 022
purchase.order,7543,Status,RFQ,Purchase Order,2026-08-26 11:19:00,User 034
purchase.order,7544,Status,RFQ,Purchase Order,2026-07-09 11:28:00,User 006
purchase.order,7545,Status,RFQ,Purchase Order,2026-08-03 12:00:00,User 034
purchase.order,7546,Status,RFQ,Purchase Order,2026-09-17 06:36:00,User 040
purchase.order,7547,Status,RFQ,Purchase Order,2026-08-11 06:16:00,User 036
purchase.order,7548,Status,RFQ,Purchase Order,2026-07-29 12:15:00,User 006
purchase.order,7549,Status,RFQ,Purchase Order,2026-09-10 09:13:00,User 021
purchase.order,7550,Status,RFQ,Purchase Order,2026-07-21 12:55:00,User 039
purchase.order,7551,Status,RFQ,Purchase Order,2026-08-17 08:06:00,User 039
purchase.order,7552,Status,RFQ,Purchase Order,2026-09-20 06:06:00,User 023
purchase.order,7553,Status,RFQ,Purchase Order,2026-09-28 05:12:00,User 024
purchase.order,7554,Status,RFQ,Purchase Order,2026-09-20 06:33:00,User 022
purchase.order,7555,Status,RFQ,Purchase Order,2026-08-02 07:09:00,User 022
purchase.order,7556,Status,RFQ,Purchase Order,2026-09-22 08:18:00,User 023
purchase.order,7557,Status,RFQ,Purchase Order,2026-07-27 09:52:00,User 006
purchase.order,7558,Status,RFQ,Purchase Order,2026-09-01 09:18:00,User 024
purchase.order,7559,Status,RFQ,Purchase Order,2026-07-09 13:02:00,User 021
purchase.order,7560,Status,RFQ,Purchase Order,2026-08-06 11:38:00,User 036
purchase.order,7560,Receipt Date,,,2026-08-08 11:38:00,User 999
purchase.order,7561,Status,RFQ,Purchase Order,2026-09-17 13:59:00,User 040
purchase.order,7562,Status,RFQ,Purchase Order,2026-09-16 09:55:00,User 040
purchase.order,7563,Status,RFQ,Purchase Order,2026-08-12 11:18:00,User 022
purchase.order,7564,Status,RFQ,Purchase Order,2026-08-19 13:54:00,User 008
purchase.order,7565,Status,RFQ,Purchase Order,2026-09-06 06:00:00,User 040
purchase.order,7566,Status,RFQ,Purchase Order,2026-09-21 13:37:00,User 040
purchase.order,7567,Status,RFQ,Purchase Order,2026-07-20 07:43:00,User 024
purchase.order,7568,Status,RFQ,Purchase Order,2026-07-29 11:22:00,User 006
purchase.order,7569,Status,RFQ,Purchase Order,2026-08-25 13:49:00,User 021
purchase.order,7570,Status,RFQ,Purchase Order,2026-07-22 12:27:00,User 034
purchase.order,7571,Status,RFQ,Purchase Order,2026-07-06 13:51:00,User 019
purchase.order,7572,Status,RFQ,Purchase Order,2026-07-21 10:34:00,User 022
purchase.order,7573,Status,RFQ,Purchase Order,2026-07-08 07:39:00,User 036
purchase.order,7574,Status,RFQ,Purchase Order,2026-09-30 05:11:00,User 036
purchase.order,7575,Status,RFQ,Purchase Order,2026-08-24 10:17:00,User 013
purchase.order,7576,Status,RFQ,Purchase Order,2026-07-12 13:37:00,User 039
purchase.order,7577,Status,RFQ,Purchase Order,2026-07-16 08:38:00,User 036
purchase.order,7578,Status,RFQ,Purchase Order,2026-08-06 12:53:00,User 013
purchase.order,7579,Status,RFQ,Purchase Order,2026-09-20 08:49:00,User 024
purchase.order,7580,Status,RFQ,Purchase Order,2026-09-15 10:23:00,User 006
purchase.order,7581,Status,RFQ,Purchase Order,2026-09-16 10:57:00,User 040
purchase.order,7582,Status,RFQ,Purchase Order,2026-08-19 09:43:00,User 020
purchase.order,7583,Status,RFQ,Purchase Order,2026-08-20 11:34:00,User 006
purchase.order,7584,Status,RFQ,Purchase Order,2026-07-05 08:18:00,User 039
purchase.order,7585,Status,RFQ,Purchase Order,2026-07-22 13:40:00,User 021
purchase.order,7586,Status,RFQ,Purchase Order,2026-07-30 08:37:00,User 023
purchase.order,7587,Status,RFQ,Purchase Order,2026-09-08 05:16:00,User 022
purchase.order,7588,Status,RFQ,Purchase Order,2026-08-03 11:16:00,User 039
purchase.order,7589,Status,RFQ,Purchase Order,2026-07-23 11:08:00,User 006
purchase.order,7590,Status,RFQ,Purchase Order,2026-07-08 11:28:00,User 039
purchase.order,7591,Status,RFQ,Purchase Order,2026-09-07 06:30:00,User 006
purchase.order,7592,Status,RFQ,Purchase Order,2026-08-11 08:33:00,User 015
purchase.order,7593,Status,RFQ,Purchase Order,2026-09-30 08:43:00,User 023
purchase.order,7594,Status,RFQ,Purchase Order,2026-09-28 05:16:00,User 015
purchase.order,7595,Status,RFQ,Purchase Order,2026-09-07 09:04:00,User 040
purchase.order,7596,Status,RFQ,Purchase Order,2026-07-22 13:01:00,User 022
purchase.order,7597,Status,RFQ,Purchase Order,2026-07-27 13:39:00,User 036
purchase.order,7598,Status,RFQ,Purchase Order,2026-09-14 10:46:00,User 019
purchase.order,7599,Status,RFQ,Purchase Order,2026-07-14 06:16:00,User 019
purchase.order,7600,Status,RFQ,Purchase Order,2026-09-08 12:26:00,User 006
purchase.order,7600,Receipt Date,,,2026-09-10 12:26:00,User 999
purchase.order,7601,Status,RFQ,Purchase Order,2026-07-22 06:35:00,User 019
purchase.order,7602,Status,RFQ,Purchase Order,2026-09-17 10:45:00,User 039
purchase.order,7603,Status,RFQ,Purchase Order,2026-07-27 12:32:00,User 024
purchase.order,7604,Status,RFQ,Purchase Order,2026-09-09 11:38:00,User 021
purchase.order,7605,Status,RFQ,Purchase Order,2026-09-20 13:32:00,User 019
purchase.order,7606,Status,RFQ,Purchase Order,2026-09-23 12:02:00,User 019
purchase.order,7607,Status,RFQ,Purchase Order,2026-08-05 07:58:00,User 013
purchase.order,7608,Status,RFQ,Purchase Order,2026-07-14 09:22:00,User 024
purchase.order,7609,Status,RFQ,Purchase Order,2026-09-01 08:25:00,User 008
purchase.order,7610,Status,RFQ,Purchase Order,2026-09-15 06:04:00,User 020
purchase.order,7611,Status,RFQ,Purchase Order,2026-09-03 07:26:00,User 015
purchase.order,7612,Status,RFQ,Purchase Order,2026-08-03 13:25:00,User 040
purchase.order,7613,Status,RFQ,Purchase Order,2026-08-02 13:47:00,User 008
purchase.order,7614,Status,RFQ,Purchase Order,2026-09-03 11:12:00,User 015
purchase.order,7615,Status,RFQ,Purchase Order,2026-09-10 08:14:00,User 008
purchase.order,7616,Status,RFQ,Purchase Order,2026-07-23 12:24:00,User 039
purchase.order,7617,Status,RFQ,Purchase Order,2026-07-05 06:23:00,User 020
purchase.order,7618,Status,RFQ,Purchase Order,2026-07-12 10:13:00,User 023
purchase.order,7619,Status,RFQ,Purchase Order,2026-08-31 13:02:00,User 006
purchase.order,7620,Status,RFQ,Purchase Order,2026-07-20 13:29:00,User 008
purchase.order,7621,Status,RFQ,Purchase Order,2026-08-31 10:11:00,User 013
purchase.order,7622,Status,RFQ,Purchase Order,2026-07-06 08:36:00,User 034
purchase.order,7623,Status,RFQ,Purchase Order,2026-08-12 10:11:00,User 013
purchase.order,7624,Status,RFQ,Purchase Order,2026-09-24 08:12:00,User 040
purchase.order,7625,Status,RFQ,Purchase Order,2026-07-02 06:16:00,User 040
purchase.order,7626,Status,RFQ,Purchase Order,2026-07-27 12:13:00,User 021
purchase.order,7627,Status,RFQ,Purchase Order,2026-07-20 05:14:00,User 039
purchase.order,7628,Status,RFQ,Purchase Order,2026-07-14 05:05:00,User 020
purchase.order,7629,Status,RFQ,Purchase Order,2026-08-23 05:46:00,User 013
purchase.order,7630,Status,RFQ,Purchase Order,2026-09-30 05:22:00,User 036
purchase.order,7631,Status,RFQ,Purchase Order,2026-08-10 09:50:00,User 036
purchase.order,7632,Status,RFQ,Purchase Order,2026-08-31 11:05:00,User 015
purchase.order,7633,Status,RFQ,Purchase Order,2026-07-14 06:07:00,User 020
purchase.order,7634,Status,RFQ,Purchase Order,2026-09-21 10:04:00,User 015
purchase.order,7635,Status,RFQ,Purchase Order,2026-07-29 12:19:00,User 006
purchase.order,7636,Status,RFQ,Purchase Order,2026-07-02 05:11:00,User 036
purchase.order,7637,Status,RFQ,Purchase Order,2026-07-06 05:22:00,User 034
purchase.order,7638,Status,RFQ,Purchase Order,2026-08-06 06:27:00,User 015
purchase.order,7639,Status,RFQ,Purchase Order,2026-07-09 08:56:00,User 039
purchase.order,7640,Status,RFQ,Purchase Order,2026-08-05 08:27:00,User 013
purchase.order,7640,Receipt Date,,,2026-08-07 08:27:00,User 999
purchase.order,7641,Status,RFQ,Purchase Order,2026-07-16 11:46:00,User 020
purchase.order,7642,Status,RFQ,Purchase Order,2026-07-29 08:54:00,User 013
purchase.order,7643,Status,RFQ,Purchase Order,2026-08-11 12:01:00,User 024
purchase.order,7644,Status,RFQ,Purchase Order,2026-09-03 08:41:00,User 024
purchase.order,7645,Status,RFQ,Purchase Order,2026-07-21 12:02:00,User 015
purchase.order,7646,Status,RFQ,Purchase Order,2026-08-04 08:09:00,User 008
purchase.order,7647,Status,RFQ,Purchase Order,2026-07-19 12:56:00,User 015
purchase.order,7648,Status,RFQ,Purchase Order,2026-09-28 09:32:00,User 022
purchase.order,7649,Status,RFQ,Purchase Order,2026-09-23 10:05:00,User 008
purchase.order,7650,Status,RFQ,Purchase Order,2026-08-16 07:03:00,User 034
purchase.order,7651,Status,RFQ,Purchase Order,2026-08-02 07:34:00,User 021
purchase.order,7652,Status,RFQ,Purchase Order,2026-08-27 13:25:00,User 022
purchase.order,7653,Status,RFQ,Purchase Order,2026-08-30 09:25:00,User 019
purchase.order,7654,Status,RFQ,Purchase Order,2026-07-05 13:24:00,User 019
purchase.order,7655,Status,RFQ,Purchase Order,2026-08-13 09:47:00,User 020
purchase.order,7656,Status,RFQ,Purchase Order,2026-09-28 12:41:00,User 021
purchase.order,7657,Status,RFQ,Purchase Order,2026-09-23 10:13:00,User 039
purchase.order,7658,Status,RFQ,Purchase Order,2026-09-03 12:23:00,User 040
purchase.order,7659,Status,RFQ,Purchase Order,2026-09-22 06:57:00,User 015
purchase.order,7660,Status,RFQ,Purchase Order,2026-07-06 11:22:00,User 013
purchase.order,7661,Status,RFQ,Purchase Order,2026-09-27 12:44:00,User 023
purchase.order,7662,Status,RFQ,Purchase Order,2026-07-28 09:42:00,User 013
purchase.order,7663,Status,RFQ,Purchase Order,2026-07-01 07:54:00,User 021
purchase.order,7664,Status,RFQ,Purchase Order,2026-09-20 06:16:00,User 020
purchase.order,7665,Status,RFQ,Purchase Order,2026-08-16 08:14:00,User 023
purchase.order,7666,Status,RFQ,Purchase Order,2026-08-11 06:22:00,User 036
purchase.order,7667,Status,RFQ,Purchase Order,2026-07-02 08:07:00,User 006
purchase.order,7668,Status,RFQ,Purchase Order,2026-08-23 08:41:00,User 019
purchase.order,7669,Status,RFQ,Purchase Order,2026-08-31 05:29:00,User 024
purchase.order,7670,Status,RFQ,Purchase Order,2026-07-26 11:53:00,User 022
purchase.order,7671,Status,RFQ,Purchase Order,2026-09-17 07:34:00,User 015
purchase.order,7672,Status,RFQ,Purchase Order,2026-09-10 07:03:00,User 020
purchase.order,7673,Status,RFQ,Purchase Order,2026-08-02 13:20:00,User 034
purchase.order,7674,Status,RFQ,Purchase Order,2026-08-26 08:19:00,User 021
purchase.order,7675,Status,RFQ,Purchase Order,2026-07-23 06:23:00,User 013
purchase.order,7676,Status,RFQ,Purchase Order,2026-07-16 12:35:00,User 040
purchase.order,7677,Status,RFQ,Purchase Order,2026-08-27 07:53:00,User 019
purchase.order,7678,Status,RFQ,Purchase Order,2026-07-15 06:39:00,User 022
purchase.order,7679,Status,RFQ,Purchase Order,2026-08-24 11:57:00,User 008
purchase.order,7680,Status,RFQ,Purchase Order,2026-09-07 06:06:00,User 034
purchase.order,7680,Receipt Date,,,2026-09-09 06:06:00,User 999
purchase.order,7681,Status,RFQ,Purchase Order,2026-08-30 09:56:00,User 021
purchase.order,7682,Status,RFQ,Purchase Order,2026-09-21 05:07:00,User 015
purchase.order,7683,Status,RFQ,Purchase Order,2026-07-15 12:36:00,User 013
purchase.order,7684,Status,RFQ,Purchase Order,2026-09-17 13:41:00,User 034
purchase.order,7685,Status,RFQ,Purchase Order,2026-08-04 13:51:00,User 023
purchase.order,7686,Status,RFQ,Purchase Order,2026-07-30 07:07:00,User 021
purchase.order,7687,Status,RFQ,Purchase Order,2026-08-31 12:34:00,User 024
purchase.order,7688,Status,RFQ,Purchase Order,2026-09-07 10:52:00,User 020
purchase.order,7689,Status,RFQ,Purchase Order,2026-08-23 06:24:00,User 023
purchase.order,7690,Status,RFQ,Purchase Order,2026-07-26 11:17:00,User 039
purchase.order,7691,Status,RFQ,Purchase Order,2026-08-26 07:08:00,User 039
purchase.order,7692,Status,RFQ,Purchase Order,2026-07-20 08:13:00,User 023
purchase.order,7693,Status,RFQ,Purchase Order,2026-07-30 05:19:00,User 015
purchase.order,7694,Status,RFQ,Purchase Order,2026-07-01 07:50:00,User 021
purchase.order,7695,Status,RFQ,Purchase Order,2026-08-18 10:36:00,User 019
purchase.order,7696,Status,RFQ,Purchase Order,2026-09-10 05:21:00,User 040
purchase.order,7697,Status,RFQ,Purchase Order,2026-08-09 06:35:00,User 023
purchase.order,7698,Status,RFQ,Purchase Order,2026-09-17 10:45:00,User 008
purchase.order,7699,Status,RFQ,Purchase Order,2026-07-16 05:49:00,User 036
purchase.order,7700,Status,RFQ,Purchase Order,2026-08-05 10:27:00,User 034
purchase.order,7701,Status,RFQ,Purchase Order,2026-09-23 05:55:00,User 006
purchase.order,7702,Status,RFQ,Purchase Order,2026-09-07 07:04:00,User 015
purchase.order,7703,Status,RFQ,Purchase Order,2026-08-25 06:11:00,User 040
purchase.order,7704,Status,RFQ,Purchase Order,2026-07-23 07:04:00,User 021
purchase.order,7705,Status,RFQ,Purchase Order,2026-09-07 11:45:00,User 021
purchase.order,7706,Status,RFQ,Purchase Order,2026-07-27 09:46:00,User 006
purchase.order,7707,Status,RFQ,Purchase Order,2026-09-15 09:41:00,User 036
purchase.order,7708,Status,RFQ,Purchase Order,2026-08-31 12:37:00,User 040
purchase.order,7709,Status,RFQ,Purchase Order,2026-07-06 10:55:00,User 039
purchase.order,7710,Status,RFQ,Purchase Order,2026-09-15 07:51:00,User 022
purchase.order,7711,Status,RFQ,Purchase Order,2026-09-10 05:13:00,User 006
purchase.order,7712,Status,RFQ,Purchase Order,2026-08-18 08:00:00,User 040
purchase.order,7713,Status,RFQ,Purchase Order,2026-08-19 11:01:00,User 024
purchase.order,7714,Status,RFQ,Purchase Order,2026-07-12 07:43:00,User 034
purchase.order,7715,Status,RFQ,Purchase Order,2026-08-30 06:26:00,User 020
purchase.order,7716,Status,RFQ,Purchase Order,2026-08-30 12:00:00,User 034
purchase.order,7717,Status,RFQ,Purchase Order,2026-07-15 07:34:00,User 024
purchase.order,7718,Status,RFQ,Purchase Order,2026-07-30 06:02:00,User 006
purchase.order,7719,Status,RFQ,Purchase Order,2026-07-20 13:54:00,User 022
purchase.order,7720,Status,RFQ,Purchase Order,2026-08-02 06:38:00,User 006
purchase.order,7720,Receipt Date,,,2026-08-04 06:38:00,User 999
purchase.order,7721,Status,RFQ,Purchase Order,2026-09-22 08:09:00,User 013
purchase.order,7722,Status,RFQ,Purchase Order,2026-07-20 05:27:00,User 036
purchase.order,7723,Status,RFQ,Purchase Order,2026-09-22 08:52:00,User 022
purchase.order,7724,Status,RFQ,Purchase Order,2026-09-10 08:36:00,User 021
purchase.order,7725,Status,RFQ,Purchase Order,2026-07-22 05:53:00,User 024
purchase.order,7726,Status,RFQ,Purchase Order,2026-07-26 11:37:00,User 040
purchase.order,7727,Status,RFQ,Purchase Order,2026-07-16 05:55:00,User 036
purchase.order,7728,Status,RFQ,Purchase Order,2026-07-16 10:05:00,User 021
purchase.order,7729,Status,RFQ,Purchase Order,2026-08-10 05:53:00,User 023
purchase.order,7730,Status,RFQ,Purchase Order,2026-09-06 13:33:00,User 015
purchase.order,7731,Status,RFQ,Purchase Order,2026-09-15 08:41:00,User 039
purchase.order,7732,Status,RFQ,Purchase Order,2026-08-06 12:51:00,User 040
purchase.order,7733,Status,RFQ,Purchase Order,2026-09-15 10:08:00,User 034
purchase.order,7734,Status,RFQ,Purchase Order,2026-08-30 13:49:00,User 020
purchase.order,7735,Status,RFQ,Purchase Order,2026-08-09 06:19:00,User 008
purchase.order,7736,Status,RFQ,Purchase Order,2026-09-03 11:45:00,User 013
purchase.order,7737,Status,RFQ,Purchase Order,2026-07-12 07:23:00,User 008
purchase.order,7738,Status,RFQ,Purchase Order,2026-07-13 05:13:00,User 024
purchase.order,7739,Status,RFQ,Purchase Order,2026-07-26 07:52:00,User 008
purchase.order,7740,Status,RFQ,Purchase Order,2026-07-14 08:17:00,User 040
purchase.order,7741,Status,RFQ,Purchase Order,2026-07-27 11:29:00,User 039
purchase.order,7742,Status,RFQ,Purchase Order,2026-09-21 07:12:00,User 024
purchase.order,7743,Status,RFQ,Purchase Order,2026-07-13 12:59:00,User 015
purchase.order,7744,Status,RFQ,Purchase Order,2026-09-02 13:41:00,User 020
purchase.order,7745,Status,RFQ,Purchase Order,2026-09-13 08:43:00,User 034
purchase.order,7746,Status,RFQ,Purchase Order,2026-07-05 05:21:00,User 023
purchase.order,7747,Status,RFQ,Purchase Order,2026-08-19 11:52:00,User 021
purchase.order,7748,Status,RFQ,Purchase Order,2026-08-18 13:44:00,User 040
purchase.order,7749,Status,RFQ,Purchase Order,2026-07-05 09:17:00,User 008
purchase.order,7750,Status,RFQ,Purchase Order,2026-08-09 11:32:00,User 024
purchase.order,7751,Status,RFQ,Purchase Order,2026-09-01 13:39:00,User 040
purchase.order,7752,Status,RFQ,Purchase Order,2026-09-28 08:13:00,User 019
purchase.order,7753,Status,RFQ,Purchase Order,2026-08-11 13:51:00,User 015
purchase.order,7754,Status,RFQ,Purchase Order,2026-07-02 11:55:00,User 036
purchase.order,7755,Status,RFQ,Purchase Order,2026-09-07 07:39:00,User 019
purchase.order,7756,Status,RFQ,Purchase Order,2026-09-29 08:37:00,User 022
purchase.order,7757,Status,RFQ,Purchase Order,2026-09-20 12:01:00,User 024
purchase.order,7758,Status,RFQ,Purchase Order,2026-09-17 05:43:00,User 036
purchase.order,7759,Status,RFQ,Purchase Order,2026-07-06 11:08:00,User 015
purchase.order,7760,Status,RFQ,Purchase Order,2026-08-12 06:27:00,User 019
purchase.order,7760,Receipt Date,,,2026-08-14 06:27:00,User 999
purchase.order,7761,Status,RFQ,Purchase Order,2026-09-14 08:59:00,User 020
purchase.order,7762,Status,RFQ,Purchase Order,2026-09-10 12:47:00,User 022
purchase.order,7763,Status,RFQ,Purchase Order,2026-07-09 07:52:00,User 040
purchase.order,7764,Status,RFQ,Purchase Order,2026-07-21 08:09:00,User 023
purchase.order,7765,Status,RFQ,Purchase Order,2026-08-04 08:08:00,User 021
purchase.order,7766,Status,RFQ,Purchase Order,2026-09-24 13:32:00,User 036
purchase.order,7767,Status,RFQ,Purchase Order,2026-07-27 11:47:00,User 036
purchase.order,7768,Status,RFQ,Purchase Order,2026-09-15 08:36:00,User 006
purchase.order,7769,Status,RFQ,Purchase Order,2026-08-25 10:54:00,User 036
purchase.order,7770,Status,RFQ,Purchase Order,2026-07-16 12:25:00,User 015
purchase.order,7771,Status,RFQ,Purchase Order,2026-08-03 05:17:00,User 008
purchase.order,7772,Status,RFQ,Purchase Order,2026-07-16 11:41:00,User 015
purchase.order,7773,Status,RFQ,Purchase Order,2026-09-03 09:21:00,User 036
purchase.order,7774,Status,RFQ,Purchase Order,2026-07-26 13:39:00,User 019
purchase.order,7775,Status,RFQ,Purchase Order,2026-09-03 06:30:00,User 021
purchase.order,7776,Status,RFQ,Purchase Order,2026-08-17 09:07:00,User 036
purchase.order,7777,Status,RFQ,Purchase Order,2026-09-22 09:10:00,User 013
purchase.order,7778,Status,RFQ,Purchase Order,2026-07-06 08:19:00,User 013
purchase.order,7779,Status,RFQ,Purchase Order,2026-08-17 09:46:00,User 013
purchase.order,7780,Status,RFQ,Purchase Order,2026-07-02 10:12:00,User 019
purchase.order,7781,Status,RFQ,Purchase Order,2026-08-27 11:03:00,User 021
purchase.order,7782,Status,RFQ,Purchase Order,2026-09-02 09:50:00,User 036
purchase.order,7783,Status,RFQ,Purchase Order,2026-07-16 06:03:00,User 024
purchase.order,7784,Status,RFQ,Purchase Order,2026-07-22 05:36:00,User 036
purchase.order,7785,Status,RFQ,Purchase Order,2026-09-03 07:05:00,User 013
purchase.order,7786,Status,RFQ,Purchase Order,2026-09-21 09:11:00,User 036
purchase.order,7787,Status,RFQ,Purchase Order,2026-07-09 06:08:00,User 021
purchase.order,7788,Status,RFQ,Purchase Order,2026-08-09 05:55:00,User 013
purchase.order,7789,Status,RFQ,Purchase Order,2026-08-05 13:40:00,User 019
purchase.order,7790,Status,RFQ,Purchase Order,2026-09-06 07:15:00,User 006
purchase.order,7791,Status,RFQ,Purchase Order,2026-08-03 12:06:00,User 023
purchase.order,7792,Status,RFQ,Purchase Order,2026-08-30 13:41:00,User 040
purchase.order,7793,Status,RFQ,Purchase Order,2026-09-23 07:54:00,User 006
purchase.order,7794,Status,RFQ,Purchase Order,2026-08-04 08:25:00,User 022
purchase.order,7795,Status,RFQ,Purchase Order,2026-08-17 06:36:00,User 006
purchase.order,7796,Status,RFQ,Purchase Order,2026-08-23 13:18:00,User 036
purchase.order,7797,Status,RFQ,Purchase Order,2026-08-02 09:16:00,User 006
purchase.order,7798,Status,RFQ,Purchase Order,2026-09-21 09:16:00,User 020
purchase.order,7799,Status,RFQ,Purchase Order,2026-08-20 13:42:00,User 039
purchase.order,7800,Status,RFQ,Purchase Order,2026-08-18 06:20:00,User 034
purchase.order,7800,Receipt Date,,,2026-08-20 06:20:00,User 999
purchase.order,7801,Status,RFQ,Purchase Order,2026-07-26 09:55:00,User 039
purchase.order,7802,Status,RFQ,Purchase Order,2026-08-30 10:02:00,User 019
purchase.order,7803,Status,RFQ,Purchase Order,2026-08-25 11:12:00,User 024
purchase.order,7804,Status,RFQ,Purchase Order,2026-08-19 10:45:00,User 013
purchase.order,7805,Status,RFQ,Purchase Order,2026-09-27 06:32:00,User 040
purchase.order,7806,Status,RFQ,Purchase Order,2026-09-16 10:03:00,User 039
purchase.order,7807,Status,RFQ,Purchase Order,2026-08-06 08:03:00,User 036
purchase.order,7808,Status,RFQ,Purchase Order,2026-07-15 11:19:00,User 008
purchase.order,7809,Status,RFQ,Purchase Order,2026-09-14 12:42:00,User 039
purchase.order,7810,Status,RFQ,Purchase Order,2026-08-09 09:50:00,User 036
purchase.order,7811,Status,RFQ,Purchase Order,2026-08-10 06:34:00,User 036
purchase.order,7812,Status,RFQ,Purchase Order,2026-07-08 09:12:00,User 021
purchase.order,7813,Status,RFQ,Purchase Order,2026-07-20 10:00:00,User 006
purchase.order,7814,Status,RFQ,Purchase Order,2026-08-18 11:09:00,User 008
purchase.order,7815,Status,RFQ,Purchase Order,2026-08-02 08:42:00,User 015
purchase.order,7816,Status,RFQ,Purchase Order,2026-07-20 08:58:00,User 021
purchase.order,7817,Status,RFQ,Purchase Order,2026-08-13 08:42:00,User 008
purchase.order,7818,Status,RFQ,Purchase Order,2026-08-23 09:31:00,User 039
purchase.order,7819,Status,RFQ,Purchase Order,2026-07-28 10:18:00,User 034
purchase.order,7820,Status,RFQ,Purchase Order,2026-09-08 08:17:00,User 019
purchase.order,7821,Status,RFQ,Purchase Order,2026-09-02 11:41:00,User 036
purchase.order,7822,Status,RFQ,Purchase Order,2026-08-27 07:01:00,User 013
purchase.order,7823,Status,RFQ,Purchase Order,2026-07-02 05:54:00,User 013
purchase.order,7824,Status,RFQ,Purchase Order,2026-08-16 10:20:00,User 020
purchase.order,7825,Status,RFQ,Purchase Order,2026-08-09 09:30:00,User 036
purchase.order,7826,Status,RFQ,Purchase Order,2026-07-30 05:35:00,User 015
purchase.order,7827,Status,RFQ,Purchase Order,2026-09-20 13:32:00,User 024
purchase.order,7828,Status,RFQ,Purchase Order,2026-09-21 09:42:00,User 008
purchase.order,7829,Status,RFQ,Purchase Order,2026-09-27 07:16:00,User 024
purchase.order,7830,Status,RFQ,Purchase Order,2026-07-26 09:13:00,User 034
purchase.order,7831,Status,RFQ,Purchase Order,2026-08-09 10:34:00,User 024
purchase.order,7832,Status,RFQ,Purchase Order,2026-09-28 06:51:00,User 036
purchase.order,7833,Status,RFQ,Purchase Order,2026-09-07 06:06:00,User 020
purchase.order,7834,Status,RFQ,Purchase Order,2026-07-27 09:31:00,User 040
purchase.order,7835,Status,RFQ,Purchase Order,2026-07-09 09:50:00,User 019
purchase.order,7836,Status,RFQ,Purchase Order,2026-08-26 09:00:00,User 019
purchase.order,7837,Status,RFQ,Purchase Order,2026-09-14 10:35:00,User 040
purchase.order,7838,Status,RFQ,Purchase Order,2026-09-30 07:26:00,User 024
purchase.order,7839,Status,RFQ,Purchase Order,2026-07-08 11:59:00,User 036
purchase.order,7840,Status,RFQ,Purchase Order,2026-07-12 10:08:00,User 019
purchase.order,7840,Receipt Date,,,2026-07-14 10:08:00,User 999
purchase.order,7841,Status,RFQ,Purchase Order,2026-09-27 13:06:00,User 019
purchase.order,7842,Status,RFQ,Purchase Order,2026-09-13 06:44:00,User 034
purchase.order,7843,Status,RFQ,Purchase Order,2026-08-17 08:18:00,User 019
purchase.order,7844,Status,RFQ,Purchase Order,2026-07-19 09:14:00,User 020
purchase.order,7845,Status,RFQ,Purchase Order,2026-07-13 11:51:00,User 023
purchase.order,7846,Status,RFQ,Purchase Order,2026-07-01 05:50:00,User 021
purchase.order,7847,Status,RFQ,Purchase Order,2026-07-02 07:45:00,User 022
purchase.order,7848,Status,RFQ,Purchase Order,2026-08-02 07:39:00,User 019
purchase.order,7849,Status,RFQ,Purchase Order,2026-09-17 07:44:00,User 022
purchase.order,7850,Status,RFQ,Purchase Order,2026-07-28 10:55:00,User 019
purchase.order,7851,Status,RFQ,Purchase Order,2026-08-27 08:48:00,User 006
purchase.order,7852,Status,RFQ,Purchase Order,2026-07-30 12:28:00,User 022
purchase.order,7853,Status,RFQ,Purchase Order,2026-08-06 06:51:00,User 020
purchase.order,7854,Status,RFQ,Purchase Order,2026-08-09 09:14:00,User 006
purchase.order,7855,Status,RFQ,Purchase Order,2026-09-22 08:21:00,User 020
purchase.order,7856,Status,RFQ,Purchase Order,2026-09-27 06:29:00,User 021
purchase.order,7857,Status,RFQ,Purchase Order,2026-09-02 05:42:00,User 022
purchase.order,7858,Status,RFQ,Purchase Order,2026-08-20 07:03:00,User 040
purchase.order,7859,Status,RFQ,Purchase Order,2026-08-03 05:08:00,User 040
purchase.order,7860,Status,RFQ,Purchase Order,2026-08-12 10:08:00,User 021
purchase.order,7861,Status,RFQ,Purchase Order,2026-09-24 05:42:00,User 034
purchase.order,7862,Status,RFQ,Purchase Order,2026-07-16 06:19:00,User 034
purchase.order,7863,Status,RFQ,Purchase Order,2026-09-14 10:39:00,User 021
purchase.order,7864,Status,RFQ,Purchase Order,2026-07-21 07:54:00,User 024
purchase.order,7865,Status,RFQ,Purchase Order,2026-07-06 08:49:00,User 015
purchase.order,7866,Status,RFQ,Purchase Order,2026-09-16 05:12:00,User 006
purchase.order,7867,Status,RFQ,Purchase Order,2026-08-17 07:37:00,User 006
purchase.order,7868,Status,RFQ,Purchase Order,2026-08-13 11:40:00,User 006
purchase.order,7869,Status,RFQ,Purchase Order,2026-07-14 09:28:00,User 022
purchase.order,7870,Status,RFQ,Purchase Order,2026-09-13 10:51:00,User 008
purchase.order,7871,Status,RFQ,Purchase Order,2026-07-30 06:49:00,User 023
purchase.order,7872,Status,RFQ,Purchase Order,2026-08-24 06:55:00,User 023
purchase.order,7873,Status,RFQ,Purchase Order,2026-09-16 09:18:00,User 019
purchase.order,7874,Status,RFQ,Purchase Order,2026-09-14 10:20:00,User 036
purchase.order,7875,Status,RFQ,Purchase Order,2026-09-14 13:58:00,User 006
purchase.order,7876,Status,RFQ,Purchase Order,2026-09-15 05:37:00,User 036
purchase.order,7877,Status,RFQ,Purchase Order,2026-08-19 09:10:00,User 021
purchase.order,7878,Status,RFQ,Purchase Order,2026-09-29 12:22:00,User 008
purchase.order,7879,Status,RFQ,Purchase Order,2026-09-08 13:49:00,User 021
purchase.order,7880,Status,RFQ,Purchase Order,2026-09-08 06:25:00,User 022
purchase.order,7880,Receipt Date,,,2026-09-10 06:25:00,User 999
purchase.order,7881,Status,RFQ,Purchase Order,2026-09-09 08:21:00,User 021
purchase.order,7882,Status,RFQ,Purchase Order,2026-08-04 08:23:00,User 020
purchase.order,7883,Status,RFQ,Purchase Order,2026-09-24 06:45:00,User 021
purchase.order,7884,Status,RFQ,Purchase Order,2026-09-03 10:12:00,User 013
purchase.order,7885,Status,RFQ,Purchase Order,2026-09-13 08:25:00,User 013
purchase.order,7886,Status,RFQ,Purchase Order,2026-07-29 12:53:00,User 022
purchase.order,7887,Status,RFQ,Purchase Order,2026-07-30 05:57:00,User 020
purchase.order,7888,Status,RFQ,Purchase Order,2026-09-06 12:10:00,User 022
purchase.order,7889,Status,RFQ,Purchase Order,2026-08-24 13:02:00,User 020
purchase.order,7890,Status,RFQ,Purchase Order,2026-09-16 13:12:00,User 024
purchase.order,7891,Status,RFQ,Purchase Order,2026-07-30 06:21:00,User 036
purchase.order,7892,Status,RFQ,Purchase Order,2026-07-19 11:12:00,User 013
purchase.order,7893,Status,RFQ,Purchase Order,2026-07-27 12:21:00,User 040
purchase.order,7894,Status,RFQ,Purchase Order,2026-08-27 13:57:00,User 022
purchase.order,7895,Status,RFQ,Purchase Order,2026-08-04 05:32:00,User 040
purchase.order,7896,Status,RFQ,Purchase Order,2026-09-15 09:44:00,User 019
purchase.order,7897,Status,RFQ,Purchase Order,2026-07-26 09:20:00,User 036
purchase.order,7898,Status,RFQ,Purchase Order,2026-09-30 05:17:00,User 036
purchase.order,7899,Status,RFQ,Purchase Order,2026-07-20 07:33:00,User 015
purchase.order,7900,Status,RFQ,Purchase Order,2026-08-20 07:10:00,User 013
purchase.order,7901,Status,RFQ,Purchase Order,2026-07-02 11:18:00,User 036
purchase.order,7902,Status,RFQ,Purchase Order,2026-07-08 13:37:00,User 036
purchase.order,7903,Status,RFQ,Purchase Order,2026-07-16 10:42:00,User 008
purchase.order,7904,Status,RFQ,Purchase Order,2026-09-23 06:42:00,User 023
purchase.order,7905,Status,RFQ,Purchase Order,2026-08-05 11:28:00,User 021
purchase.order,7906,Status,RFQ,Purchase Order,2026-07-20 06:06:00,User 036
purchase.order,7907,Status,RFQ,Purchase Order,2026-08-23 05:03:00,User 024
purchase.order,7908,Status,RFQ,Purchase Order,2026-07-14 11:20:00,User 020
purchase.order,7909,Status,RFQ,Purchase Order,2026-08-30 12:37:00,User 040
purchase.order,7910,Status,RFQ,Purchase Order,2026-07-07 13:59:00,User 020
purchase.order,7911,Status,RFQ,Purchase Order,2026-09-15 08:10:00,User 040
purchase.order,7912,Status,RFQ,Purchase Order,2026-08-20 12:35:00,User 023
purchase.order,7913,Status,RFQ,Purchase Order,2026-09-30 07:31:00,User 040
purchase.order,7914,Status,RFQ,Purchase Order,2026-08-19 06:31:00,User 019
purchase.order,7915,Status,RFQ,Purchase Order,2026-09-20 13:14:00,User 023
purchase.order,7916,Status,RFQ,Purchase Order,2026-07-05 10:40:00,User 036
purchase.order,7917,Status,RFQ,Purchase Order,2026-08-04 08:06:00,User 006
purchase.order,7918,Status,RFQ,Purchase Order,2026-07-16 10:09:00,User 021
purchase.order,7919,Status,RFQ,Purchase Order,2026-09-08 06:35:00,User 020
purchase.order,7920,Status,RFQ,Purchase Order,2026-08-03 05:58:00,User 020
purchase.order,7920,Receipt Date,,,2026-08-05 05:58:00,User 999
purchase.order,7921,Status,RFQ,Purchase Order,2026-09-06 10:42:00,User 021
purchase.order,7922,Status,RFQ,Purchase Order,2026-07-09 07:53:00,User 006
purchase.order,7923,Status,RFQ,Purchase Order,2026-07-27 08:28:00,User 024
purchase.order,7924,Status,RFQ,Purchase Order,2026-07-16 09:15:00,User 021
purchase.order,7925,Status,RFQ,Purchase Order,2026-09-27 08:53:00,User 021
purchase.order,7926,Status,RFQ,Purchase Order,2026-08-20 07:17:00,User 024
purchase.order,7927,Status,RFQ,Purchase Order,2026-07-05 11:59:00,User 022
purchase.order,7928,Status,RFQ,Purchase Order,2026-09-14 06:46:00,User 040
purchase.order,7929,Status,RFQ,Purchase Order,2026-09-10 11:29:00,User 015
purchase.order,7930,Status,RFQ,Purchase Order,2026-08-03 09:10:00,User 036
purchase.order,7931,Status,RFQ,Purchase Order,2026-07-12 07:27:00,User 021
purchase.order,7932,Status,RFQ,Purchase Order,2026-07-06 05:16:00,User 022
purchase.order,7933,Status,RFQ,Purchase Order,2026-08-10 13:22:00,User 040
purchase.order,7934,Status,RFQ,Purchase Order,2026-09-06 12:35:00,User 034
purchase.order,7935,Status,RFQ,Purchase Order,2026-07-13 08:41:00,User 039
purchase.order,7936,Status,RFQ,Purchase Order,2026-09-21 07:42:00,User 006
purchase.order,7937,Status,RFQ,Purchase Order,2026-08-27 07:45:00,User 023
purchase.order,7938,Status,RFQ,Purchase Order,2026-09-24 05:50:00,User 023
purchase.order,7939,Status,RFQ,Purchase Order,2026-07-07 05:24:00,User 034
purchase.order,7940,Status,RFQ,Purchase Order,2026-07-19 05:35:00,User 036
purchase.order,7941,Status,RFQ,Purchase Order,2026-07-30 11:46:00,User 024
purchase.order,7942,Status,RFQ,Purchase Order,2026-09-22 11:25:00,User 015
purchase.order,7943,Status,RFQ,Purchase Order,2026-08-05 13:19:00,User 039
purchase.order,7944,Status,RFQ,Purchase Order,2026-07-23 12:25:00,User 022
purchase.order,7945,Status,RFQ,Purchase Order,2026-09-20 05:11:00,User 020
purchase.order,7946,Status,RFQ,Purchase Order,2026-07-20 10:02:00,User 015
purchase.order,7947,Status,RFQ,Purchase Order,2026-07-15 06:25:00,User 015
purchase.order,7948,Status,RFQ,Purchase Order,2026-07-01 08:02:00,User 024
purchase.order,7949,Status,RFQ,Purchase Order,2026-07-28 09:37:00,User 036
purchase.order,7950,Status,RFQ,Purchase Order,2026-07-22 07:41:00,User 039
purchase.order,7951,Status,RFQ,Purchase Order,2026-09-14 09:20:00,User 019
purchase.order,7952,Status,RFQ,Purchase Order,2026-08-19 12:13:00,User 036
purchase.order,7953,Status,RFQ,Purchase Order,2026-07-09 07:27:00,User 006
purchase.order,7954,Status,RFQ,Purchase Order,2026-08-17 10:43:00,User 023
purchase.order,7955,Status,RFQ,Purchase Order,2026-09-30 07:48:00,User 021
purchase.order,7956,Status,RFQ,Purchase Order,2026-07-21 11:24:00,User 006
purchase.order,7957,Status,RFQ,Purchase Order,2026-07-06 09:39:00,User 023
purchase.order,7958,Status,RFQ,Purchase Order,2026-07-13 08:18:00,User 034
purchase.order,7959,Status,RFQ,Purchase Order,2026-07-30 06:07:00,User 021
purchase.order,7960,Status,RFQ,Purchase Order,2026-08-10 12:33:00,User 039
purchase.order,7960,Receipt Date,,,2026-08-12 12:33:00,User 999
purchase.order,7961,Status,RFQ,Purchase Order,2026-09-30 05:59:00,User 023
purchase.order,7962,Status,RFQ,Purchase Order,2026-09-16 11:25:00,User 020
purchase.order,7963,Status,RFQ,Purchase Order,2026-09-22 12:16:00,User 013
purchase.order,7964,Status,RFQ,Purchase Order,2026-08-10 12:02:00,User 013
purchase.order,7965,Status,RFQ,Purchase Order,2026-07-30 05:05:00,User 034
purchase.order,7966,Status,RFQ,Purchase Order,2026-09-01 07:20:00,User 024
purchase.order,7967,Status,RFQ,Purchase Order,2026-09-13 07:09:00,User 020
purchase.order,7968,Status,RFQ,Purchase Order,2026-09-07 13:38:00,User 013
purchase.order,7969,Status,RFQ,Purchase Order,2026-07-08 05:30:00,User 034
purchase.order,7970,Status,RFQ,Purchase Order,2026-09-21 13:49:00,User 008
purchase.order,7971,Status,RFQ,Purchase Order,2026-09-14 11:08:00,User 019
purchase.order,7972,Status,RFQ,Purchase Order,2026-07-20 08:19:00,User 013
purchase.order,7973,Status,RFQ,Purchase Order,2026-07-23 07:36:00,User 019
purchase.order,7974,Status,RFQ,Purchase Order,2026-09-01 13:44:00,User 019
purchase.order,7975,Status,RFQ,Purchase Order,2026-08-04 09:03:00,User 034
purchase.order,7976,Status,RFQ,Purchase Order,2026-08-31 06:36:00,User 019
purchase.order,7977,Status,RFQ,Purchase Order,2026-08-11 11:26:00,User 008
purchase.order,7978,Status,RFQ,Purchase Order,2026-09-08 11:26:00,User 034
purchase.order,7979,Status,RFQ,Purchase Order,2026-08-06 11:50:00,User 024
purchase.order,7980,Status,RFQ,Purchase Order,2026-08-25 13:08:00,User 015
purchase.order,7981,Status,RFQ,Purchase Order,2026-07-19 07:05:00,User 006
purchase.order,7982,Status,RFQ,Purchase Order,2026-09-14 09:56:00,User 015
purchase.order,7983,Status,RFQ,Purchase Order,2026-07-27 10:33:00,User 024
purchase.order,7984,Status,RFQ,Purchase Order,2026-09-02 11:34:00,User 034
purchase.order,7985,Status,RFQ,Purchase Order,2026-07-20 11:07:00,User 039
purchase.order,7986,Status,RFQ,Purchase Order,2026-09-30 10:22:00,User 013
purchase.order,7987,Status,RFQ,Purchase Order,2026-08-23 12:56:00,User 013
purchase.order,7988,Status,RFQ,Purchase Order,2026-07-27 05:23:00,User 006
purchase.order,7989,Status,RFQ,Purchase Order,2026-07-02 05:50:00,User 013
purchase.order,7990,Status,RFQ,Purchase Order,2026-07-15 12:54:00,User 019
purchase.order,7991,Status,RFQ,Purchase Order,2026-07-15 06:24:00,User 036
purchase.order,7992,Status,RFQ,Purchase Order,2026-09-02 11:50:00,User 019
purchase.order,7993,Status,RFQ,Purchase Order,2026-09-07 13:08:00,User 036
purchase.order,7994,Status,RFQ,Purchase Order,2026-08-27 07:20:00,User 015
purchase.order,7995,Status,RFQ,Purchase Order,2026-08-31 07:01:00,User 034
purchase.order,7996,Status,RFQ,Purchase Order,2026-07-13 10:26:00,User 021
purchase.order,7997,Status,RFQ,Purchase Order,2026-09-02 10:52:00,User 020
purchase.order,7998,Status,RFQ,Purchase Order,2026-09-23 07:01:00,User 024
purchase.order,7999,Status,RFQ,Purchase Order,2026-09-16 05:28:00,User 008
purchase.order,8000,Status,RFQ,Purchase Order,2026-09-06 13:16:00,User 019
purchase.order,8000,Receipt Date,,,2026-09-08 13:16:00,User 999
purchase.order,8001,Status,RFQ,Purchase Order,2026-07-07 06:09:00,User 020
purchase.order,8002,Status,RFQ,Purchase Order,2026-08-17 08:32:00,User 006
purchase.order,8003,Status,RFQ,Purchase Order,2026-09-14 08:23:00,User 013
purchase.order,8004,Status,RFQ,Purchase Order,2026-09-27 06:37:00,User 013
purchase.order,8005,Status,RFQ,Purchase Order,2026-09-09 08:41:00,User 034
purchase.order,8006,Status,RFQ,Purchase Order,2026-09-06 09:15:00,User 013
purchase.order,8007,Status,RFQ,Purchase Order,2026-07-26 11:08:00,User 013
purchase.order,8008,Status,RFQ,Purchase Order,2026-08-18 06:38:00,User 022
purchase.order,8009,Status,RFQ,Purchase Order,2026-08-23 07:40:00,User 023
purchase.order,8010,Status,RFQ,Purchase Order,2026-08-11 10:16:00,User 022
purchase.order,8011,Status,RFQ,Purchase Order,2026-09-03 06:07:00,User 040
purchase.order,8012,Status,RFQ,Purchase Order,2026-08-06 12:43:00,User 020
purchase.order,8013,Status,RFQ,Purchase Order,2026-07-13 05:10:00,User 024
purchase.order,8014,Status,RFQ,Purchase Order,2026-08-05 10:08:00,User 021
purchase.order,8015,Status,RFQ,Purchase Order,2026-07-22 12:38:00,User 024
purchase.order,8016,Status,RFQ,Purchase Order,2026-08-24 08:37:00,User 040
purchase.order,8017,Status,RFQ,Purchase Order,2026-08-11 11:40:00,User 039
purchase.order,8018,Status,RFQ,Purchase Order,2026-08-17 08:28:00,User 013
purchase.order,8019,Status,RFQ,Purchase Order,2026-07-21 10:59:00,User 019
purchase.order,8020,Status,RFQ,Purchase Order,2026-08-23 08:39:00,User 015
purchase.order,8021,Status,RFQ,Purchase Order,2026-08-11 05:02:00,User 040
purchase.order,8022,Status,RFQ,Purchase Order,2026-07-16 11:06:00,User 039
purchase.order,8023,Status,RFQ,Purchase Order,2026-07-22 09:54:00,User 019
purchase.order,8024,Status,RFQ,Purchase Order,2026-08-04 11:31:00,User 013
purchase.order,8025,Status,RFQ,Purchase Order,2026-08-25 12:38:00,User 022
purchase.order,8026,Status,RFQ,Purchase Order,2026-08-18 10:54:00,User 023
purchase.order,8027,Status,RFQ,Purchase Order,2026-09-29 13:25:00,User 036
purchase.order,8028,Status,RFQ,Purchase Order,2026-09-02 08:34:00,User 039
purchase.order,8029,Status,RFQ,Purchase Order,2026-07-22 10:10:00,User 034
purchase.order,8030,Status,RFQ,Purchase Order,2026-09-06 07:56:00,User 013
purchase.order,8031,Status,RFQ,Purchase Order,2026-07-21 06:08:00,User 040
purchase.order,8032,Status,RFQ,Purchase Order,2026-09-29 08:50:00,User 021
purchase.order,8033,Status,RFQ,Purchase Order,2026-08-12 08:44:00,User 039
purchase.order,8034,Status,RFQ,Purchase Order,2026-09-28 10:05:00,User 020
purchase.order,8035,Status,RFQ,Purchase Order,2026-08-24 07:35:00,User 036
purchase.order,8036,Status,RFQ,Purchase Order,2026-07-13 07:54:00,User 023
purchase.order,8037,Status,RFQ,Purchase Order,2026-07-06 12:05:00,User 034
purchase.order,8038,Status,RFQ,Purchase Order,2026-07-05 08:00:00,User 015
purchase.order,8039,Status,RFQ,Purchase Order,2026-08-13 06:53:00,User 021
purchase.order,8040,Status,RFQ,Purchase Order,2026-07-30 05:14:00,User 024
purchase.order,8040,Receipt Date,,,2026-08-01 05:14:00,User 999
purchase.order,8041,Status,RFQ,Purchase Order,2026-07-09 12:50:00,User 021
purchase.order,8042,Status,RFQ,Purchase Order,2026-08-18 10:14:00,User 019
purchase.order,8043,Status,RFQ,Purchase Order,2026-08-18 05:21:00,User 015
purchase.order,8044,Status,RFQ,Purchase Order,2026-08-10 11:18:00,User 013
purchase.order,8045,Status,RFQ,Purchase Order,2026-07-16 05:23:00,User 015
purchase.order,8046,Status,RFQ,Purchase Order,2026-09-21 12:15:00,User 034
purchase.order,8047,Status,RFQ,Purchase Order,2026-09-16 12:58:00,User 040
purchase.order,8048,Status,RFQ,Purchase Order,2026-07-12 06:27:00,User 039
purchase.order,8049,Status,RFQ,Purchase Order,2026-08-13 07:36:00,User 034
purchase.order,8050,Status,RFQ,Purchase Order,2026-07-15 11:03:00,User 006
purchase.order,8051,Status,RFQ,Purchase Order,2026-08-23 10:54:00,User 022
purchase.order,8052,Status,RFQ,Purchase Order,2026-09-07 06:25:00,User 024
purchase.order,8053,Status,RFQ,Purchase Order,2026-07-29 12:29:00,User 034
purchase.order,8054,Status,RFQ,Purchase Order,2026-09-24 12:54:00,User 024
purchase.order,8055,Status,RFQ,Purchase Order,2026-07-28 08:02:00,User 013
purchase.order,8056,Status,RFQ,Purchase Order,2026-08-18 13:07:00,User 039
purchase.order,8057,Status,RFQ,Purchase Order,2026-08-25 08:51:00,User 023
purchase.order,8058,Status,RFQ,Purchase Order,2026-08-24 10:38:00,User 019
purchase.order,8059,Status,RFQ,Purchase Order,2026-09-24 07:59:00,User 023
purchase.order,8060,Status,RFQ,Purchase Order,2026-08-13 10:10:00,User 023
purchase.order,8061,Status,RFQ,Purchase Order,2026-08-31 08:52:00,User 023
purchase.order,8062,Status,RFQ,Purchase Order,2026-09-09 10:08:00,User 040
purchase.order,8063,Status,RFQ,Purchase Order,2026-07-22 09:35:00,User 024
purchase.order,8064,Status,RFQ,Purchase Order,2026-08-20 07:09:00,User 034
purchase.order,8065,Status,RFQ,Purchase Order,2026-08-05 06:36:00,User 013
purchase.order,8066,Status,RFQ,Purchase Order,2026-07-22 11:58:00,User 019
purchase.order,8067,Status,RFQ,Purchase Order,2026-09-15 10:36:00,User 039
purchase.order,8068,Status,RFQ,Purchase Order,2026-07-09 12:15:00,User 022
purchase.order,8069,Status,RFQ,Purchase Order,2026-09-15 10:53:00,User 015
purchase.order,8070,Status,RFQ,Purchase Order,2026-09-13 07:41:00,User 020
purchase.order,8071,Status,RFQ,Purchase Order,2026-09-08 07:51:00,User 036
purchase.order,8072,Status,RFQ,Purchase Order,2026-09-15 06:09:00,User 022
purchase.order,8073,Status,RFQ,Purchase Order,2026-08-27 08:49:00,User 013
purchase.order,8074,Status,RFQ,Purchase Order,2026-07-05 08:41:00,User 023
purchase.order,8075,Status,RFQ,Purchase Order,2026-09-24 10:14:00,User 008
purchase.order,8076,Status,RFQ,Purchase Order,2026-07-15 06:26:00,User 019
purchase.order,8077,Status,RFQ,Purchase Order,2026-07-21 07:20:00,User 040
purchase.order,8078,Status,RFQ,Purchase Order,2026-09-01 12:04:00,User 008
purchase.order,8079,Status,RFQ,Purchase Order,2026-07-02 07:45:00,User 024
purchase.order,8080,Status,RFQ,Purchase Order,2026-08-23 11:43:00,User 021
purchase.order,8080,Receipt Date,,,2026-08-25 11:43:00,User 999
purchase.order,8081,Status,RFQ,Purchase Order,2026-07-22 05:08:00,User 024
purchase.order,8082,Status,RFQ,Purchase Order,2026-09-21 10:21:00,User 023
purchase.order,8083,Status,RFQ,Purchase Order,2026-08-03 08:24:00,User 013
purchase.order,8084,Status,RFQ,Purchase Order,2026-08-13 09:07:00,User 013
purchase.order,8085,Status,RFQ,Purchase Order,2026-09-16 06:06:00,User 019
purchase.order,8086,Status,RFQ,Purchase Order,2026-08-10 08:51:00,User 006
purchase.order,8087,Status,RFQ,Purchase Order,2026-07-26 05:35:00,User 020
purchase.order,8088,Status,RFQ,Purchase Order,2026-09-27 12:14:00,User 034
purchase.order,8089,Status,RFQ,Purchase Order,2026-08-20 10:34:00,User 019
purchase.order,8090,Status,RFQ,Purchase Order,2026-08-05 10:26:00,User 013
purchase.order,8091,Status,RFQ,Purchase Order,2026-07-14 06:38:00,User 024
purchase.order,8092,Status,RFQ,Purchase Order,2026-08-12 07:10:00,User 013
purchase.order,8093,Status,RFQ,Purchase Order,2026-08-23 08:16:00,User 021
purchase.order,8094,Status,RFQ,Purchase Order,2026-07-16 11:47:00,User 022
purchase.order,8095,Status,RFQ,Purchase Order,2026-09-07 12:01:00,User 013
purchase.order,8096,Status,RFQ,Purchase Order,2026-08-31 09:24:00,User 024
purchase.order,8097,Status,RFQ,Purchase Order,2026-09-20 12:04:00,User 021
purchase.order,8098,Status,RFQ,Purchase Order,2026-09-24 10:21:00,User 013
purchase.order,8099,Status,RFQ,Purchase Order,2026-08-11 06:26:00,User 024
purchase.order,8100,Status,RFQ,Purchase Order,2026-07-22 05:22:00,User 008
purchase.order,8101,Status,RFQ,Purchase Order,2026-07-26 13:58:00,User 021
purchase.order,8102,Status,RFQ,Purchase Order,2026-07-26 07:47:00,User 006
purchase.order,8103,Status,RFQ,Purchase Order,2026-09-16 08:21:00,User 040
purchase.order,8104,Status,RFQ,Purchase Order,2026-09-20 10:32:00,User 024
purchase.order,8105,Status,RFQ,Purchase Order,2026-09-20 08:50:00,User 040
purchase.order,8106,Status,RFQ,Purchase Order,2026-08-03 06:38:00,User 008
purchase.order,8107,Status,RFQ,Purchase Order,2026-08-17 08:30:00,User 021
purchase.order,8108,Status,RFQ,Purchase Order,2026-07-30 06:13:00,User 015
purchase.order,8109,Status,RFQ,Purchase Order,2026-09-13 10:36:00,User 019
purchase.order,8110,Status,RFQ,Purchase Order,2026-09-08 08:05:00,User 015
purchase.order,8111,Status,RFQ,Purchase Order,2026-08-17 12:24:00,User 020
purchase.order,8112,Status,RFQ,Purchase Order,2026-08-04 13:50:00,User 034
purchase.order,8113,Status,RFQ,Purchase Order,2026-07-14 09:09:00,User 019
purchase.order,8114,Status,RFQ,Purchase Order,2026-07-21 13:26:00,User 015
purchase.order,8115,Status,RFQ,Purchase Order,2026-09-10 12:21:00,User 023
purchase.order,8116,Status,RFQ,Purchase Order,2026-08-30 20:07:00,User 039
purchase.order,8117,Status,RFQ,Purchase Order,2026-08-05 20:55:00,User 023
purchase.order,8118,Status,RFQ,Purchase Order,2026-07-24 10:05:00,User 034
purchase.order,8119,Status,RFQ,Purchase Order,2026-07-08 11:22:00,User 006
purchase.order,8120,Status,RFQ,Purchase Order,2026-07-05 06:48:00,User 024
purchase.order,8120,Receipt Date,,,2026-07-07 06:48:00,User 999
purchase.order,8121,Status,RFQ,Purchase Order,2026-09-06 08:22:00,User 036
purchase.order,8122,Status,RFQ,Purchase Order,2026-09-28 06:21:00,User 006
purchase.order,8123,Status,RFQ,Purchase Order,2026-08-27 11:52:00,User 006
