Display Name,Company ID,Tax ID,Created on,Bank Accounts/Account Number
Shams Madar Contracting (fictional),1016593111,3101659311100003,2024-07-03 08:00:00,SA7130066817922328385642
Sarh Rimal Trading (fictional),1011246804,3101124680400003,2023-12-19 08:00:00,SA2983725278120617695851
Buruj Noor Solutions (fictional),1013992870,3101399287000003,2023-09-16 08:00:00,SA1634999248005279137298
Nakheel Najd Trading (fictional),1010066722,3101006672200003,2023-05-11 08:00:00,SA9842640794260791135716
Bina Sarh Est. (fictional),1014989513,3101498951300003,2025-01-15 08:00:00,SA4796745219803346352136
Sahab Tamayuz Services (fictional),1019000954,3101900095400003,2024-10-22 08:00:00,SA6398488645732840934269
Sahab Sarh Est. (fictional),1018336529,3101833652900003,2024-10-13 08:00:00,SA0940985846388498556830
Qimma Waha Est. (fictional),1016110364,3101611036400003,2024-02-01 08:00:00,SA3896501332796726835081
Najd Najd Contracting (fictional),1012065678,3101206567800003,2024-02-12 08:00:00,SA7958163540115276113875
Tamayuz Jazeera Trading (fictional),1015812156,3101581215600003,2023-03-30 08:00:00,SA3277186210761770775106
,,,,SA0000000000000000000010
Jazeera Qimma Solutions (fictional),1014290582,3101429058200003,2023-03-12 08:00:00,SA8836152029944613516199
Bina Rawabi Est. (fictional),1019703745,3101970374500003,2025-05-28 08:00:00,SA4398286408948746439725
Waha Taqa Services (fictional),1011850902,3101185090200003,2023-11-15 08:00:00,SA9303995515669796156795
Buruj Dana Services (fictional),1015976408,3101597640800003,2023-01-15 08:00:00,SA6547056709048801564644
Noor Masar Contracting (fictional),1011307051,3101130705100003,2023-03-01 08:00:00,SA3205987198890421631111
Buruj Dana Trading (fictional),1017395536,3101739553600003,2023-05-21 08:00:00,SA8046587306424829601796
Nakheel Sarh Solutions (fictional),1012465071,3101246507100003,2024-10-13 08:00:00,SA0412634789235240137615
Dana Rimal Trading (fictional),1019680541,3101968054100003,2024-01-11 08:00:00,SA1483354148818137852223
Shams Bina Solutions (fictional),1016548909,3101654890900003,2023-05-03 08:00:00,SA4975332571929480853470
Taqa Sahab Services (fictional),1016586718,3101658671800003,2024-04-10 08:00:00,SA1341461754420146133800
Rawabi Masar Trading (fictional),1015341774,3101534177400003,2024-10-03 08:00:00,SA1478658930597760553848
Waha Madar Est. (fictional),1011357162,3101135716200003,2024-07-04 08:00:00,SA0670907276151413633437
Noor Najd Trading (fictional),1018850337,3101885033700003,2025-01-27 08:00:00,SA7526239424646686316653
Tamayuz Shams Solutions (fictional),1019610864,3101961086400003,2024-09-03 08:00:00,SA7453581342172334967704
Taqa Rimal Solutions (fictional),1014628525,3101462852500003,2023-02-17 08:00:00,SA7516886561141082359534
Tamayuz Bina Trading (fictional),1014753065,3101475306500003,2024-11-26 08:00:00,SA2947478182446026195680
Shams Noor Trading (fictional),1010266937,3101026693700003,2023-02-26 08:00:00,SA0520070091703927330570
Masar Wadi Services (fictional),1018448026,3101844802600003,2024-06-21 08:00:00,SA7781661146351102038300
Taqa Noor Solutions (fictional),1010057808,3101005780800003,2023-07-31 08:00:00,SA0426371671552930126708
Rimal Sahab Supplies (fictional),1017537245,3101753724500003,2025-06-01 08:00:00,SA7057929923981337027186
Najd Madar Supplies (fictional),1012012368,3101201236800003,2025-06-14 08:00:00,SA2999147067554850663516
Nakheel Qimma Supplies (fictional),1015311090,3101531109000003,2023-05-31 08:00:00,SA9734812417264366282909
Jazeera Noor Supplies (fictional),1012250242,3101225024200003,2025-01-18 08:00:00,SA4220426283709506018898
Sarh Noor Services (fictional),1015248095,3101524809500003,2023-05-06 08:00:00,SA1780133252695637827608
Sahab Najd Solutions (fictional),1019867382,3101986738200003,2025-05-25 08:00:00,SA6121385607002238696953
Bina Afaq Contracting (fictional),1014959705,3101495970500003,2024-05-17 08:00:00,SA6550135100637171124335
Rimal Qimma Services (fictional),1016159955,3101615995500003,2024-07-21 08:00:00,SA0986801543161030225021
Madar Jazeera Trading (fictional),1011976785,3101197678500003,2024-01-12 08:00:00,SA1482941834190823861352
Najd Sahab Contracting (fictional),1013625525,3101362552500003,2023-06-29 08:00:00,SA8637877604054246854242
Sarh Qimma Services (fictional),1011181786,3101118178600003,2025-05-04 08:00:00,SA2974476604713936055049
Dana Madar Est. (fictional),1019576996,3101957699600003,2023-01-12 08:00:00,SA1610550087547517799229
Bina Taqa Est. (fictional),1015119632,3101511963200003,2025-04-28 08:00:00,SA0372056832660756896516
Taqa Shams Trading (fictional),1019432778,3101943277800003,2024-05-26 08:00:00,SA8203962209876953971100
Buruj Waha Supplies (fictional),1018384922,3101838492200003,2025-03-15 08:00:00,SA6002822070169298442782
Wadi Dana Solutions (fictional),1012571417,3101257141700003,2025-04-10 08:00:00,SA4431774664323167779214
Rimal Madar Contracting (fictional),1014863665,3101486366500003,2025-05-29 08:00:00,SA4796725218990332126686
Buruj Jazeera Contracting (fictional),1011504090,3101150409000003,2024-04-21 08:00:00,SA3831294715029529207425
Dana Rawabi Est. (fictional),1018404372,3101840437200003,2024-08-05 08:00:00,SA3717634526064501145946
Wadi Buruj Est. (fictional),1018944876,3101894487600003,2024-01-05 08:00:00,SA4500748514810133156040
Shams Masar Est. (fictional),1011202312,3101120231200003,2024-06-07 08:00:00,SA9596101019544461515753
Tamayuz Sahab Trading (fictional),1012881791,3101288179100003,2023-02-20 08:00:00,SA5490921889049953142373
Masar Dana Solutions (fictional),1017460244,3101746024400003,2024-08-02 08:00:00,SA9516854247448059498065
Madar Waha Services (fictional),1012310655,3101231065500003,2024-03-23 08:00:00,SA5284561863405613575069
Taqa Jazeera Est. (fictional),1016472305,3101647230500003,2024-10-26 08:00:00,SA9814331791430747776388
Taqa Quick Est. (fictional),1016247930,3101624793000003,2026-08-02 08:00:00,SA7815763407337707514732
Dana Quick Contracting (fictional),1018865109,3101886510900003,2026-08-16 08:00:00,SA0893895781505355053414
