invoice_no,vendor_id,po_id,invoice_date,amount,paid_date
INV-4395,V042,PO-00001,2026-07-21,4307.95,2026-08-27
INV-5017,V046,PO-00002,2026-07-16,27039.1,2026-08-01
INV-4844,V013,PO-00003,2026-08-09,32127.76,2026-09-16
INV-2223,V023,PO-00004,2026-09-17,5643.7,2026-10-22
INV-3768,V011,PO-00005,2026-07-15,34742.4,2026-08-02
INV-5057,V046,PO-00006,2026-08-22,6280.04,2026-10-02
INV-4606,V033,PO-00007,2026-10-01,23443.68,2026-11-14
INV-2276,V023,PO-00008,2026-07-14,17073.36,2026-08-26
INV-4001,V043,PO-00009,2026-10-18,29448.0,2026-12-01
INV-4629,V033,PO-00010,2026-08-08,15391.08,2026-09-18
INV-1759,V034,PO-00011,2026-07-31,11969.55,2026-09-07
INV-2951,V009,PO-00012,2026-08-31,28252.38,2026-10-11
INV-4812,V046,PO-00013,2026-09-29,13609.56,2026-10-20
INV-1893,V014,PO-00014,2026-09-02,20234.55,2026-09-29
INV-4220,V008,PO-00015,2026-10-05,9233.0,2026-11-14
INV-5023,V046,PO-00016,2026-08-14,20158.16,2026-09-03
INV-2131,V018,PO-00017,2026-09-17,36822.34,2026-10-25
INV-5037,V046,PO-00018,2026-09-04,32038.08,2026-09-27
INV-2211,V020,PO-00019,2026-08-09,22545.76,2026-09-18
INV-1588,V019,PO-00020,2026-09-25,14696.4,2026-10-09
INV-4416,V045,PO-00021,2026-09-25,26988.28,2026-10-10
INV-2992,V044,PO-00022,2026-08-17,16348.75,2026-09-07
INV-1107,V005,PO-00023,2026-09-20,16611.48,2026-10-27
INV-2307,V023,PO-00024,2026-08-03,27716.64,2026-09-01
INV-3236,V021,PO-00025,2026-08-03,18367.26,2026-09-15
INV-1922,V015,PO-00026,2026-10-19,4920.43,2026-11-08
INV-4675,V033,PO-00027,2026-08-29,30033.15,2026-09-15
INV-2989,V009,PO-00028,2026-08-09,16452.15,2026-09-04
INV-2172,V018,PO-00029,2026-08-19,3539.01,2026-09-08
INV-1873,V006,PO-00030,2026-10-20,27650.95,2026-11-27
INV-4448,V042,PO-00031,2026-07-17,6948.87,2026-07-30
INV-2421,V046,PO-00032,2026-09-15,34614.88,2026-10-04
INV-1795,V038,PO-00033,2026-08-17,30276.09,2026-09-26
INV-4699,V033,PO-00034,2026-08-06,21838.88,2026-09-02
INV-3261,V021,PO-00035,2026-09-01,38909.0,2026-09-18
INV-4443,V045,PO-00036,2026-07-25,7040.07,2026-08-10
INV-1116,V010,PO-00037,2026-09-07,22617.7,2026-10-13
INV-3452,V036,PO-00038,2026-09-18,4852.82,2026-10-08
INV-3051,V046,PO-00039,2026-07-22,19614.84,2026-08-22
INV-4883,V025,PO-00040,2026-09-17,22924.4,2026-10-25
INV-1799,V016,PO-00041,2026-08-01,22746.4,2026-08-14
INV-3024,V009,PO-00042,2026-09-08,38630.34,2026-10-23
INV-3611,V022,PO-00043,2026-08-21,11847.52,2026-09-13
INV-2628,V030,PO-00044,2026-09-05,31887.58,2026-10-01
INV-3459,V036,PO-00045,2026-08-01,19020.45,2026-08-31
INV-4009,V043,PO-00046,2026-07-31,14289.1,2026-09-11
INV-2665,V030,PO-00047,2026-10-07,12760.02,2026-11-12
INV-2321,V023,PO-00048,2026-09-15,37311.34,2026-10-22
INV-2623,V029,PO-00049,2026-08-27,6554.59,2026-09-17
INV-1328,V012,PO-00050,2026-09-12,9342.64,2026-10-22
INV-1803,V038,PO-00051,2026-09-12,9046.08,2026-10-09
INV-1583,V040,PO-00052,2026-09-14,28782.6,2026-10-04
INV-2379,V023,PO-00053,2026-08-22,1897.07,2026-09-02
INV-3475,V036,PO-00054,2026-07-16,37263.52,2026-08-14
INV-2408,V023,PO-00055,2026-09-16,16659.86,2026-10-16
INV-4248,V008,PO-00056,2026-09-04,3167.08,2026-09-29
INV-4978,V003,PO-00057,2026-09-09,26146.98,2026-09-27
INV-4481,V045,PO-00058,2026-10-13,8222.06,2026-11-24
INV-2228,V020,PO-00059,2026-09-22,23677.84,2026-10-10
INV-4457,V042,PO-00060,2026-08-16,27461.55,2026-09-22
INV-2218,V018,PO-00061,2026-09-15,17772.24,2026-10-07
INV-5076,V046,PO-00062,2026-07-18,34553.76,2026-07-29
INV-4277,V008,PO-00063,2026-08-15,13374.06,2026-08-27
INV-4987,V003,PO-00064,2026-09-04,26455.17,2026-10-18
INV-4505,V045,PO-00065,2026-08-11,4928.17,2026-09-13
INV-4459,V032,PO-00066,2026-09-22,32749.86,2026-11-02
INV-5132,V046,PO-00067,2026-08-15,10665.6,2026-08-31
INV-2439,V046,PO-00068,2026-08-25,6992.85,2026-09-14
INV-4798,V041,PO-00069,2026-09-06,16764.0,2026-10-07
INV-4833,V041,PO-00070,2026-08-23,23300.25,2026-09-28
INV-1523,V027,PO-00071,2026-10-18,33702.82,2026-11-03
INV-4124,V046,PO-00072,2026-08-05,35030.94,2026-09-16
INV-1809,V016,PO-00073,2026-08-02,3673.22,2026-08-14
INV-3825,V011,PO-00074,2026-08-17,22629.48,2026-09-11
INV-1976,V015,PO-00075,2026-07-30,30775.0,2026-08-30
INV-2455,V046,PO-00076,2026-08-24,24779.02,2026-09-24
INV-4304,V008,PO-00077,2026-07-22,3651.55,2026-09-05
INV-4973,V017,PO-00078,2026-07-22,12932.1,2026-08-07
INV-3606,V046,PO-00079,2026-09-29,37233.65,2026-10-25
INV-1627,V040,PO-00080,2026-08-17,21420.04,2026-09-10
INV-2269,V020,PO-00081,2026-07-19,23912.44,2026-08-14
INV-5013,V017,PO-00082,2026-07-17,24518.94,2026-07-31
INV-1598,V002,PO-00083,2026-07-20,10363.44,2026-08-19
INV-5012,V003,PO-00084,2026-08-09,17197.32,2026-09-17
INV-4995,V007,PO-00085,2026-08-27,22115.52,2026-09-15
INV-2462,V046,PO-00086,2026-07-23,4742.13,2026-08-04
INV-2497,V046,PO-00087,2026-09-27,30226.0,2026-10-07
INV-3040,V009,PO-00088,2026-08-14,18157.12,2026-09-10
INV-2149,V037,PO-00089,2026-07-19,4687.07,2026-08-25
INV-2250,V018,PO-00090,2026-08-28,4696.55,2026-10-01
INV-3775,V046,PO-00091,2026-09-30,31603.38,2026-11-05
INV-4520,V045,PO-00092,2026-07-25,15404.55,2026-08-19
INV-4314,V008,PO-00093,2026-10-12,30350.46,2026-10-24
INV-5021,V003,PO-00094,2026-08-24,35179.97,2026-10-01
INV-4479,V032,PO-00095,2026-08-10,37468.2,2026-09-08
INV-4727,V033,PO-00096,2026-10-09,15784.92,2026-10-21
INV-5026,V007,PO-00097,2026-10-07,33375.84,2026-10-20
INV-1829,V016,PO-00098,2026-08-06,13322.32,2026-08-24
INV-1054,V004,PO-00099,2026-10-06,29909.04,2026-11-06
INV-4143,V046,PO-00100,2026-09-11,35942.68,2026-10-16
INV-1774,V034,PO-00101,2026-09-19,6109.81,2026-10-12
INV-5108,V046,PO-00102,2026-08-31,32136.0,2026-10-06
INV-5048,V003,PO-00103,2026-10-04,33710.64,2026-11-13
INV-4873,V041,PO-00104,2026-08-22,2973.96,2026-09-18
INV-4835,V024,PO-00105,2026-09-25,32078.31,2026-10-17
INV-1335,V012,PO-00106,2026-08-02,24386.65,2026-09-09
INV-4176,V046,PO-00107,2026-07-30,33833.63,2026-08-25
INV-5082,V007,PO-00108,2026-10-13,35017.94,2026-11-13
INV-4481,V042,PO-00109,2026-08-29,36557.64,2026-10-10
INV-4916,V041,PO-00110,2026-09-18,24397.2,2026-10-19
INV-4913,V025,PO-00111,2026-10-01,12739.02,2026-10-15
INV-1870,V016,PO-00112,2026-09-03,21021.5,2026-10-12
INV-1085,V004,PO-00113,2026-10-10,5912.55,2026-11-11
INV-1353,V046,PO-00114,2026-09-25,27322.24,2026-10-22
INV-1212,V031,PO-00115,2026-07-13,5638.6,2026-07-24
INV-3303,V021,PO-00116,2026-09-27,34804.35,2026-10-12
INV-4883,V001,PO-00117,2026-08-09,18704.64,2026-09-19
INV-1830,V038,PO-00118,2026-08-08,18155.8,2026-08-24
INV-2004,V015,PO-00119,2026-07-27,8688.74,2026-08-26
INV-4994,V035,PO-00120,2026-08-11,1228.32,2026-09-21
INV-4966,V041,PO-00121,2026-08-30,5757.19,2026-10-08
INV-2201,V037,PO-00122,2026-08-09,15344.4,2026-09-23
INV-1532,V027,PO-00123,2026-09-09,4586.22,2026-09-20
INV-2694,V030,PO-00124,2026-09-19,25257.68,2026-09-30
INV-2308,V018,PO-00125,2026-08-26,33539.7,2026-10-06
INV-5035,V017,PO-00126,2026-08-19,3653.95,2026-09-23
INV-2347,V018,PO-00127,2026-08-25,24920.28,2026-09-20
INV-1590,V027,PO-00128,2026-08-21,25978.05,2026-09-17
INV-1783,V034,PO-00129,2026-09-13,2672.76,2026-09-30
INV-1919,V016,PO-00130,2026-09-24,8273.7,2026-10-18
INV-3873,V011,PO-00131,2026-09-07,28729.96,2026-09-19
INV-5144,V046,PO-00132,2026-07-16,27522.04,2026-07-27
INV-1641,V040,PO-00133,2026-09-09,39954.18,2026-10-03
INV-4337,V008,PO-00134,2026-07-20,22031.08,2026-08-30
INV-1400,V046,PO-00135,2026-08-29,5087.79,2026-09-25
INV-4528,V045,PO-00136,2026-08-05,24378.9,2026-08-16
INV-3315,V021,PO-00137,2026-10-11,15912.06,2026-11-16
INV-3885,V011,PO-00138,2026-09-18,19263.08,2026-10-01
INV-4496,V032,PO-00139,2026-08-13,33410.52,2026-09-03
INV-4891,V024,PO-00140,2026-08-09,3703.84,2026-08-25
INV-3664,V022,PO-00141,2026-08-31,24661.62,2026-09-21
INV-4535,V042,PO-00142,2026-08-17,35291.55,2026-09-12
INV-5059,V017,PO-00143,2026-07-29,9768.15,2026-08-17
INV-1945,V014,PO-00144,2026-08-14,28430.88,2026-09-05
INV-1793,V034,PO-00145,2026-08-02,28305.42,2026-09-13
INV-1423,V046,PO-00146,2026-08-08,19565.86,2026-08-31
INV-2424,V028,PO-00147,2026-07-09,9474.45,2026-08-22
INV-3014,V044,PO-00148,2026-09-17,3160.08,2026-10-31
INV-3946,V039,PO-00149,2026-08-21,22003.92,2026-09-04
INV-1386,V012,PO-00150,2026-09-07,13677.36,2026-10-20
INV-1623,V027,PO-00151,2026-07-17,22709.06,2026-08-20
INV-4904,V024,PO-00152,2026-10-05,18799.13,2026-11-08
INV-2509,V046,PO-00153,2026-08-01,23379.2,2026-08-12
INV-2045,V015,PO-00154,2026-08-16,4306.15,2026-09-26
INV-1151,V005,PO-00155,2026-08-09,37355.68,2026-09-01
INV-4587,V045,PO-00156,2026-08-25,10899.7,2026-09-04
INV-4935,V025,PO-00157,2026-07-19,1584.74,2026-08-06
INV-1135,V010,PO-00158,2026-09-14,3803.13,2026-10-09
INV-4233,V046,PO-00159,2026-10-10,31806.0,2026-10-23
INV-1555,V026,PO-00160,2026-08-26,4511.68,2026-09-21
INV-4991,V025,PO-00161,2026-08-23,5536.32,2026-09-30
INV-2101,V015,PO-00162,2026-09-19,12318.0,2026-10-13
INV-4032,V043,PO-00163,2026-09-04,20749.5,2026-10-02
INV-2361,V018,PO-00164,2026-08-09,4381.23,2026-09-07
INV-1434,V046,PO-00165,2026-09-19,31640.55,2026-10-06
INV-4590,V042,PO-00166,2026-09-05,35955.92,2026-10-04
INV-5204,V046,PO-00167,2026-09-19,32927.4,2026-10-21
INV-2550,V046,PO-00168,2026-08-07,31920.64,2026-08-19
INV-1593,V026,PO-00169,2026-08-16,28553.76,2026-09-03
INV-3042,V044,PO-00170,2026-07-27,37560.6,2026-09-07
INV-5231,V046,PO-00171,2026-08-01,21907.8,2026-08-26
INV-5280,V046,PO-00172,2026-09-14,36516.8,2026-10-13
INV-4946,V024,PO-00173,2026-08-08,20339.0,2026-09-01
INV-4598,V045,PO-00174,2026-08-26,20363.4,2026-09-22
INV-3702,V022,PO-00175,2026-09-25,22577.94,2026-10-19
INV-4055,V043,PO-00176,2026-10-13,18102.63,2026-11-16
INV-3966,V039,PO-00177,2026-08-20,37629.54,2026-09-28
INV-4863,V013,PO-00178,2026-09-01,30940.84,2026-10-02
INV-5025,V035,PO-00179,2026-08-13,32096.7,2026-09-09
INV-2291,V020,PO-00180,2026-08-27,24283.46,2026-09-20
INV-3525,V036,PO-00181,2026-09-30,6677.7,2026-10-12
INV-1147,V010,PO-00182,2026-08-15,19864.7,2026-09-12
INV-5116,V046,PO-00183,2026-09-10,9097.02,2026-10-19
INV-5299,V046,PO-00184,2026-08-01,27078.7,2026-09-13
INV-2423,V023,PO-00185,2026-07-19,3373.56,2026-08-07
INV-5079,V017,PO-00186,2026-07-22,18159.24,2026-08-17
INV-3580,V036,PO-00187,2026-08-11,21159.9,2026-09-03
INV-1200,V010,PO-00188,2026-09-05,39766.4,2026-10-20
INV-3095,V046,PO-00189,2026-08-16,30509.5,2026-09-29
INV-1232,V031,PO-00190,2026-09-27,12740.7,2026-10-24
INV-5155,V046,PO-00191,2026-08-28,25947.68,2026-09-18
INV-3049,V044,PO-00192,2026-08-28,12340.08,2026-09-08
INV-3084,V009,PO-00193,2026-08-12,22539.96,2026-08-27
INV-4549,V032,PO-00194,2026-09-25,29333.15,2026-10-24
INV-2723,V030,PO-00195,2026-07-17,27160.65,2026-08-06
INV-1236,V010,PO-00196,2026-10-07,33152.56,2026-10-30
INV-1136,V004,PO-00197,2026-09-01,23531.7,2026-10-15
INV-4983,V041,PO-00198,2026-10-01,27452.48,2026-10-14
INV-5330,V046,PO-00199,2026-08-17,8563.8,2026-09-27
INV-1147,V004,PO-00200,2026-08-16,25996.76,2026-09-02
INV-2217,V037,PO-00201,2026-09-13,29093.79,2026-10-07
INV-1474,V046,PO-00202,2026-07-25,33564.0,2026-08-26
INV-2312,V020,PO-00203,2026-08-07,5959.16,2026-09-09
INV-2350,V020,PO-00204,2026-08-19,27111.48,2026-09-06
INV-4600,V032,PO-00205,2026-09-01,24908.4,2026-09-29
INV-3923,V011,PO-00206,2026-10-17,14200.35,2026-11-29
INV-1633,V002,PO-00207,2026-07-17,36045.0,2026-08-16
INV-1251,V031,PO-00208,2026-10-03,11768.64,2026-11-15
INV-1848,V038,PO-00209,2026-09-15,29274.66,2026-09-29
INV-2759,V030,PO-00210,2026-08-17,4614.75,2026-09-19
INV-5135,V007,PO-00211,2026-10-15,15623.99,2026-11-21
INV-4878,V013,PO-00212,2026-08-30,9697.14,2026-09-17
INV-3754,V022,PO-00213,2026-08-30,31723.8,2026-10-07
INV-1263,V031,PO-00214,2026-08-28,35185.54,2026-09-20
INV-1276,V010,PO-00215,2026-08-19,37360.32,2026-09-21
INV-4759,V033,PO-00216,2026-09-23,19066.3,2026-10-25
INV-3636,V046,PO-00217,2026-07-23,2063.35,2026-08-10
INV-1641,V027,PO-00218,2026-07-30,5920.42,2026-08-29
INV-4374,V008,PO-00219,2026-08-06,37483.3,2026-09-06
INV-5083,V003,PO-00220,2026-09-17,19667.75,2026-10-30
INV-4660,V032,PO-00221,2026-09-30,9288.4,2026-10-22
INV-2461,V028,PO-00222,2026-10-01,26726.34,2026-10-21
INV-1304,V010,PO-00223,2026-08-27,37291.36,2026-09-18
INV-1880,V006,PO-00224,2026-08-26,13374.33,2026-09-06
INV-1180,V005,PO-00225,2026-09-26,29530.8,2026-11-02
INV-1932,V016,PO-00226,2026-09-19,18024.7,2026-10-07
INV-4988,V024,PO-00227,2026-10-08,40698.44,2026-10-24
INV-1160,V004,PO-00228,2026-07-15,22563.69,2026-07-27
INV-2655,V029,PO-00229,2026-10-03,26661.0,2026-11-13
INV-2418,V018,PO-00230,2026-09-09,29060.72,2026-09-25
INV-5029,V024,PO-00231,2026-10-13,5850.2,2026-11-06
INV-5022,V041,PO-00232,2026-07-20,41480.04,2026-08-07
INV-5129,V017,PO-00233,2026-08-24,4274.37,2026-10-02
INV-1237,V005,PO-00234,2026-09-12,8157.24,2026-10-04
INV-2438,V023,PO-00235,2026-07-11,3003.66,2026-08-05
INV-2142,V015,PO-00236,2026-09-11,14074.86,2026-09-23
INV-1318,V031,PO-00237,2026-07-25,25849.68,2026-08-22
INV-1882,V038,PO-00238,2026-09-26,10536.57,2026-11-02
INV-2179,V015,PO-00239,2026-07-26,2138.0,2026-08-13
INV-1685,V040,PO-00240,2026-08-30,23039.44,2026-10-02
INV-3796,V022,PO-00241,2026-10-16,28487.04,2026-11-11
INV-4114,V043,PO-00242,2026-07-08,38244.0,2026-08-18
INV-5143,V007,PO-00243,2026-08-04,25589.88,2026-08-15
INV-5065,V035,PO-00244,2026-08-17,24629.89,2026-09-16
INV-1915,V006,PO-00245,2026-08-13,34703.96,2026-09-16
INV-5041,V025,PO-00246,2026-08-18,9343.08,2026-09-22
INV-4142,V043,PO-00247,2026-10-02,30426.06,2026-10-19
INV-1848,V034,PO-00248,2026-07-27,2792.88,2026-08-22
INV-5138,V003,PO-00249,2026-10-06,28360.8,2026-11-04
INV-4427,V008,PO-00250,2026-08-23,15170.75,2026-09-14
INV-3805,V046,PO-00251,2026-08-05,30723.0,2026-09-12
INV-2773,V030,PO-00252,2026-09-24,10399.52,2026-10-26
INV-4708,V032,PO-00253,2026-09-05,38383.74,2026-09-21
INV-4801,V033,PO-00254,2026-09-23,13734.15,2026-10-30
INV-1398,V012,PO-00255,2026-10-03,32641.44,2026-11-14
INV-4478,V008,PO-00256,2026-07-23,29397.24,2026-08-17
INV-5042,V041,PO-00257,2026-09-06,34347.6,2026-09-21
INV-1432,V012,PO-00258,2026-08-24,18826.88,2026-10-05
INV-4647,V045,PO-00259,2026-07-27,11557.22,2026-09-08
INV-1602,V019,PO-00260,2026-08-23,37932.84,2026-09-30
INV-1660,V019,PO-00261,2026-08-24,33018.12,2026-09-09
INV-4599,V042,PO-00262,2026-10-03,31694.23,2026-10-16
INV-1943,V006,PO-00263,2026-09-12,34058.4,2026-10-24
INV-1517,V046,PO-00264,2026-10-01,22888.91,2026-10-18
INV-4750,V032,PO-00265,2026-09-07,11973.6,2026-10-11
INV-1685,V019,PO-00266,2026-08-19,2763.42,2026-09-21
INV-2479,V023,PO-00267,2026-09-08,5455.94,2026-10-02
INV-1912,V038,PO-00268,2026-07-26,21486.42,2026-09-01
INV-2267,V037,PO-00269,2026-10-17,23723.2,2026-11-22
INV-2429,V018,PO-00270,2026-07-26,8747.76,2026-08-08
INV-1695,V027,PO-00271,2026-08-19,32052.76,2026-09-18
INV-3117,V009,PO-00272,2026-08-21,31369.76,2026-09-29
INV-3832,V046,PO-00273,2026-09-15,14259.07,2026-09-27
INV-3375,V021,PO-00274,2026-08-13,30129.0,2026-09-22
INV-1195,V004,PO-00275,2026-09-20,4755.85,2026-10-16
INV-5195,V007,PO-00276,2026-09-18,12354.3,2026-10-12
INV-5184,V046,PO-00277,2026-08-04,30763.78,2026-09-07
INV-3137,V009,PO-00278,2026-08-09,5793.6,2026-08-24
INV-5173,V017,PO-00279,2026-08-11,3793.73,2026-09-07
INV-5055,V041,PO-00280,2026-09-15,7485.0,2026-10-05
INV-1230,V004,PO-00281,2026-10-09,27312.24,2026-10-20
INV-1980,V016,PO-00282,2026-07-19,15920.71,2026-08-04
INV-5171,V003,PO-00283,2026-07-20,31616.0,2026-07-31
INV-2008,V016,PO-00284,2026-07-22,9375.62,2026-08-15
INV-2480,V018,PO-00285,2026-09-27,4521.77,2026-10-08
INV-1271,V004,PO-00286,2026-09-10,32833.57,2026-09-24
INV-1972,V006,PO-00287,2026-09-14,37613.74,2026-10-03
INV-2384,V020,PO-00288,2026-07-25,26787.23,2026-08-26
INV-1698,V040,PO-00289,2026-09-17,17020.3,2026-10-15
INV-3101,V044,PO-00290,2026-09-06,26475.25,2026-09-16
INV-2320,V037,PO-00291,2026-07-26,23948.6,2026-08-27
INV-1855,V034,PO-00292,2026-08-16,16714.2,2026-09-29
INV-3626,V036,PO-00293,2026-08-30,5260.36,2026-09-22
INV-2493,V023,PO-00294,2026-09-04,5851.89,2026-10-04
INV-5225,V046,PO-00295,2026-08-26,6545.0,2026-10-04
INV-1297,V004,PO-00296,2026-09-15,9016.2,2026-10-29
INV-1374,V031,PO-00297,2026-10-09,41158.25,2026-11-05
INV-4623,V042,PO-00298,2026-08-13,19200.3,2026-09-07
INV-3152,V046,PO-00299,2026-09-08,2083.92,2026-10-14
INV-4637,V042,PO-00300,2026-07-20,39361.28,2026-08-10
INV-2235,V015,PO-00301,2026-09-04,36792.0,2026-09-16
INV-1542,V046,PO-00302,2026-07-06,14146.4,2026-08-03
INV-4693,V042,PO-00303,2026-08-09,23710.5,2026-09-15
INV-1348,V004,PO-00304,2026-07-30,11435.6,2026-08-12
INV-2009,V006,PO-00305,2026-08-21,13713.44,2026-10-02
INV-1382,V031,PO-00306,2026-07-12,17539.08,2026-08-05
INV-2069,V006,PO-00307,2026-07-16,9589.56,2026-08-08
INV-5274,V046,PO-00308,2026-08-11,35108.58,2026-09-04
INV-1712,V040,PO-00309,2026-09-19,26371.62,2026-10-23
INV-1394,V031,PO-00310,2026-09-01,18427.77,2026-10-01
INV-3175,V009,PO-00311,2026-10-10,34658.75,2026-11-08
INV-2524,V023,PO-00312,2026-09-26,37346.04,2026-10-14
INV-2609,V046,PO-00313,2026-09-26,3231.1,2026-10-20
INV-2294,V015,PO-00314,2026-09-18,13004.1,2026-10-03
INV-3813,V022,PO-00315,2026-10-01,29196.64,2026-10-27
INV-2569,V023,PO-00316,2026-07-11,23808.72,2026-07-25
INV-5201,V003,PO-00317,2026-09-19,37255.7,2026-10-27
INV-5051,V025,PO-00318,2026-08-31,30667.45,2026-09-29
INV-5332,V046,PO-00319,2026-08-04,24574.35,2026-08-16
INV-1622,V026,PO-00320,2026-07-20,18443.76,2026-08-14
INV-3195,V009,PO-00321,2026-07-30,41791.36,2026-08-16
INV-1718,V019,PO-00322,2026-10-01,5308.1,2026-10-13
INV-1599,V046,PO-00323,2026-08-18,21133.58,2026-09-09
INV-5370,V046,PO-00324,2026-07-19,1744.57,2026-08-14
INV-3426,V021,PO-00325,2026-07-11,11128.92,2026-08-21
INV-3453,V021,PO-00326,2026-08-09,2734.48,2026-09-08
INV-2594,V023,PO-00327,2026-08-10,21046.96,2026-08-29
INV-2346,V015,PO-00328,2026-08-25,33887.0,2026-09-05
INV-1649,V046,PO-00329,2026-07-14,34646.2,2026-08-23
INV-3951,V011,PO-00330,2026-08-29,16480.92,2026-09-20
INV-3671,V046,PO-00331,2026-08-01,34418.57,2026-08-29
INV-4910,V013,PO-00332,2026-07-18,27424.46,2026-08-26
INV-2824,V030,PO-00333,2026-10-02,16510.91,2026-11-11
INV-1683,V046,PO-00334,2026-09-02,18885.24,2026-09-26
INV-1720,V046,PO-00335,2026-09-17,32248.44,2026-10-16
INV-1734,V019,PO-00336,2026-07-19,10605.3,2026-08-06
INV-5103,V041,PO-00337,2026-08-30,36323.64,2026-09-28
INV-5387,V046,PO-00338,2026-08-31,13620.72,2026-09-10
INV-1911,V034,PO-00339,2026-08-13,13582.08,2026-09-05
INV-3843,V022,PO-00340,2026-08-01,36858.1,2026-09-09
INV-1473,V012,PO-00341,2026-08-06,29601.36,2026-08-24
INV-4937,V013,PO-00342,2026-08-05,34300.91,2026-08-27
INV-2686,V029,PO-00343,2026-08-24,37846.0,2026-10-06
INV-1756,V046,PO-00344,2026-07-20,33956.94,2026-08-15
INV-1383,V004,PO-00345,2026-07-31,38139.2,2026-08-26
INV-2666,V046,PO-00346,2026-07-08,26041.44,2026-07-31
INV-3214,V009,PO-00347,2026-07-17,16454.55,2026-08-22
INV-4242,V046,PO-00348,2026-09-16,35673.31,2026-10-05
INV-2098,V006,PO-00349,2026-08-02,15381.64,2026-09-09
INV-2639,V023,PO-00350,2026-09-29,25409.2,2026-11-07
INV-1502,V012,PO-00351,2026-09-25,4796.34,2026-10-14
INV-4655,V045,PO-00352,2026-09-21,10779.93,2026-11-03
INV-4194,V043,PO-00353,2026-08-21,2848.5,2026-10-05
INV-3132,V044,PO-00354,2026-08-17,18047.15,2026-09-24
INV-5081,V024,PO-00355,2026-07-28,16010.32,2026-08-24
INV-5114,V024,PO-00356,2026-08-01,35257.82,2026-08-14
INV-2063,V016,PO-00357,2026-08-30,25649.54,2026-10-03
INV-3224,V009,PO-00358,2026-08-28,1545.74,2026-09-23
INV-4253,V046,PO-00359,2026-07-29,35728.9,2026-08-15
INV-4985,V013,PO-00360,2026-09-21,27410.34,2026-11-01
INV-4512,V008,PO-00361,2026-10-07,19649.76,2026-11-21
INV-2113,V016,PO-00362,2026-08-11,7574.66,2026-09-18
INV-1780,V019,PO-00363,2026-08-01,8532.92,2026-08-25
INV-3690,V046,PO-00364,2026-09-30,7274.88,2026-10-14
INV-3706,V046,PO-00365,2026-08-06,27505.8,2026-09-13
INV-3857,V022,PO-00366,2026-08-17,9895.77,2026-09-07
INV-2675,V023,PO-00367,2026-08-18,30925.0,2026-09-09
INV-1782,V046,PO-00368,2026-08-25,32993.73,2026-10-05
INV-5028,V013,PO-00369,2026-09-28,33067.92,2026-11-08
INV-1737,V040,PO-00370,2026-10-01,5503.14,2026-11-13
INV-5259,V003,PO-00371,2026-09-03,11985.0,2026-10-11
INV-1760,V040,PO-00372,2026-07-30,34752.9,2026-08-13
INV-4247,V043,PO-00373,2026-09-05,16851.86,2026-10-17
INV-1834,V019,PO-00374,2026-10-01,11913.0,2026-10-31
INV-5413,V046,PO-00375,2026-09-05,34226.4,2026-10-17
INV-5073,V025,PO-00376,2026-08-10,29559.6,2026-09-05
INV-3864,V046,PO-00377,2026-07-26,31498.58,2026-08-12
INV-2673,V046,PO-00378,2026-07-11,27213.36,2026-08-11
INV-3898,V022,PO-00379,2026-08-27,19704.23,2026-09-19
INV-1934,V038,PO-00380,2026-07-23,21885.22,2026-08-27
INV-3964,V011,PO-00381,2026-08-06,19225.6,2026-08-20
INV-1258,V005,PO-00382,2026-08-28,8160.2,2026-09-12
INV-2710,V023,PO-00383,2026-09-23,36678.07,2026-10-16
INV-5402,V046,PO-00384,2026-09-27,11918.34,2026-11-05
INV-4528,V008,PO-00385,2026-07-19,7536.78,2026-08-24
INV-2744,V023,PO-00386,2026-08-30,7402.8,2026-09-22
INV-2777,V023,PO-00387,2026-07-20,30802.5,2026-08-05
INV-1958,V034,PO-00388,2026-08-09,9700.88,2026-08-23
INV-5249,V007,PO-00389,2026-09-30,5483.27,2026-10-13
INV-2789,V023,PO-00390,2026-09-21,35239.17,2026-11-01
INV-4308,V046,PO-00391,2026-09-21,6579.56,2026-10-02
INV-3150,V044,PO-00392,2026-09-22,4954.25,2026-10-17
INV-4904,V001,PO-00393,2026-08-07,10801.88,2026-09-03
INV-2729,V046,PO-00394,2026-09-20,14444.16,2026-10-07
INV-5294,V007,PO-00395,2026-07-31,36950.88,2026-08-14
INV-5078,V035,PO-00396,2026-09-07,36890.62,2026-10-09
INV-1997,V014,PO-00397,2026-09-25,22228.32,2026-10-26
INV-1272,V005,PO-00398,2026-08-28,28102.36,2026-09-21
INV-3196,V044,PO-00399,2026-08-04,31726.62,2026-08-28
INV-4667,V045,PO-00400,2026-08-22,36294.66,2026-09-27
INV-1531,V012,PO-00401,2026-08-25,24357.35,2026-09-27
INV-5043,V013,PO-00402,2026-08-14,9270.34,2026-09-17
INV-1642,V002,PO-00403,2026-09-29,34073.26,2026-10-14
INV-1696,V002,PO-00404,2026-08-25,7012.08,2026-10-05
INV-2138,V016,PO-00405,2026-08-10,29856.32,2026-09-23
INV-1400,V004,PO-00406,2026-08-09,8762.08,2026-09-02
INV-3242,V044,PO-00407,2026-07-26,12423.84,2026-09-09
INV-2717,V029,PO-00408,2026-09-27,2513.52,2026-11-07
INV-1791,V040,PO-00409,2026-08-29,22665.42,2026-09-30
INV-2048,V014,PO-00410,2026-10-15,23930.76,2026-11-10
INV-5424,V046,PO-00411,2026-07-18,29878.64,2026-08-28
INV-5162,V024,PO-00412,2026-10-12,12684.49,2026-10-31
INV-2778,V046,PO-00413,2026-10-11,38881.98,2026-11-22
INV-5133,V025,PO-00414,2026-08-13,14652.0,2026-08-25
INV-4545,V008,PO-00415,2026-10-10,17823.93,2026-11-12
INV-3997,V039,PO-00416,2026-08-25,31546.56,2026-09-12
INV-2063,V014,PO-00417,2026-08-23,12158.85,2026-10-01
INV-1639,V026,PO-00418,2026-08-10,32169.72,2026-09-18
INV-2146,V006,PO-00419,2026-09-15,6902.19,2026-10-17
INV-2877,V030,PO-00420,2026-07-21,31651.2,2026-08-24
INV-4260,V043,PO-00421,2026-10-19,23755.05,2026-11-23
INV-2081,V014,PO-00422,2026-09-18,21071.67,2026-10-21
INV-4958,V001,PO-00423,2026-07-17,6330.1,2026-07-29
INV-3174,V046,PO-00424,2026-08-31,26604.3,2026-09-20
INV-5350,V007,PO-00425,2026-09-27,12400.5,2026-10-18
INV-3750,V046,PO-00426,2026-09-07,37605.95,2026-10-11
INV-5470,V046,PO-00427,2026-07-25,12436.02,2026-09-07
INV-3505,V021,PO-00428,2026-08-11,16007.54,2026-09-25
INV-1871,V019,PO-00429,2026-10-01,35481.6,2026-11-03
INV-2755,V029,PO-00430,2026-07-20,5490.56,2026-09-01
INV-1730,V027,PO-00431,2026-10-01,10652.36,2026-10-19
INV-5091,V035,PO-00432,2026-10-09,23792.11,2026-10-25
INV-1995,V034,PO-00433,2026-08-11,7296.16,2026-09-14
INV-5450,V046,PO-00434,2026-08-22,10489.62,2026-09-05
INV-3183,V046,PO-00435,2026-07-18,17084.01,2026-08-18
INV-2192,V016,PO-00436,2026-09-30,18506.2,2026-11-08
INV-1559,V012,PO-00437,2026-10-11,21576.84,2026-11-19
INV-1948,V038,PO-00438,2026-09-11,34463.4,2026-10-06
INV-1821,V040,PO-00439,2026-10-02,10147.0,2026-10-27
INV-5371,V007,PO-00440,2026-09-25,31636.5,2026-10-10
INV-2897,V030,PO-00441,2026-09-12,18012.8,2026-10-10
INV-3978,V011,PO-00442,2026-10-08,3272.58,2026-10-29
INV-2411,V020,PO-00443,2026-08-09,32226.34,2026-09-12
INV-5275,V003,PO-00444,2026-07-24,15799.35,2026-09-05
INV-4726,V045,PO-00445,2026-08-07,17771.46,2026-09-20
INV-2241,V016,PO-00446,2026-07-25,4928.22,2026-08-22
INV-1981,V038,PO-00447,2026-10-05,17108.6,2026-11-18
INV-1426,V004,PO-00448,2026-08-08,25289.76,2026-09-11
INV-1890,V019,PO-00449,2026-10-12,31843.57,2026-11-07
INV-4597,V008,PO-00450,2026-07-23,9122.88,2026-08-20
INV-4296,V043,PO-00451,2026-07-20,19675.08,2026-08-24
INV-1780,V027,PO-00452,2026-07-16,3440.22,2026-08-18
INV-1608,V012,PO-00453,2026-09-07,9844.32,2026-10-15
INV-2777,V029,PO-00454,2026-07-16,34917.4,2026-08-13
INV-1941,V019,PO-00455,2026-07-11,33291.04,2026-08-02
INV-1352,V010,PO-00456,2026-09-13,3572.01,2026-10-17
INV-5144,V025,PO-00457,2026-09-23,34306.25,2026-10-04
INV-2117,V014,PO-00458,2026-09-30,19297.45,2026-10-30
INV-1751,V002,PO-00459,2026-09-24,8003.77,2026-10-29
INV-2848,V023,PO-00460,2026-09-08,29209.77,2026-10-06
INV-5496,V046,PO-00461,2026-10-04,28380.95,2026-11-07
INV-3989,V011,PO-00462,2026-09-05,10830.27,2026-09-21
INV-5151,V041,PO-00463,2026-09-11,9366.5,2026-10-02
INV-3998,V011,PO-00464,2026-08-03,29509.75,2026-09-02
INV-2938,V030,PO-00465,2026-10-07,22500.35,2026-11-18
INV-2017,V034,PO-00466,2026-08-23,32438.9,2026-10-06
INV-2077,V034,PO-00467,2026-08-04,27426.9,2026-09-10
INV-2804,V029,PO-00468,2026-07-21,10193.04,2026-08-30
INV-3665,V036,PO-00469,2026-09-13,34810.08,2026-10-05
INV-1652,V026,PO-00470,2026-07-24,24014.2,2026-09-07
INV-1809,V002,PO-00471,2026-09-09,24706.22,2026-09-20
INV-1948,V019,PO-00472,2026-07-19,30466.17,2026-08-08
INV-2193,V006,PO-00473,2026-09-04,13960.8,2026-10-06
INV-5500,V046,PO-00474,2026-08-28,36335.0,2026-09-09
INV-4777,V032,PO-00475,2026-08-12,26112.24,2026-09-06
INV-1445,V031,PO-00476,2026-09-18,8293.38,2026-10-08
INV-4615,V008,PO-00477,2026-09-24,20189.0,2026-11-07
INV-5555,V046,PO-00478,2026-07-21,4124.4,2026-08-23
INV-4343,V043,PO-00479,2026-07-21,38883.3,2026-08-24
INV-2084,V034,PO-00480,2026-08-20,5771.97,2026-09-18
INV-5200,V025,PO-00481,2026-10-01,14103.6,2026-10-18
INV-5200,V024,PO-00482,2026-10-03,15992.32,2026-10-29
INV-1309,V005,PO-00483,2026-09-30,41383.44,2026-10-28
INV-1668,V012,PO-00484,2026-09-02,25443.36,2026-09-12
INV-2128,V014,PO-00485,2026-07-31,15744.68,2026-09-12
INV-3693,V036,PO-00486,2026-09-28,26337.2,2026-10-20
INV-3907,V022,PO-00487,2026-08-14,4332.36,2026-09-17
INV-5577,V046,PO-00488,2026-08-02,20891.34,2026-08-26
INV-3766,V046,PO-00489,2026-09-27,29397.73,2026-11-11
INV-5233,V025,PO-00490,2026-08-02,2794.57,2026-08-29
INV-2140,V034,PO-00491,2026-08-06,31138.47,2026-09-07
INV-2828,V046,PO-00492,2026-08-11,32996.6,2026-09-23
INV-2492,V018,PO-00493,2026-09-04,25656.96,2026-10-15
INV-3260,V009,PO-00494,2026-09-13,27520.92,2026-09-27
INV-2281,V016,PO-00495,2026-07-19,31771.46,2026-08-10
INV-1844,V040,PO-00496,2026-10-02,21164.0,2026-11-05
INV-4807,V032,PO-00497,2026-08-15,25075.17,2026-09-27
INV-1899,V040,PO-00498,2026-09-01,15492.75,2026-10-05
INV-3919,V046,PO-00499,2026-09-26,5551.92,2026-10-18
INV-1359,V010,PO-00500,2026-08-27,11555.85,2026-09-15
INV-1455,V031,PO-00501,2026-10-04,33442.89,2026-11-16
INV-3267,V009,PO-00502,2026-10-06,33598.48,2026-10-18
INV-3564,V021,PO-00503,2026-08-10,9410.56,2026-09-22
INV-3572,V021,PO-00504,2026-08-20,5676.51,2026-09-16
INV-2015,V038,PO-00505,2026-09-26,5779.02,2026-11-04
INV-2521,V028,PO-00506,2026-10-17,26660.55,2026-11-24
INV-3604,V021,PO-00507,2026-08-15,28242.0,2026-09-11
INV-1486,V004,PO-00508,2026-08-12,35825.72,2026-09-07
INV-1382,V010,PO-00509,2026-08-13,5639.7,2026-09-10
INV-5053,V013,PO-00510,2026-10-04,39937.0,2026-10-25
INV-5385,V007,PO-00511,2026-09-15,17352.58,2026-10-19
INV-4855,V046,PO-00512,2026-08-07,15215.06,2026-08-27
INV-3943,V046,PO-00513,2026-09-16,18511.02,2026-09-29
INV-4366,V043,PO-00514,2026-07-17,15810.7,2026-08-19
INV-2831,V029,PO-00515,2026-09-08,4294.62,2026-09-27
INV-5313,V003,PO-00516,2026-09-10,14501.55,2026-09-29
INV-5255,V025,PO-00517,2026-08-23,20508.18,2026-09-21
INV-1415,V010,PO-00518,2026-07-21,27198.78,2026-08-20
INV-3266,V044,PO-00519,2026-09-29,6928.74,2026-11-06
INV-2363,V015,PO-00520,2026-08-02,3724.86,2026-09-15
INV-2543,V028,PO-00521,2026-07-13,33704.84,2026-07-29
INV-4757,V045,PO-00522,2026-09-23,4005.54,2026-10-15
INV-1672,V026,PO-00523,2026-09-20,29056.32,2026-10-15
INV-4024,V011,PO-00524,2026-10-03,28028.63,2026-10-15
INV-2877,V029,PO-00525,2026-07-14,37079.9,2026-08-03
INV-2412,V015,PO-00526,2026-10-16,29188.32,2026-11-26
INV-5076,V013,PO-00527,2026-10-09,19068.35,2026-10-31
INV-3791,V046,PO-00528,2026-08-09,37725.38,2026-08-27
INV-3967,V022,PO-00529,2026-08-12,37728.45,2026-08-22
INV-5183,V041,PO-00530,2026-07-24,20752.44,2026-08-30
INV-2551,V018,PO-00531,2026-08-11,33773.4,2026-09-18
INV-2611,V018,PO-00532,2026-09-22,3972.49,2026-10-27
INV-5344,V003,PO-00533,2026-08-03,26123.79,2026-09-10
INV-2435,V020,PO-00534,2026-08-19,15030.7,2026-08-31
INV-1800,V027,PO-00535,2026-09-27,3123.36,2026-11-05
INV-5115,V035,PO-00536,2026-08-25,28591.3,2026-09-07
INV-3980,V022,PO-00537,2026-09-08,11625.84,2026-10-16
INV-1840,V027,PO-00538,2026-10-04,4843.2,2026-11-03
INV-5254,V024,PO-00539,2026-09-16,8228.0,2026-10-13
INV-1826,V046,PO-00540,2026-07-21,12707.28,2026-08-21
INV-1910,V040,PO-00541,2026-07-26,14784.27,2026-08-16
INV-2664,V018,PO-00542,2026-09-08,14070.55,2026-10-19
INV-2170,V034,PO-00543,2026-08-24,17810.8,2026-09-19
INV-5224,V041,PO-00544,2026-08-30,15684.24,2026-09-26
INV-1461,V010,PO-00545,2026-07-28,2353.74,2026-08-07
INV-1937,V040,PO-00546,2026-08-23,10741.94,2026-09-26
INV-3284,V009,PO-00547,2026-09-27,3080.28,2026-10-10
INV-2221,V034,PO-00548,2026-08-28,2867.01,2026-10-06
INV-5375,V003,PO-00549,2026-08-04,27356.77,2026-09-09
INV-2241,V006,PO-00550,2026-09-27,14039.04,2026-10-13
INV-5312,V024,PO-00551,2026-07-25,18398.82,2026-08-30
INV-4042,V011,PO-00552,2026-09-05,28337.25,2026-10-07
INV-2891,V023,PO-00553,2026-10-02,21855.44,2026-10-15
INV-3743,V036,PO-00554,2026-10-10,2683.84,2026-11-22
INV-4804,V045,PO-00555,2026-10-03,32404.32,2026-10-28
INV-4006,V022,PO-00556,2026-08-10,31296.65,2026-09-03
INV-1824,V002,PO-00557,2026-09-28,16657.68,2026-10-22
INV-4038,V039,PO-00558,2026-08-14,28976.61,2026-09-04
INV-5190,V017,PO-00559,2026-09-19,33894.48,2026-10-23
INV-1896,V027,PO-00560,2026-07-28,12301.52,2026-08-30
INV-3844,V046,PO-00561,2026-08-12,34070.23,2026-08-30
INV-2445,V015,PO-00562,2026-10-03,3267.45,2026-10-28
INV-1945,V040,PO-00563,2026-09-27,11934.0,2026-10-23
INV-4829,V045,PO-00564,2026-08-25,9017.02,2026-09-04
INV-2167,V014,PO-00565,2026-08-31,29272.38,2026-10-14
INV-5166,V035,PO-00566,2026-09-26,5705.82,2026-11-01
INV-4083,V011,PO-00567,2026-09-29,35928.56,2026-10-16
INV-5102,V013,PO-00568,2026-08-03,14882.4,2026-08-17
INV-4857,V032,PO-00569,2026-08-11,30619.68,2026-08-23
INV-4358,V046,PO-00570,2026-08-31,5735.04,2026-10-03
INV-2969,V030,PO-00571,2026-07-28,20594.88,2026-08-23
INV-2894,V029,PO-00572,2026-07-18,10464.3,2026-08-06
INV-2176,V014,PO-00573,2026-07-30,29881.04,2026-08-27
INV-4646,V008,PO-00574,2026-07-20,18333.21,2026-08-23
INV-4705,V042,PO-00575,2026-10-18,2794.15,2026-10-31
INV-2357,V037,PO-00576,2026-08-28,19233.43,2026-09-08
INV-2990,V030,PO-00577,2026-07-26,35236.04,2026-08-18
INV-3623,V021,PO-00578,2026-08-02,39639.73,2026-09-14
INV-4016,V022,PO-00579,2026-08-23,13162.9,2026-09-03
INV-2001,V040,PO-00580,2026-09-26,2948.99,2026-11-09
INV-3960,V046,PO-00581,2026-09-21,13278.0,2026-10-11
INV-4897,V046,PO-00582,2026-10-04,29448.72,2026-10-21
INV-2935,V029,PO-00583,2026-09-05,27217.4,2026-09-23
INV-3192,V046,PO-00584,2026-08-27,21736.1,2026-10-03
INV-5401,V003,PO-00585,2026-07-14,9318.32,2026-08-15
INV-2866,V046,PO-00586,2026-08-11,23578.72,2026-08-26
INV-1509,V004,PO-00587,2026-08-05,29882.46,2026-08-15
INV-2491,V015,PO-00588,2026-09-28,4397.67,2026-10-20
INV-4878,V032,PO-00589,2026-08-09,34175.5,2026-09-10
INV-2258,V006,PO-00590,2026-08-09,18463.06,2026-09-10
INV-2267,V006,PO-00591,2026-07-28,2239.14,2026-09-05
INV-2413,V037,PO-00592,2026-09-10,15934.1,2026-09-20
INV-4714,V042,PO-00593,2026-08-18,8588.16,2026-09-20
INV-1317,V005,PO-00594,2026-10-12,22357.98,2026-11-25
INV-2688,V018,PO-00595,2026-10-02,24279.2,2026-10-18
INV-1706,V012,PO-00596,2026-09-17,27734.42,2026-10-25
INV-1688,V026,PO-00597,2026-07-29,11420.64,2026-09-04
INV-1506,V031,PO-00598,2026-07-30,32665.62,2026-09-08
INV-2495,V020,PO-00599,2026-09-25,2708.53,2026-10-13
INV-3872,V046,PO-00600,2026-07-17,7915.2,2026-08-03
INV-3022,V030,PO-00601,2026-09-19,39035.83,2026-10-25
INV-4923,V046,PO-00602,2026-08-09,12750.24,2026-09-07
INV-2053,V040,PO-00603,2026-10-05,27179.25,2026-10-31
INV-4929,V032,PO-00604,2026-08-04,27334.65,2026-09-04
INV-1545,V031,PO-00605,2026-09-16,10183.28,2026-10-26
INV-2065,V040,PO-00606,2026-09-26,25168.64,2026-10-17
INV-2531,V015,PO-00607,2026-10-06,20258.22,2026-11-15
INV-3295,V009,PO-00608,2026-08-16,26368.3,2026-08-28
INV-5204,V035,PO-00609,2026-07-20,39273.35,2026-08-24
INV-4031,V022,PO-00610,2026-09-06,24057.24,2026-10-21
INV-1750,V012,PO-00611,2026-09-30,9634.12,2026-10-25
INV-5118,V013,PO-00612,2026-09-07,24128.06,2026-09-24
INV-5171,V013,PO-00613,2026-08-18,34784.79,2026-09-29
INV-1767,V012,PO-00614,2026-08-10,25357.27,2026-09-08
INV-5409,V003,PO-00615,2026-09-17,19360.0,2026-10-26
INV-4723,V042,PO-00616,2026-09-29,20654.2,2026-10-30
INV-3306,V009,PO-00617,2026-07-31,22185.58,2026-09-01
INV-3065,V030,PO-00618,2026-07-17,20911.2,2026-08-14
INV-2524,V020,PO-00619,2026-07-25,4394.44,2026-09-07
INV-2076,V040,PO-00620,2026-09-08,8221.5,2026-09-30
INV-2286,V006,PO-00621,2026-07-24,36227.75,2026-08-24
INV-2589,V028,PO-00622,2026-09-19,24410.82,2026-10-01
INV-5421,V007,PO-00623,2026-07-17,21743.56,2026-07-28
INV-1602,V031,PO-00624,2026-08-26,30517.55,2026-09-30
INV-2633,V028,PO-00625,2026-09-28,23292.96,2026-11-08
INV-4958,V032,PO-00626,2026-07-10,26858.4,2026-08-15
INV-3087,V030,PO-00627,2026-08-16,32862.36,2026-09-30
INV-1334,V005,PO-00628,2026-08-07,10200.5,2026-09-12
INV-1833,V046,PO-00629,2026-07-28,6517.92,2026-08-19
INV-1787,V012,PO-00630,2026-09-07,28702.35,2026-10-22
INV-1708,V026,PO-00631,2026-10-14,25204.48,2026-11-14
INV-4402,V046,PO-00632,2026-08-18,8400.09,2026-09-03
INV-1936,V027,PO-00633,2026-09-11,11373.92,2026-10-06
INV-4987,V032,PO-00634,2026-07-17,37296.81,2026-08-02
INV-2578,V020,PO-00635,2026-10-02,40282.2,2026-10-14
INV-1768,V026,PO-00636,2026-08-08,15185.5,2026-08-25
INV-3113,V030,PO-00637,2026-07-17,7814.43,2026-07-29
INV-1873,V002,PO-00638,2026-07-11,3945.43,2026-08-10
INV-2243,V034,PO-00639,2026-08-12,40233.38,2026-09-18
INV-5216,V017,PO-00640,2026-07-12,26583.0,2026-08-24
INV-3800,V036,PO-00641,2026-08-08,40354.66,2026-08-19
INV-5465,V007,PO-00642,2026-07-27,5760.56,2026-08-18
INV-4880,V045,PO-00643,2026-08-18,2689.9,2026-09-18
INV-5505,V046,PO-00644,2026-08-22,38998.08,2026-10-01
INV-4679,V008,PO-00645,2026-09-21,38724.24,2026-10-24
INV-5601,V046,PO-00646,2026-08-07,18534.96,2026-09-13
INV-5185,V013,PO-00647,2026-08-20,14859.81,2026-09-06
INV-1651,V031,PO-00648,2026-08-02,31201.92,2026-09-15
INV-2234,V014,PO-00649,2026-10-11,9650.08,2026-11-11
INV-4134,V011,PO-00650,2026-10-06,35137.08,2026-10-30
INV-1828,V012,PO-00651,2026-08-29,2272.78,2026-09-16
INV-3120,V030,PO-00652,2026-08-05,2655.78,2026-09-16
INV-1885,V002,PO-00653,2026-09-03,9799.2,2026-09-28
INV-4055,V022,PO-00654,2026-09-18,35553.46,2026-10-25
INV-2873,V046,PO-00655,2026-07-13,33773.0,2026-08-09
INV-3326,V009,PO-00656,2026-08-16,33295.65,2026-09-10
INV-5363,V024,PO-00657,2026-10-18,9593.73,2026-11-29
INV-2458,V037,PO-00658,2026-09-28,38393.65,2026-10-21
INV-1981,V019,PO-00659,2026-09-10,35615.7,2026-10-14
INV-5514,V046,PO-00660,2026-09-29,35376.15,2026-11-11
INV-1872,V012,PO-00661,2026-07-17,29871.66,2026-08-29
INV-2334,V006,PO-00662,2026-10-04,38183.94,2026-11-15
INV-4968,V001,PO-00663,2026-08-16,23986.77,2026-09-14
INV-2513,V037,PO-00664,2026-07-15,8288.25,2026-07-30
INV-2941,V023,PO-00665,2026-10-04,11390.32,2026-10-21
INV-3215,V046,PO-00666,2026-08-20,36254.16,2026-10-04
INV-4918,V045,PO-00667,2026-08-14,39137.61,2026-09-22
INV-2989,V029,PO-00668,2026-07-08,25464.18,2026-08-08
INV-5385,V024,PO-00669,2026-08-30,26687.54,2026-09-12
INV-1819,V026,PO-00670,2026-09-19,25546.0,2026-10-25
INV-4975,V045,PO-00671,2026-08-10,21301.56,2026-09-02
INV-5214,V035,PO-00672,2026-09-28,29864.35,2026-10-17
INV-4146,V011,PO-00673,2026-09-21,16576.8,2026-10-19
INV-1924,V002,PO-00674,2026-08-22,28740.84,2026-09-17
INV-1537,V004,PO-00675,2026-09-14,39090.6,2026-09-27
INV-2555,V037,PO-00676,2026-08-08,19472.4,2026-09-19
INV-2299,V016,PO-00677,2026-07-28,22620.25,2026-08-31
INV-2741,V018,PO-00678,2026-09-09,23278.71,2026-10-24
INV-1957,V002,PO-00679,2026-07-26,19736.19,2026-08-06
INV-5232,V035,PO-00680,2026-09-10,23161.05,2026-10-09
INV-5236,V017,PO-00681,2026-09-27,7301.96,2026-10-07
INV-3236,V046,PO-00682,2026-09-04,8614.48,2026-09-20
INV-1469,V010,PO-00683,2026-10-11,2191.3,2026-11-21
INV-5047,V032,PO-00684,2026-08-03,9704.94,2026-08-21
INV-2006,V019,PO-00685,2026-09-30,36179.39,2026-10-24
INV-2664,V028,PO-00686,2026-08-19,8665.16,2026-09-25
INV-4860,V033,PO-00687,2026-08-15,4164.18,2026-09-02
INV-1708,V031,PO-00688,2026-09-14,20614.22,2026-10-13
INV-4999,V045,PO-00689,2026-09-23,31768.8,2026-10-06
INV-2257,V014,PO-00690,2026-09-03,14304.15,2026-09-19
INV-4091,V022,PO-00691,2026-08-13,22262.16,2026-09-23
INV-2610,V020,PO-00692,2026-08-31,4269.12,2026-09-25
INV-5509,V007,PO-00693,2026-07-31,32611.4,2026-08-14
INV-1486,V010,PO-00694,2026-08-14,4461.37,2026-09-21
INV-5452,V003,PO-00695,2026-07-06,30226.14,2026-07-24
INV-2263,V034,PO-00696,2026-09-06,8799.05,2026-10-02
INV-1991,V002,PO-00697,2026-09-13,35212.86,2026-10-23
INV-2289,V014,PO-00698,2026-08-18,4683.42,2026-08-29
INV-4015,V046,PO-00699,2026-10-07,18212.04,2026-11-06
INV-1757,V031,PO-00700,2026-07-28,4192.92,2026-08-12
INV-1781,V031,PO-00701,2026-08-24,3508.32,2026-09-16
INV-4976,V046,PO-00702,2026-10-07,16064.72,2026-10-27
INV-3927,V046,PO-00703,2026-09-25,19405.62,2026-10-30
INV-5411,V024,PO-00704,2026-09-06,25819.83,2026-09-21
INV-2541,V015,PO-00705,2026-08-09,41361.34,2026-08-22
INV-3128,V030,PO-00706,2026-09-25,35991.81,2026-10-27
INV-5563,V046,PO-00707,2026-07-31,17337.6,2026-08-14
INV-5074,V032,PO-00708,2026-09-24,22353.76,2026-10-16
INV-2033,V002,PO-00709,2026-09-20,10406.5,2026-10-07
INV-3261,V046,PO-00710,2026-07-18,2502.2,2026-08-21
INV-2599,V037,PO-00711,2026-09-23,3066.14,2026-10-09
INV-5638,V046,PO-00712,2026-09-19,35725.84,2026-10-08
INV-2797,V018,PO-00713,2026-09-04,9342.62,2026-09-18
INV-2299,V034,PO-00714,2026-08-27,1336.32,2026-09-15
INV-3942,V046,PO-00715,2026-07-29,23497.18,2026-08-09
INV-2089,V002,PO-00716,2026-09-17,9828.42,2026-10-04
INV-5267,V025,PO-00717,2026-09-16,7853.8,2026-10-07
INV-4143,V022,PO-00718,2026-07-30,35248.08,2026-09-05
INV-2911,V046,PO-00719,2026-08-09,12367.14,2026-09-12
INV-2340,V014,PO-00720,2026-08-03,17996.64,2026-08-19
INV-2959,V023,PO-00721,2026-08-12,32121.0,2026-09-20
INV-1846,V046,PO-00722,2026-10-12,13899.0,2026-11-01
INV-4750,V042,PO-00723,2026-08-07,21345.44,2026-09-20
INV-4181,V022,PO-00724,2026-10-06,28066.5,2026-11-04
INV-4237,V022,PO-00725,2026-09-25,19733.91,2026-11-02
INV-5291,V017,PO-00726,2026-08-02,20555.72,2026-09-12
INV-2331,V016,PO-00727,2026-08-12,33377.85,2026-09-23
INV-5491,V003,PO-00728,2026-07-31,35181.72,2026-09-11
INV-3276,V044,PO-00729,2026-07-21,9548.91,2026-08-05
INV-3184,V030,PO-00730,2026-08-23,35445.87,2026-09-20
INV-4078,V039,PO-00731,2026-09-12,18879.63,2026-10-18
INV-5204,V013,PO-00732,2026-09-25,11779.5,2026-10-22
INV-4198,V011,PO-00733,2026-08-20,4598.83,2026-10-03
INV-2357,V016,PO-00734,2026-10-01,25899.51,2026-11-10
INV-1876,V046,PO-00735,2026-09-19,37670.13,2026-10-08
INV-5679,V046,PO-00736,2026-08-16,37801.76,2026-09-14
INV-5081,V032,PO-00737,2026-09-10,1323.67,2026-10-15
INV-1559,V004,PO-00738,2026-07-30,38274.6,2026-08-18
INV-5257,V013,PO-00739,2026-07-18,31410.32,2026-07-31
INV-4803,V042,PO-00740,2026-08-02,16016.0,2026-08-21
INV-4453,V046,PO-00741,2026-07-27,25875.85,2026-09-03
INV-4460,V046,PO-00742,2026-08-07,14595.48,2026-09-01
INV-5271,V013,PO-00743,2026-10-11,31510.24,2026-11-25
INV-2125,V040,PO-00744,2026-07-22,21373.0,2026-09-02
INV-4984,V046,PO-00745,2026-09-08,3616.88,2026-09-23
INV-2073,V038,PO-00746,2026-09-26,9969.65,2026-10-23
INV-1815,V031,PO-00747,2026-07-21,14875.08,2026-08-08
INV-5266,V041,PO-00748,2026-09-08,20297.14,2026-10-21
INV-4047,V046,PO-00749,2026-08-26,33272.2,2026-09-28
INV-3679,V021,PO-00750,2026-07-19,29523.1,2026-07-30
INV-3027,V029,PO-00751,2026-08-22,30902.4,2026-09-06
INV-4470,V046,PO-00752,2026-09-04,38128.44,2026-10-19
INV-2953,V046,PO-00753,2026-10-14,18907.66,2026-11-25
INV-4686,V008,PO-00754,2026-08-17,7405.7,2026-09-07
INV-3036,V029,PO-00755,2026-07-22,15578.1,2026-09-01
INV-2577,V015,PO-00756,2026-09-23,32999.96,2026-10-27
INV-5597,V046,PO-00757,2026-10-15,8995.0,2026-11-25
INV-3708,V021,PO-00758,2026-10-10,31173.66,2026-10-28
INV-4135,V039,PO-00759,2026-10-02,13853.76,2026-11-01
INV-2406,V016,PO-00760,2026-07-22,15925.68,2026-08-09
INV-2096,V038,PO-00761,2026-08-24,27503.84,2026-09-11
INV-5726,V046,PO-00762,2026-10-01,10423.95,2026-10-18
INV-5022,V001,PO-00763,2026-09-20,8461.18,2026-10-14
INV-1947,V027,PO-00764,2026-07-23,28603.86,2026-08-17
INV-3829,V036,PO-00765,2026-08-01,25058.03,2026-09-12
INV-2129,V038,PO-00766,2026-08-10,9237.23,2026-09-19
INV-5630,V046,PO-00767,2026-10-07,27059.68,2026-10-25
INV-3853,V036,PO-00768,2026-08-13,38943.62,2026-08-24
INV-1961,V027,PO-00769,2026-09-29,19337.76,2026-11-10
INV-3051,V029,PO-00770,2026-09-04,11438.82,2026-10-14
INV-5676,V046,PO-00771,2026-08-02,27595.68,2026-08-24
INV-4515,V046,PO-00772,2026-08-23,16252.29,2026-09-11
INV-4852,V042,PO-00773,2026-07-20,10455.51,2026-07-31
INV-3283,V044,PO-00774,2026-09-17,15763.42,2026-10-17
INV-5275,V035,PO-00775,2026-07-29,9937.83,2026-09-07
INV-2597,V015,PO-00776,2026-09-14,9878.44,2026-09-27
INV-3317,V046,PO-00777,2026-08-26,18111.06,2026-10-05
INV-2977,V046,PO-00778,2026-10-07,32159.97,2026-10-27
INV-5316,V035,PO-00779,2026-07-20,17036.35,2026-08-18
INV-4062,V046,PO-00780,2026-09-02,17667.36,2026-09-23
INV-5554,V007,PO-00781,2026-07-08,25049.31,2026-08-03
INV-5077,V001,PO-00782,2026-08-31,8793.12,2026-10-11
INV-5765,V046,PO-00783,2026-09-17,10803.24,2026-10-29
INV-2355,V034,PO-00784,2026-07-26,11992.95,2026-08-31
INV-4919,V033,PO-00785,2026-07-29,37999.2,2026-09-01
INV-5295,V041,PO-00786,2026-09-08,27610.52,2026-10-06
INV-5057,V045,PO-00787,2026-09-28,31242.28,2026-10-13
INV-2971,V023,PO-00788,2026-07-12,9322.52,2026-08-08
INV-1883,V012,PO-00789,2026-08-29,3334.26,2026-10-04
INV-3904,V036,PO-00790,2026-08-18,10555.49,2026-09-15
INV-5088,V001,PO-00791,2026-09-12,21171.5,2026-10-26
INV-3952,V036,PO-00792,2026-08-06,28529.4,2026-08-24
INV-1369,V005,PO-00793,2026-09-07,12100.0,2026-09-18
INV-4551,V046,PO-00794,2026-10-10,20741.1,2026-11-11
INV-5598,V007,PO-00795,2026-08-13,11450.18,2026-09-06
INV-3738,V021,PO-00796,2026-08-27,22636.48,2026-10-06
INV-4243,V011,PO-00797,2026-08-30,30953.44,2026-10-07
INV-4185,V039,PO-00798,2026-08-18,26142.64,2026-09-02
INV-1862,V031,PO-00799,2026-10-11,29652.35,2026-11-16
INV-1912,V031,PO-00800,2026-08-31,21866.25,2026-09-21
INV-2642,V020,PO-00801,2026-09-01,12121.4,2026-09-22
INV-2438,V016,PO-00802,2026-08-13,22076.4,2026-09-25
INV-2457,V016,PO-00803,2026-09-08,13560.6,2026-10-22
INV-5319,V025,PO-00804,2026-09-12,20699.58,2026-10-11
INV-4282,V022,PO-00805,2026-09-02,8863.68,2026-10-09
INV-2695,V020,PO-00806,2026-10-05,20346.13,2026-10-17
INV-4004,V036,PO-00807,2026-09-27,14243.28,2026-10-26
INV-1907,V046,PO-00808,2026-08-11,32223.35,2026-09-04
INV-3328,V044,PO-00809,2026-07-21,7510.32,2026-08-27
INV-3768,V021,PO-00810,2026-10-03,37460.71,2026-11-12
INV-4292,V022,PO-00811,2026-08-17,30633.17,2026-09-24
INV-5459,V024,PO-00812,2026-08-26,27900.6,2026-09-05
INV-2634,V015,PO-00813,2026-07-12,4696.61,2026-08-03
INV-4201,V039,PO-00814,2026-07-30,34596.6,2026-09-03
INV-3965,V046,PO-00815,2026-08-28,25436.48,2026-10-03
INV-5345,V025,PO-00816,2026-08-20,17125.56,2026-09-23
INV-1947,V031,PO-00817,2026-08-09,13877.25,2026-09-10
INV-5139,V032,PO-00818,2026-09-01,3340.0,2026-10-06
INV-2386,V014,PO-00819,2026-09-06,34991.52,2026-09-16
INV-4743,V008,PO-00820,2026-08-10,3959.91,2026-09-05
INV-5146,V032,PO-00821,2026-09-12,36514.6,2026-10-17
INV-4091,V046,PO-00822,2026-09-18,4383.68,2026-10-03
INV-1582,V004,PO-00823,2026-09-14,8601.56,2026-10-04
INV-5284,V013,PO-00824,2026-07-11,13299.24,2026-08-20
INV-5401,V025,PO-00825,2026-08-23,25995.93,2026-09-27
INV-4762,V008,PO-00826,2026-08-27,37219.0,2026-09-17
INV-4045,V036,PO-00827,2026-08-10,8317.53,2026-09-03
INV-4803,V008,PO-00828,2026-09-25,7444.2,2026-10-28
INV-2137,V038,PO-00829,2026-10-02,8327.76,2026-11-04
INV-5342,V041,PO-00830,2026-10-16,22374.4,2026-11-19
INV-4573,V046,PO-00831,2026-08-05,16644.36,2026-08-29
INV-4130,V046,PO-00832,2026-08-17,4358.24,2026-09-02
INV-4860,V008,PO-00833,2026-10-08,19488.36,2026-11-13
INV-4966,V033,PO-00834,2026-09-11,27416.29,2026-10-16
INV-3237,V030,PO-00835,2026-08-15,28250.04,2026-09-11
INV-1601,V004,PO-00836,2026-07-16,23441.4,2026-08-23
INV-2847,V018,PO-00837,2026-09-11,30903.88,2026-09-26
INV-4404,V043,PO-00838,2026-09-27,42193.69,2026-10-27
INV-2420,V014,PO-00839,2026-10-12,30843.04,2026-11-24
INV-2738,V020,PO-00840,2026-07-22,30420.0,2026-08-31
INV-2008,V027,PO-00841,2026-07-27,8415.15,2026-09-08
INV-5144,V001,PO-00842,2026-10-16,6549.68,2026-11-15
INV-2361,V006,PO-00843,2026-09-20,5921.4,2026-10-30
INV-3089,V029,PO-00844,2026-09-03,21649.68,2026-10-08
INV-2171,V038,PO-00845,2026-07-25,8385.64,2026-08-25
INV-4283,V011,PO-00846,2026-07-16,24563.54,2026-08-19
INV-4304,V011,PO-00847,2026-07-09,19445.62,2026-08-14
INV-2630,V037,PO-00848,2026-07-08,20122.24,2026-08-11
INV-4606,V046,PO-00849,2026-08-07,18627.57,2026-09-10
INV-5167,V001,PO-00850,2026-10-01,8470.28,2026-10-18
INV-5327,V035,PO-00851,2026-08-09,23299.01,2026-09-19
INV-1970,V031,PO-00852,2026-09-07,2799.28,2026-10-09
INV-1984,V031,PO-00853,2026-08-11,7649.7,2026-09-22
INV-3978,V046,PO-00854,2026-08-13,14186.08,2026-09-13
INV-2023,V031,PO-00855,2026-08-25,6240.6,2026-10-02
INV-3779,V021,PO-00856,2026-09-30,27776.47,2026-10-17
INV-5332,V013,PO-00857,2026-10-06,9209.3,2026-11-04
INV-4442,V043,PO-00858,2026-09-15,39379.5,2026-10-29
INV-5205,V001,PO-00859,2026-08-30,24341.28,2026-09-19
INV-2490,V016,PO-00860,2026-08-11,41442.94,2026-08-24
INV-4886,V008,PO-00861,2026-08-23,8305.22,2026-09-17
INV-5384,V013,PO-00862,2026-10-05,5553.9,2026-11-04
INV-5193,V032,PO-00863,2026-07-30,12501.72,2026-09-13
INV-5383,V041,PO-00864,2026-09-29,27317.84,2026-11-12
INV-5514,V003,PO-00865,2026-07-26,26670.93,2026-08-28
INV-4215,V039,PO-00866,2026-07-09,15583.77,2026-08-16
INV-4457,V043,PO-00867,2026-09-30,40305.2,2026-10-24
INV-3823,V021,PO-00868,2026-08-26,30281.4,2026-09-23
INV-5358,V035,PO-00869,2026-08-28,8888.04,2026-10-10
INV-4659,V046,PO-00870,2026-07-23,31627.12,2026-08-21
INV-2770,V020,PO-00871,2026-09-16,4765.78,2026-10-10
INV-5106,V045,PO-00872,2026-08-15,6406.64,2026-09-25
INV-2382,V006,PO-00873,2026-09-01,4430.8,2026-09-15
INV-4341,V022,PO-00874,2026-10-03,19522.58,2026-11-02
INV-3012,V023,PO-00875,2026-09-23,18223.92,2026-10-03
INV-3345,V009,PO-00876,2026-10-02,21242.26,2026-10-21
INV-5154,V045,PO-00877,2026-10-03,33894.98,2026-11-03
INV-5239,V001,PO-00878,2026-08-27,28783.36,2026-09-19
INV-5034,V046,PO-00879,2026-10-15,2304.57,2026-11-02
INV-2413,V006,PO-00880,2026-09-15,35720.16,2026-10-08
INV-5020,V033,PO-00881,2026-09-23,7416.96,2026-10-23
INV-2380,V034,PO-00882,2026-09-26,4367.94,2026-11-06
INV-2655,V037,PO-00883,2026-08-12,5293.8,2026-09-19
INV-5425,V013,PO-00884,2026-10-12,16727.32,2026-11-04
INV-2651,V015,PO-00885,2026-09-08,1165.68,2026-10-11
INV-4923,V008,PO-00886,2026-09-28,10888.83,2026-10-20
INV-2719,V028,PO-00887,2026-08-15,7872.12,2026-09-23
INV-2516,V016,PO-00888,2026-08-05,20817.54,2026-09-08
INV-1908,V012,PO-00889,2026-09-23,29013.72,2026-11-05
INV-5285,V001,PO-00890,2026-09-10,1638.86,2026-10-07
INV-5457,V025,PO-00891,2026-09-30,18552.84,2026-11-13
INV-3339,V044,PO-00892,2026-08-13,34527.95,2026-09-19
INV-3142,V029,PO-00893,2026-07-26,31826.16,2026-09-03
INV-5617,V007,PO-00894,2026-08-08,32993.9,2026-08-29
INV-2045,V027,PO-00895,2026-09-11,17859.52,2026-10-20
INV-5040,V033,PO-00896,2026-08-15,25020.14,2026-09-16
INV-5227,V032,PO-00897,2026-09-23,14176.97,2026-10-08
INV-2713,V037,PO-00898,2026-08-09,34578.47,2026-08-19
INV-5458,V013,PO-00899,2026-10-18,18877.2,2026-11-15
INV-5184,V045,PO-00900,2026-08-08,2778.78,2026-08-30
INV-2116,V002,PO-00901,2026-08-28,7682.47,2026-09-19
INV-3994,V046,PO-00902,2026-07-10,1761.51,2026-08-24
INV-4167,V046,PO-00903,2026-07-26,22815.32,2026-08-05
INV-3376,V009,PO-00904,2026-07-22,19464.27,2026-08-11
INV-2126,V002,PO-00905,2026-10-02,22220.52,2026-11-04
INV-2881,V018,PO-00906,2026-08-09,12109.46,2026-09-15
INV-3356,V044,PO-00907,2026-08-08,9865.22,2026-09-02
INV-2747,V028,PO-00908,2026-08-29,20693.33,2026-10-11
INV-2153,V002,PO-00909,2026-07-28,12520.2,2026-08-18
INV-4973,V008,PO-00910,2026-09-05,10818.75,2026-10-13
INV-4017,V046,PO-00911,2026-07-27,32453.14,2026-08-21
INV-3161,V029,PO-00912,2026-09-30,39156.92,2026-11-01
INV-5805,V046,PO-00913,2026-08-24,31977.36,2026-09-23
INV-2194,V038,PO-00914,2026-10-16,10214.25,2026-11-04
INV-5005,V008,PO-00915,2026-09-07,8278.9,2026-09-21
INV-2524,V016,PO-00916,2026-10-08,4861.64,2026-11-15
INV-2216,V038,PO-00917,2026-07-20,4756.72,2026-08-04
INV-2895,V018,PO-00918,2026-08-09,7294.3,2026-09-21
INV-5487,V025,PO-00919,2026-07-30,4610.4,2026-09-04
INV-1509,V010,PO-00920,2026-09-26,18647.3,2026-11-04
INV-5536,V003,PO-00921,2026-08-18,28360.8,2026-09-12
INV-2255,V038,PO-00922,2026-09-20,27866.74,2026-10-11
INV-5581,V003,PO-00923,2026-07-26,2690.16,2026-08-21
INV-4073,V046,PO-00924,2026-08-05,31304.7,2026-09-01
INV-5036,V008,PO-00925,2026-07-21,13616.64,2026-08-28
INV-1862,V026,PO-00926,2026-10-12,32607.64,2026-10-31
INV-3044,V023,PO-00927,2026-08-27,10288.59,2026-09-11
INV-5278,V032,PO-00928,2026-07-24,2491.17,2026-08-12
INV-5193,V045,PO-00929,2026-10-03,20200.32,2026-10-28
INV-4361,V011,PO-00930,2026-09-17,8537.74,2026-10-22
INV-2088,V027,PO-00931,2026-08-11,28551.84,2026-09-14
INV-4374,V022,PO-00932,2026-07-30,36981.62,2026-08-27
INV-2819,V020,PO-00933,2026-07-17,37916.19,2026-08-26
INV-5494,V013,PO-00934,2026-08-26,32742.09,2026-09-29
INV-1880,V026,PO-00935,2026-09-11,29285.93,2026-10-24
INV-3294,V030,PO-00936,2026-07-24,2835.42,2026-08-30
INV-2058,V031,PO-00937,2026-10-09,12375.0,2026-10-22
INV-1396,V005,PO-00938,2026-09-06,16460.56,2026-10-20
INV-5468,V024,PO-00939,2026-10-04,12197.57,2026-10-21
INV-4243,V039,PO-00940,2026-07-14,20680.17,2026-08-08
INV-2538,V016,PO-00941,2026-07-28,2230.14,2026-08-21
INV-5069,V046,PO-00942,2026-08-04,8371.44,2026-08-30
INV-1923,V012,PO-00943,2026-09-25,8842.62,2026-10-05
INV-3057,V023,PO-00944,2026-08-15,5028.4,2026-09-21
INV-4372,V011,PO-00945,2026-08-10,9673.28,2026-09-10
INV-1658,V004,PO-00946,2026-09-27,33739.44,2026-10-13
INV-3406,V044,PO-00947,2026-07-24,4798.26,2026-09-03
INV-5069,V008,PO-00948,2026-07-25,31123.04,2026-08-26
INV-4718,V046,PO-00949,2026-07-18,38229.84,2026-08-10
INV-2016,V019,PO-00950,2026-08-13,14075.01,2026-09-27
INV-2423,V034,PO-00951,2026-08-02,19893.13,2026-09-07
INV-2467,V006,PO-00952,2026-09-26,35814.18,2026-10-18
INV-5849,V046,PO-00953,2026-08-31,26323.31,2026-10-02
INV-4181,V046,PO-00954,2026-07-19,27136.2,2026-08-12
INV-2460,V034,PO-00955,2026-08-24,25931.92,2026-09-29
INV-5084,V008,PO-00956,2026-10-11,9454.56,2026-11-05
INV-5700,V046,PO-00957,2026-08-07,13510.52,2026-08-17
INV-2037,V019,PO-00958,2026-07-24,25554.15,2026-08-15
INV-2096,V019,PO-00959,2026-07-17,15020.4,2026-08-26
INV-3330,V046,PO-00960,2026-08-03,25801.65,2026-08-20
INV-5133,V008,PO-00961,2026-08-21,9332.4,2026-09-01
INV-4090,V046,PO-00962,2026-10-20,4292.82,2026-11-05
INV-1405,V005,PO-00963,2026-10-02,24238.4,2026-10-17
INV-2835,V020,PO-00964,2026-10-11,3021.91,2026-11-07
INV-4410,V011,PO-00965,2026-08-18,33037.47,2026-09-04
INV-3833,V021,PO-00966,2026-08-10,14678.61,2026-09-11
INV-2932,V018,PO-00967,2026-09-15,35079.39,2026-10-07
INV-5099,V033,PO-00968,2026-09-16,6000.3,2026-10-30
INV-1965,V046,PO-00969,2026-09-10,29047.0,2026-10-08
INV-5425,V041,PO-00970,2026-07-24,11689.86,2026-09-02
INV-5318,V001,PO-00971,2026-10-04,14997.6,2026-10-17
INV-5145,V008,PO-00972,2026-10-02,9333.41,2026-11-15
INV-5751,V046,PO-00973,2026-08-07,15064.96,2026-08-17
INV-1516,V010,PO-00974,2026-08-09,18527.8,2026-08-19
INV-2312,V038,PO-00975,2026-09-19,21443.94,2026-11-03
INV-5337,V017,PO-00976,2026-08-16,4090.65,2026-09-19
INV-3844,V021,PO-00977,2026-09-08,18866.33,2026-09-30
INV-5330,V032,PO-00978,2026-08-31,25174.62,2026-10-01
INV-5201,V045,PO-00979,2026-09-13,17612.1,2026-09-23
INV-5514,V013,PO-00980,2026-08-25,14413.1,2026-09-14
INV-2990,V018,PO-00981,2026-09-06,11424.36,2026-10-08
INV-3026,V018,PO-00982,2026-07-30,30259.0,2026-08-28
INV-4894,V042,PO-00983,2026-09-19,31031.32,2026-10-23
INV-2478,V034,PO-00984,2026-08-14,10714.8,2026-08-29
INV-5350,V001,PO-00985,2026-09-14,31105.81,2026-10-20
INV-5356,V017,PO-00986,2026-08-09,4201.25,2026-09-16
INV-5117,V046,PO-00987,2026-10-20,6630.92,2026-11-19
INV-5392,V017,PO-00988,2026-09-05,12646.7,2026-10-07
INV-3342,V046,PO-00989,2026-08-13,3736.72,2026-09-08
INV-3084,V018,PO-00990,2026-07-09,29854.44,2026-08-09
INV-3863,V021,PO-00991,2026-07-31,19371.84,2026-08-18
INV-5673,V007,PO-00992,2026-07-30,41407.32,2026-08-12
INV-5478,V041,PO-00993,2026-09-22,20953.24,2026-11-03
INV-2201,V002,PO-00994,2026-09-17,36285.04,2026-10-26
INV-3098,V018,PO-00995,2026-09-16,7883.6,2026-10-14
INV-3147,V018,PO-00996,2026-09-07,19314.04,2026-09-24
INV-5156,V046,PO-00997,2026-07-17,27789.0,2026-08-19
INV-5120,V033,PO-00998,2026-09-16,27402.32,2026-10-13
INV-2363,V038,PO-00999,2026-10-12,8470.77,2026-11-09
INV-3917,V021,PO-01000,2026-09-30,11650.83,2026-10-12
INV-5258,V045,PO-01001,2026-09-22,22307.34,2026-10-27
INV-5298,V045,PO-01002,2026-07-12,31737.11,2026-08-16
INV-1718,V004,PO-01003,2026-09-03,8725.68,2026-09-17
INV-4114,V046,PO-01004,2026-09-27,17638.4,2026-10-18
INV-5564,V013,PO-01005,2026-10-17,16254.48,2026-11-03
INV-1968,V012,PO-01006,2026-09-17,26936.14,2026-10-04
INV-2238,V002,PO-01007,2026-09-17,27293.4,2026-10-05
INV-1771,V004,PO-01008,2026-08-14,19539.1,2026-09-10
INV-3000,V046,PO-01009,2026-08-25,38573.25,2026-09-22
INV-5210,V046,PO-01010,2026-09-11,19141.67,2026-10-14
INV-3953,V021,PO-01011,2026-08-21,17565.84,2026-09-20
INV-4385,V022,PO-01012,2026-09-23,27509.0,2026-10-23
INV-2444,V014,PO-01013,2026-08-20,1065.73,2026-09-02
INV-3328,V030,PO-01014,2026-07-25,16766.55,2026-08-10
INV-2526,V006,PO-01015,2026-08-22,5766.54,2026-09-22
INV-3983,V021,PO-01016,2026-08-03,5027.58,2026-09-02
INV-4467,V043,PO-01017,2026-09-07,13681.14,2026-09-18
INV-4420,V022,PO-01018,2026-08-23,16417.6,2026-09-23
INV-3375,V046,PO-01019,2026-08-24,24186.55,2026-09-09
INV-5499,V024,PO-01020,2026-07-27,27946.24,2026-08-24
INV-1982,V046,PO-01021,2026-08-31,24870.04,2026-09-22
INV-5511,V041,PO-01022,2026-08-25,4401.48,2026-09-21
INV-5350,V032,PO-01023,2026-07-21,20772.45,2026-08-26
INV-5762,V046,PO-01024,2026-08-01,11940.39,2026-08-20
INV-3207,V018,PO-01025,2026-08-18,4372.32,2026-09-04
INV-2404,V038,PO-01026,2026-09-11,9636.0,2026-10-16
INV-3056,V046,PO-01027,2026-09-02,33870.54,2026-09-14
INV-5580,V013,PO-01028,2026-10-17,21171.32,2026-11-20
INV-5529,V025,PO-01029,2026-09-17,26273.5,2026-10-16
INV-2541,V006,PO-01030,2026-07-29,39834.08,2026-08-17
INV-2136,V040,PO-01031,2026-09-12,12551.7,2026-10-18
INV-5357,V001,PO-01032,2026-07-30,4641.12,2026-08-16
INV-2793,V028,PO-01033,2026-10-16,22271.68,2026-11-03
INV-3453,V044,PO-01034,2026-08-19,19547.84,2026-10-02
INV-5541,V025,PO-01035,2026-10-08,5891.1,2026-10-19
INV-5409,V017,PO-01036,2026-09-04,6622.44,2026-10-08
INV-5182,V008,PO-01037,2026-07-28,12807.12,2026-09-03
INV-1790,V004,PO-01038,2026-07-10,4214.28,2026-08-18
INV-2171,V040,PO-01039,2026-07-15,34454.76,2026-08-10
INV-5561,V025,PO-01040,2026-08-27,11446.17,2026-09-27
INV-2549,V006,PO-01041,2026-08-17,27567.59,2026-09-01
INV-4909,V042,PO-01042,2026-07-14,27721.2,2026-08-04
INV-5591,V025,PO-01043,2026-09-02,8857.89,2026-10-17
INV-4468,V011,PO-01044,2026-09-04,4639.59,2026-10-03
INV-4438,V022,PO-01045,2026-08-21,17126.34,2026-09-20
INV-2681,V015,PO-01046,2026-07-27,21731.7,2026-09-01
INV-4765,V046,PO-01047,2026-10-11,15363.2,2026-10-28
INV-2480,V014,PO-01048,2026-09-26,4409.89,2026-10-19
INV-4488,V043,PO-01049,2026-07-27,2196.8,2026-08-23
INV-4264,V039,PO-01050,2026-09-01,25614.98,2026-09-21
INV-5862,V046,PO-01051,2026-07-27,30713.06,2026-08-07
INV-4795,V046,PO-01052,2026-08-28,29248.24,2026-09-19
INV-3343,V030,PO-01053,2026-09-23,34814.4,2026-10-03
INV-2876,V020,PO-01054,2026-08-09,29216.6,2026-08-31
INV-3235,V018,PO-01055,2026-10-05,3857.63,2026-11-05
INV-3387,V046,PO-01056,2026-08-17,23175.36,2026-09-26
INV-2180,V040,PO-01057,2026-09-05,19325.46,2026-10-16
INV-5165,V033,PO-01058,2026-08-31,17878.12,2026-10-04
INV-3993,V021,PO-01059,2026-09-06,15873.86,2026-10-05
INV-1524,V010,PO-01060,2026-10-01,15139.84,2026-11-06
INV-2568,V006,PO-01061,2026-08-20,29559.3,2026-09-28
INV-5372,V032,PO-01062,2026-09-17,3692.8,2026-09-30
INV-2016,V046,PO-01063,2026-09-29,19440.27,2026-10-25
INV-2114,V019,PO-01064,2026-08-08,28183.68,2026-09-16
INV-3116,V023,PO-01065,2026-08-30,12900.16,2026-09-22
INV-4484,V022,PO-01066,2026-08-23,20232.68,2026-09-28
INV-1835,V004,PO-01067,2026-07-26,16582.23,2026-08-19
INV-2137,V027,PO-01068,2026-09-20,31193.62,2026-11-03
INV-4005,V021,PO-01069,2026-07-16,3189.41,2026-08-29
INV-5233,V008,PO-01070,2026-09-20,7162.38,2026-10-15
INV-4498,V043,PO-01071,2026-09-22,13239.95,2026-10-02
INV-2230,V040,PO-01072,2026-09-26,13165.71,2026-10-24
INV-4804,V046,PO-01073,2026-09-29,10853.8,2026-10-14
INV-2598,V006,PO-01074,2026-09-07,33354.96,2026-10-13
INV-2446,V038,PO-01075,2026-07-18,11932.31,2026-08-27
INV-1457,V005,PO-01076,2026-10-03,4933.83,2026-11-12
INV-5520,V024,PO-01077,2026-07-18,36475.4,2026-08-21
INV-2651,V006,PO-01078,2026-07-30,27182.76,2026-09-12
INV-5192,V033,PO-01079,2026-09-04,17452.0,2026-10-14
INV-4515,V043,PO-01080,2026-07-15,33118.4,2026-08-05
INV-4859,V046,PO-01081,2026-09-09,1326.51,2026-09-25
INV-1918,V026,PO-01082,2026-07-27,30803.74,2026-09-06
INV-3081,V046,PO-01083,2026-10-02,23080.32,2026-10-13
INV-4931,V042,PO-01084,2026-08-06,16844.85,2026-09-16
INV-4286,V039,PO-01085,2026-08-21,40204.5,2026-09-17
INV-5250,V033,PO-01086,2026-09-28,11597.4,2026-10-15
INV-2484,V038,PO-01087,2026-08-16,36357.36,2026-09-16
INV-2698,V015,PO-01088,2026-08-11,15890.76,2026-09-18
INV-3132,V046,PO-01089,2026-10-11,26532.6,2026-10-22
INV-5553,V024,PO-01090,2026-08-27,6855.6,2026-09-18
INV-3245,V018,PO-01091,2026-08-16,21664.02,2026-09-29
INV-5628,V025,PO-01092,2026-07-29,12862.5,2026-08-30
INV-2919,V020,PO-01093,2026-08-30,12222.56,2026-10-14
INV-5897,V046,PO-01094,2026-09-05,16735.6,2026-10-12
INV-2511,V034,PO-01095,2026-07-25,21174.5,2026-08-19
INV-4064,V036,PO-01096,2026-09-12,5309.24,2026-10-08
INV-4093,V036,PO-01097,2026-09-03,28429.2,2026-10-04
INV-2555,V016,PO-01098,2026-10-08,22015.0,2026-11-17
INV-4300,V039,PO-01099,2026-10-09,4555.2,2026-11-20
INV-2833,V028,PO-01100,2026-08-16,30801.98,2026-09-22
INV-1894,V004,PO-01101,2026-07-28,46587.06,2026-08-25
INV-1905,V004,PO-01102,2026-08-07,48073.81,2026-09-20
INV-1913,V004,PO-01103,2026-08-15,45605.7,2026-09-25
INV-4535,V022,PO-01104,2026-09-23,8844.7,2026-10-14
INV-4570,V022,PO-01105,2026-09-24,9070.92,2026-11-04
INV-4582,V022,PO-01106,2026-10-01,9100.46,2026-11-07
INV-4358A,V046,PO-00570,2026-09-01,5735.04,2026-10-05
INV-5184,V046,PO-00277,2026-08-04,30763.78,2026-09-12
INV-2688,V018,PO-00595,2026-10-02,24279.2,2026-10-22
INV-3502,V055,PO-01107,2026-08-03,4925.78,2026-08-05
INV-3087,V056,PO-01108,2026-08-17,33172.44,2026-08-19
INV-4961,V042,PO-01109,2026-08-13,79730.27,2026-09-17
INV-4999,V042,PO-01110,2026-10-03,5834.18,2026-11-03
INV-2755,V037,PO-01111,2026-09-12,66766.2,2026-10-12
INV-4310,V039,PO-01112,2026-08-29,62352.72,2026-09-21
INV-2192,V027,PO-01113,2026-08-08,2714.04,2026-08-28
INV-5550,V041,PO-01114,2026-07-20,46395.0,2026-08-08
INV-3443,V048,PO-01115,2026-07-28,40184.82,2026-08-09
INV-5301,V033,PO-01116,2026-09-16,6228.75,2026-09-27
INV-4918,V046,PO-01117,2026-09-15,38819.25,2026-10-26
INV-4133,V036,PO-01118,2026-08-24,37347.65,2026-09-11
INV-3396,V030,PO-01119,2026-07-25,5020.88,2026-08-13
INV-114,V031,PO-01120,2026-07-12,25000,2026-08-23
INV-115,V031,PO-01121,2026-07-18,20000,2026-08-12
INV-116,V031,PO-01122,2026-09-20,15000,2026-10-08
INV-117,V031,PO-01123,2026-10-12,30000,2026-11-16
INV-118,V031,PO-01124,2026-09-03,30000,2026-10-18
