staff_id,name,department,bank_iban
E001,Fahad Al-Shehri,IT,SA8139986987973091141707
E002,Noura Al-Ghamdi,Operations,SA4556815188447294055761
E003,Reem Al-Shammari,IT,SA7168976846978809320819
E004,Lama Al-Mutairi,Projects,SA7317784864887663440029
E005,Hind Al-Anazi,Operations,SA5347787680457178472671
E006,Nasser Al-Mutairi,Finance,SA1362701079819331908452
E007,Ahmed Al-Shehri,IT,SA9728379298416229486628
E008,Faisal Al-Dosari,Procurement,SA1610550087547517799229
E009,Abdullah Al-Ghamdi,Operations,SA9579318603208073702838
E010,Saad Al-Qahtani,Projects,SA6468616425247764725877
E011,Fahad Al-Anazi,IT,SA4133017568205258983194
E012,Majed Al-Shammari,Projects,SA9494821416210521854914
E013,Noura Al-Qahtani,Finance,SA4106460013041189557990
E014,Reem Al-Shehri,IT,SA3976158464506045414659
E015,Ahmed Al-Anazi,Finance,SA3801291102859406925666
E016,Sultan Al-Dosari,Projects,SA2280886423004876452912
E017,Majed Al-Harbi,IT,SA4585003703826538453557
E018,Hind Al-Anazi,Operations,SA9432627058602145842108
E019,Faisal Al-Shammari,Finance,SA9066882811265844093244
E020,Majed Al-Zahrani,Finance,SA2630976582802582201805
E021,Khalid Al-Shehri,Finance,SA3829932157116494157718
E022,Abdullah Al-Ghamdi,Finance,SA7951117443256885576523
E023,Hind Al-Ghamdi,Finance,SA5696327926451547428435
E024,Saad Al-Anazi,Procurement,SA4497660856517883655062
E025,Ahmed Al-Zahrani,IT,SA4259967750031450378495
E026,Khalid Al-Anazi,Projects,SA8012537392419689821046
E027,Mohammed Al-Qahtani,IT,SA8375555974754072075473
E028,Sara Al-Zahrani,IT,SA6439061884791889575552
E029,Khalid Al-Anazi,Projects,SA4886193073368828347285
E030,Sara Al-Dosari,IT,SA9832982229004422485272
E031,Omar Al-Harbi,Projects,SA2697804385817625280700
E032,Fahad Al-Shehri,IT,SA4502831663233735286675
E033,Faisal Al-Zahrani,Operations,SA8971331159212363608244
E034,Sara Al-Dosari,Procurement,SA7874572128357699085417
E035,Hind Al-Shehri,IT,SA8814401901879169797802
E036,Noura Al-Qahtani,Procurement,SA1612840019815247357363
E037,Abdullah Al-Shehri,Operations,SA0739273197967807360872
E038,Turki Al-Ghamdi,IT,SA5469059828195391827611
E039,Lama Al-Dosari,Procurement,SA3304284514203817805780
E040,Faisal Al-Mutairi,Procurement,SA4121430490741828898370
