vendor_id,name,cr_number,bank_iban,created_date
V001,Shams Madar Contracting (fictional),1016593111,SA7130066817922328385642,2024-07-03
V002,Sarh Rimal Trading (fictional),1011246804,SA2983725278120617695851,2023-12-19
V003,Buruj Noor Solutions (fictional),1013992870,SA1634999248005279137298,2023-09-16
V004,Nakheel Najd Trading (fictional),1010066722,SA9842640794260791135716,2023-05-11
V005,Bina Sarh Est. (fictional),1014989513,SA4796745219803346352136,2025-01-15
V006,Sahab Tamayuz Services (fictional),1019000954,SA6398488645732840934269,2024-10-22
V007,Sahab Sarh Est. (fictional),1018336529,SA0940985846388498556830,2024-10-13
V008,Qimma Waha Est. (fictional),1016110364,SA3896501332796726835081,2024-02-01
V009,Najd Najd Contracting (fictional),1012065678,SA7958163540115276113875,2024-02-12
V010,Tamayuz Jazeera Trading (fictional),1015812156,SA3277186210761770775106,2023-03-30
V011,Jazeera Qimma Solutions (fictional),1014290582,SA8836152029944613516199,2023-03-12
V012,Bina Rawabi Est. (fictional),1019703745,SA4398286408948746439725,2025-05-28
V013,Waha Taqa Services (fictional),1011850902,SA9303995515669796156795,2023-11-15
V014,Buruj Dana Services (fictional),1015976408,SA6547056709048801564644,2023-01-15
V015,Noor Masar Contracting (fictional),1011307051,SA3205987198890421631111,2023-03-01
V016,Buruj Dana Trading (fictional),1017395536,SA8046587306424829601796,2023-05-21
V017,Nakheel Sarh Solutions (fictional),1012465071,SA0412634789235240137615,2024-10-13
V018,Dana Rimal Trading (fictional),1019680541,SA1483354148818137852223,2024-01-11
V019,Shams Bina Solutions (fictional),1016548909,SA4975332571929480853470,2023-05-03
V020,Taqa Sahab Services (fictional),1016586718,SA1341461754420146133800,2024-04-10
V021,Rawabi Masar Trading (fictional),1015341774,SA1478658930597760553848,2024-10-03
V022,Waha Madar Est. (fictional),1011357162,SA0670907276151413633437,2024-07-04
V023,Noor Najd Trading (fictional),1018850337,SA7526239424646686316653,2025-01-27
V024,Tamayuz Shams Solutions (fictional),1019610864,SA7453581342172334967704,2024-09-03
V025,Taqa Rimal Solutions (fictional),1014628525,SA7516886561141082359534,2023-02-17
V026,Tamayuz Bina Trading (fictional),1014753065,SA2947478182446026195680,2024-11-26
V027,Shams Noor Trading (fictional),1010266937,SA0520070091703927330570,2023-02-26
V028,Masar Wadi Services (fictional),1018448026,SA7781661146351102038300,2024-06-21
V029,Taqa Noor Solutions (fictional),1010057808,SA0426371671552930126708,2023-07-31
V030,Rimal Sahab Supplies (fictional),1017537245,SA7057929923981337027186,2025-06-01
V031,Najd Madar Supplies (fictional),1012012368,SA2999147067554850663516,2025-06-14
V032,Nakheel Qimma Supplies (fictional),1015311090,SA9734812417264366282909,2023-05-31
V033,Jazeera Noor Supplies (fictional),1012250242,SA4220426283709506018898,2025-01-18
V034,Sarh Noor Services (fictional),1015248095,SA1780133252695637827608,2023-05-06
V035,Sahab Najd Solutions (fictional),1019867382,SA6121385607002238696953,2025-05-25
V036,Bina Afaq Contracting (fictional),1014959705,SA6550135100637171124335,2024-05-17
V037,Rimal Qimma Services (fictional),1016159955,SA0986801543161030225021,2024-07-21
V038,Madar Jazeera Trading (fictional),1011976785,SA1482941834190823861352,2024-01-12
V039,Najd Sahab Contracting (fictional),1013625525,SA8637877604054246854242,2023-06-29
V040,Sarh Qimma Services (fictional),1011181786,SA2974476604713936055049,2025-05-04
V041,Dana Madar Est. (fictional),1019576996,SA1610550087547517799229,2023-01-12
V042,Bina Taqa Est. (fictional),1015119632,SA0372056832660756896516,2025-04-28
V043,Taqa Shams Trading (fictional),1019432778,SA8203962209876953971100,2024-05-26
V044,Buruj Waha Supplies (fictional),1018384922,SA6002822070169298442782,2025-03-15
V045,Wadi Dana Solutions (fictional),1012571417,SA4431774664323167779214,2025-04-10
V046,Rimal Madar Contracting (fictional),1014863665,SA4796725218990332126686,2025-05-29
V047,Buruj Jazeera Contracting (fictional),1011504090,SA3831294715029529207425,2024-04-21
V048,Dana Rawabi Est. (fictional),1018404372,SA3717634526064501145946,2024-08-05
V049,Wadi Buruj Est. (fictional),1018944876,SA4500748514810133156040,2024-01-05
V050,Shams Masar Est. (fictional),1011202312,SA9596101019544461515753,2024-06-07
V051,Tamayuz Sahab Trading (fictional),1012881791,SA5490921889049953142373,2023-02-20
V052,Masar Dana Solutions (fictional),1017460244,SA9516854247448059498065,2024-08-02
V053,Madar Waha Services (fictional),1012310655,SA5284561863405613575069,2024-03-23
V054,Taqa Jazeera Est. (fictional),1016472305,SA9814331791430747776388,2024-10-26
V055,Taqa Quick Est. (fictional),1016247930,SA7815763407337707514732,2026-08-02
V056,Dana Quick Contracting (fictional),1018865109,SA0893895781505355053414,2026-08-16
