CHECK_ID,CHECK_DATE,STATUS_LOOKUP_CODE,VOID_DATE
800000,27-AUG-26,NEGOTIABLE,
800001,01-AUG-26,NEGOTIABLE,
800002,16-SEP-26,NEGOTIABLE,
800003,22-OCT-26,NEGOTIABLE,
800004,02-AUG-26,NEGOTIABLE,
800005,02-OCT-26,NEGOTIABLE,
899999,11-OCT-26,VOIDED,12-OCT-26
800006,14-NOV-26,NEGOTIABLE,
800007,26-AUG-26,NEGOTIABLE,
800008,01-DEC-26,NEGOTIABLE,
800009,18-SEP-26,NEGOTIABLE,
800010,07-SEP-26,NEGOTIABLE,
800011,11-OCT-26,NEGOTIABLE,
800012,20-OCT-26,NEGOTIABLE,
800013,29-SEP-26,NEGOTIABLE,
800014,14-NOV-26,NEGOTIABLE,
800015,03-SEP-26,NEGOTIABLE,
800016,25-OCT-26,NEGOTIABLE,
800017,27-SEP-26,NEGOTIABLE,
800018,18-SEP-26,NEGOTIABLE,
800019,09-OCT-26,NEGOTIABLE,
800020,10-OCT-26,NEGOTIABLE,
800021,07-SEP-26,NEGOTIABLE,
800022,27-OCT-26,NEGOTIABLE,
800023,01-SEP-26,NEGOTIABLE,
800024,15-SEP-26,NEGOTIABLE,
800025,08-NOV-26,NEGOTIABLE,
800026,15-SEP-26,NEGOTIABLE,
800027,04-SEP-26,NEGOTIABLE,
800028,08-SEP-26,NEGOTIABLE,
800029,27-NOV-26,NEGOTIABLE,
800030,30-JUL-26,NEGOTIABLE,
800031,04-OCT-26,NEGOTIABLE,
800032,26-SEP-26,NEGOTIABLE,
800033,02-SEP-26,NEGOTIABLE,
800034,18-SEP-26,NEGOTIABLE,
800035,10-AUG-26,NEGOTIABLE,
800036,13-OCT-26,NEGOTIABLE,
800037,08-OCT-26,NEGOTIABLE,
800038,22-AUG-26,NEGOTIABLE,
800039,25-OCT-26,NEGOTIABLE,
800040,14-AUG-26,NEGOTIABLE,
800041,23-OCT-26,NEGOTIABLE,
800042,13-SEP-26,NEGOTIABLE,
800043,01-OCT-26,NEGOTIABLE,
800044,31-AUG-26,NEGOTIABLE,
800045,11-SEP-26,NEGOTIABLE,
800046,12-NOV-26,NEGOTIABLE,
800047,22-OCT-26,NEGOTIABLE,
800048,17-SEP-26,NEGOTIABLE,
800049,22-OCT-26,NEGOTIABLE,
800050,09-OCT-26,NEGOTIABLE,
800051,04-OCT-26,NEGOTIABLE,
800052,02-SEP-26,NEGOTIABLE,
800053,14-AUG-26,NEGOTIABLE,
800054,16-OCT-26,NEGOTIABLE,
800055,29-SEP-26,NEGOTIABLE,
800056,27-SEP-26,NEGOTIABLE,
800057,24-NOV-26,NEGOTIABLE,
800058,10-OCT-26,NEGOTIABLE,
800059,22-SEP-26,NEGOTIABLE,
800060,07-OCT-26,NEGOTIABLE,
800061,29-JUL-26,NEGOTIABLE,
800062,27-AUG-26,NEGOTIABLE,
800063,18-OCT-26,NEGOTIABLE,
800064,13-SEP-26,NEGOTIABLE,
800065,02-NOV-26,NEGOTIABLE,
800066,31-AUG-26,NEGOTIABLE,
800067,14-SEP-26,NEGOTIABLE,
800068,07-OCT-26,NEGOTIABLE,
800069,28-SEP-26,NEGOTIABLE,
800070,03-NOV-26,NEGOTIABLE,
800071,16-SEP-26,NEGOTIABLE,
800072,14-AUG-26,NEGOTIABLE,
800073,11-SEP-26,NEGOTIABLE,
800074,30-AUG-26,NEGOTIABLE,
800075,24-SEP-26,NEGOTIABLE,
800076,05-SEP-26,NEGOTIABLE,
800077,07-AUG-26,NEGOTIABLE,
800078,25-OCT-26,NEGOTIABLE,
800079,10-SEP-26,NEGOTIABLE,
800080,14-AUG-26,NEGOTIABLE,
800081,31-JUL-26,NEGOTIABLE,
800082,19-AUG-26,NEGOTIABLE,
800083,17-SEP-26,NEGOTIABLE,
800084,15-SEP-26,NEGOTIABLE,
800085,04-AUG-26,NEGOTIABLE,
800086,07-OCT-26,NEGOTIABLE,
800087,10-SEP-26,NEGOTIABLE,
800088,25-AUG-26,NEGOTIABLE,
800089,01-OCT-26,NEGOTIABLE,
800090,05-NOV-26,NEGOTIABLE,
800091,19-AUG-26,NEGOTIABLE,
800092,24-OCT-26,NEGOTIABLE,
800093,01-OCT-26,NEGOTIABLE,
800094,08-SEP-26,NEGOTIABLE,
800095,21-OCT-26,NEGOTIABLE,
800096,20-OCT-26,NEGOTIABLE,
800097,24-AUG-26,NEGOTIABLE,
800098,06-NOV-26,NEGOTIABLE,
800099,16-OCT-26,NEGOTIABLE,
800100,12-OCT-26,NEGOTIABLE,
800101,06-OCT-26,NEGOTIABLE,
800102,13-NOV-26,NEGOTIABLE,
800103,18-SEP-26,NEGOTIABLE,
800104,17-OCT-26,NEGOTIABLE,
800105,09-SEP-26,NEGOTIABLE,
800106,25-AUG-26,NEGOTIABLE,
800107,13-NOV-26,NEGOTIABLE,
800108,10-OCT-26,NEGOTIABLE,
800109,19-OCT-26,NEGOTIABLE,
800110,15-OCT-26,NEGOTIABLE,
800111,12-OCT-26,NEGOTIABLE,
800112,11-NOV-26,NEGOTIABLE,
800113,22-OCT-26,NEGOTIABLE,
800114,24-JUL-26,NEGOTIABLE,
800115,12-OCT-26,NEGOTIABLE,
800116,19-SEP-26,NEGOTIABLE,
800117,24-AUG-26,NEGOTIABLE,
800118,26-AUG-26,NEGOTIABLE,
800119,21-SEP-26,NEGOTIABLE,
800120,08-OCT-26,NEGOTIABLE,
800121,23-SEP-26,NEGOTIABLE,
800122,20-SEP-26,NEGOTIABLE,
800123,30-SEP-26,NEGOTIABLE,
800124,06-OCT-26,NEGOTIABLE,
800125,23-SEP-26,NEGOTIABLE,
800126,20-SEP-26,NEGOTIABLE,
800127,17-SEP-26,NEGOTIABLE,
800128,30-SEP-26,NEGOTIABLE,
800129,18-OCT-26,NEGOTIABLE,
800130,19-SEP-26,NEGOTIABLE,
800131,27-JUL-26,NEGOTIABLE,
800132,03-OCT-26,NEGOTIABLE,
800133,30-AUG-26,NEGOTIABLE,
800134,25-SEP-26,NEGOTIABLE,
800135,16-AUG-26,NEGOTIABLE,
800136,16-NOV-26,NEGOTIABLE,
800137,01-OCT-26,NEGOTIABLE,
800138,03-SEP-26,NEGOTIABLE,
800139,25-AUG-26,NEGOTIABLE,
800140,21-SEP-26,NEGOTIABLE,
800141,12-SEP-26,NEGOTIABLE,
800142,17-AUG-26,NEGOTIABLE,
800143,05-SEP-26,NEGOTIABLE,
800144,13-SEP-26,NEGOTIABLE,
800145,31-AUG-26,NEGOTIABLE,
800146,22-AUG-26,NEGOTIABLE,
800147,31-OCT-26,NEGOTIABLE,
800148,04-SEP-26,NEGOTIABLE,
800149,20-OCT-26,NEGOTIABLE,
800150,20-AUG-26,NEGOTIABLE,
800151,08-NOV-26,NEGOTIABLE,
800152,12-AUG-26,NEGOTIABLE,
800153,26-SEP-26,NEGOTIABLE,
800154,01-SEP-26,NEGOTIABLE,
800155,04-SEP-26,NEGOTIABLE,
800156,06-AUG-26,NEGOTIABLE,
800157,09-OCT-26,NEGOTIABLE,
800158,23-OCT-26,NEGOTIABLE,
800159,21-SEP-26,NEGOTIABLE,
800160,30-SEP-26,NEGOTIABLE,
800161,13-OCT-26,NEGOTIABLE,
800162,02-OCT-26,NEGOTIABLE,
800163,07-SEP-26,NEGOTIABLE,
800164,06-OCT-26,NEGOTIABLE,
800165,04-OCT-26,NEGOTIABLE,
800166,21-OCT-26,NEGOTIABLE,
800167,19-AUG-26,NEGOTIABLE,
800168,03-SEP-26,NEGOTIABLE,
800169,07-SEP-26,NEGOTIABLE,
800170,26-AUG-26,NEGOTIABLE,
800171,13-OCT-26,NEGOTIABLE,
800172,01-SEP-26,NEGOTIABLE,
800173,22-SEP-26,NEGOTIABLE,
800174,19-OCT-26,NEGOTIABLE,
800175,16-NOV-26,NEGOTIABLE,
800176,28-SEP-26,NEGOTIABLE,
800177,02-OCT-26,NEGOTIABLE,
800178,09-SEP-26,NEGOTIABLE,
800179,20-SEP-26,NEGOTIABLE,
800180,12-OCT-26,NEGOTIABLE,
800181,12-SEP-26,NEGOTIABLE,
800182,19-OCT-26,NEGOTIABLE,
800183,13-SEP-26,NEGOTIABLE,
800184,07-AUG-26,NEGOTIABLE,
800185,17-AUG-26,NEGOTIABLE,
800186,03-SEP-26,NEGOTIABLE,
800187,20-OCT-26,NEGOTIABLE,
800188,29-SEP-26,NEGOTIABLE,
800189,24-OCT-26,NEGOTIABLE,
800190,18-SEP-26,NEGOTIABLE,
800191,08-SEP-26,NEGOTIABLE,
800192,27-AUG-26,NEGOTIABLE,
800193,24-OCT-26,NEGOTIABLE,
800194,06-AUG-26,NEGOTIABLE,
800195,30-OCT-26,NEGOTIABLE,
800196,15-OCT-26,NEGOTIABLE,
800197,14-OCT-26,NEGOTIABLE,
800198,27-SEP-26,NEGOTIABLE,
800199,02-SEP-26,NEGOTIABLE,
800200,07-OCT-26,NEGOTIABLE,
800201,26-AUG-26,NEGOTIABLE,
800202,09-SEP-26,NEGOTIABLE,
800203,06-SEP-26,NEGOTIABLE,
800204,29-SEP-26,NEGOTIABLE,
800205,29-NOV-26,NEGOTIABLE,
800206,16-AUG-26,NEGOTIABLE,
800207,15-NOV-26,NEGOTIABLE,
800208,29-SEP-26,NEGOTIABLE,
800209,19-SEP-26,NEGOTIABLE,
800210,21-NOV-26,NEGOTIABLE,
800211,17-SEP-26,NEGOTIABLE,
800212,07-OCT-26,NEGOTIABLE,
800213,20-SEP-26,NEGOTIABLE,
800214,21-SEP-26,NEGOTIABLE,
800215,25-OCT-26,NEGOTIABLE,
800216,10-AUG-26,NEGOTIABLE,
800217,29-AUG-26,NEGOTIABLE,
800218,06-SEP-26,NEGOTIABLE,
800219,30-OCT-26,NEGOTIABLE,
800220,22-OCT-26,NEGOTIABLE,
800221,21-OCT-26,NEGOTIABLE,
800222,18-SEP-26,NEGOTIABLE,
800223,06-SEP-26,NEGOTIABLE,
800224,02-NOV-26,NEGOTIABLE,
800225,07-OCT-26,NEGOTIABLE,
800226,24-OCT-26,NEGOTIABLE,
800227,27-JUL-26,NEGOTIABLE,
800228,13-NOV-26,NEGOTIABLE,
800229,25-SEP-26,NEGOTIABLE,
800230,06-NOV-26,NEGOTIABLE,
800231,07-AUG-26,NEGOTIABLE,
800232,02-OCT-26,NEGOTIABLE,
800233,04-OCT-26,NEGOTIABLE,
800234,05-AUG-26,NEGOTIABLE,
800235,23-SEP-26,NEGOTIABLE,
800236,22-AUG-26,NEGOTIABLE,
800237,02-NOV-26,NEGOTIABLE,
800238,13-AUG-26,NEGOTIABLE,
800239,02-OCT-26,NEGOTIABLE,
800240,11-NOV-26,NEGOTIABLE,
800241,18-AUG-26,NEGOTIABLE,
800242,15-AUG-26,NEGOTIABLE,
800243,16-SEP-26,NEGOTIABLE,
800244,16-SEP-26,NEGOTIABLE,
800245,22-SEP-26,NEGOTIABLE,
800246,19-OCT-26,NEGOTIABLE,
800247,22-AUG-26,NEGOTIABLE,
800248,04-NOV-26,NEGOTIABLE,
800249,14-SEP-26,NEGOTIABLE,
800250,12-SEP-26,NEGOTIABLE,
800251,26-OCT-26,NEGOTIABLE,
800252,21-SEP-26,NEGOTIABLE,
800253,30-OCT-26,NEGOTIABLE,
800254,14-NOV-26,NEGOTIABLE,
800255,17-AUG-26,NEGOTIABLE,
800256,21-SEP-26,NEGOTIABLE,
800257,05-OCT-26,NEGOTIABLE,
800258,08-SEP-26,NEGOTIABLE,
800259,30-SEP-26,NEGOTIABLE,
800260,09-SEP-26,NEGOTIABLE,
800261,16-OCT-26,NEGOTIABLE,
800262,24-OCT-26,NEGOTIABLE,
800263,18-OCT-26,NEGOTIABLE,
800264,11-OCT-26,NEGOTIABLE,
800265,21-SEP-26,NEGOTIABLE,
800266,02-OCT-26,NEGOTIABLE,
800267,01-SEP-26,NEGOTIABLE,
800268,22-NOV-26,NEGOTIABLE,
800269,08-AUG-26,NEGOTIABLE,
800270,18-SEP-26,NEGOTIABLE,
800271,29-SEP-26,NEGOTIABLE,
800272,27-SEP-26,NEGOTIABLE,
800273,22-SEP-26,NEGOTIABLE,
800274,16-OCT-26,NEGOTIABLE,
800275,12-OCT-26,NEGOTIABLE,
800276,07-SEP-26,NEGOTIABLE,
800277,24-AUG-26,NEGOTIABLE,
800278,07-SEP-26,NEGOTIABLE,
800279,05-OCT-26,NEGOTIABLE,
800280,20-OCT-26,NEGOTIABLE,
800281,04-AUG-26,NEGOTIABLE,
800282,31-JUL-26,NEGOTIABLE,
800283,15-AUG-26,NEGOTIABLE,
800284,08-OCT-26,NEGOTIABLE,
800285,24-SEP-26,NEGOTIABLE,
800286,03-OCT-26,NEGOTIABLE,
800287,26-AUG-26,NEGOTIABLE,
800288,15-OCT-26,NEGOTIABLE,
800289,16-SEP-26,NEGOTIABLE,
800290,27-AUG-26,NEGOTIABLE,
800291,29-SEP-26,NEGOTIABLE,
800292,22-SEP-26,NEGOTIABLE,
800293,04-OCT-26,NEGOTIABLE,
800294,04-OCT-26,NEGOTIABLE,
800295,29-OCT-26,NEGOTIABLE,
800296,05-NOV-26,NEGOTIABLE,
800297,07-SEP-26,NEGOTIABLE,
800298,14-OCT-26,NEGOTIABLE,
800299,10-AUG-26,NEGOTIABLE,
800300,16-SEP-26,NEGOTIABLE,
800301,03-AUG-26,NEGOTIABLE,
800302,15-SEP-26,NEGOTIABLE,
800303,12-AUG-26,NEGOTIABLE,
800304,02-OCT-26,NEGOTIABLE,
800305,05-AUG-26,NEGOTIABLE,
800306,08-AUG-26,NEGOTIABLE,
800307,04-SEP-26,NEGOTIABLE,
800308,23-OCT-26,NEGOTIABLE,
800309,01-OCT-26,NEGOTIABLE,
800310,08-NOV-26,NEGOTIABLE,
800311,14-OCT-26,NEGOTIABLE,
800312,20-OCT-26,NEGOTIABLE,
800313,03-OCT-26,NEGOTIABLE,
800314,27-OCT-26,NEGOTIABLE,
800315,25-JUL-26,NEGOTIABLE,
800316,27-OCT-26,NEGOTIABLE,
800317,29-SEP-26,NEGOTIABLE,
800318,16-AUG-26,NEGOTIABLE,
800319,14-AUG-26,NEGOTIABLE,
800320,16-AUG-26,NEGOTIABLE,
800321,13-OCT-26,NEGOTIABLE,
800322,09-SEP-26,NEGOTIABLE,
800323,14-AUG-26,NEGOTIABLE,
800324,21-AUG-26,NEGOTIABLE,
800325,08-SEP-26,NEGOTIABLE,
800326,29-AUG-26,NEGOTIABLE,
800327,05-SEP-26,NEGOTIABLE,
800328,23-AUG-26,NEGOTIABLE,
800329,20-SEP-26,NEGOTIABLE,
800330,29-AUG-26,NEGOTIABLE,
800331,26-AUG-26,NEGOTIABLE,
800332,11-NOV-26,NEGOTIABLE,
800333,26-SEP-26,NEGOTIABLE,
800334,16-OCT-26,NEGOTIABLE,
800335,06-AUG-26,NEGOTIABLE,
800336,28-SEP-26,NEGOTIABLE,
800337,10-SEP-26,NEGOTIABLE,
800338,05-SEP-26,NEGOTIABLE,
800339,09-SEP-26,NEGOTIABLE,
800340,24-AUG-26,NEGOTIABLE,
800341,27-AUG-26,NEGOTIABLE,
800342,06-OCT-26,NEGOTIABLE,
800343,15-AUG-26,NEGOTIABLE,
800344,26-AUG-26,NEGOTIABLE,
800345,31-JUL-26,NEGOTIABLE,
800346,22-AUG-26,NEGOTIABLE,
800347,05-OCT-26,NEGOTIABLE,
800348,09-SEP-26,NEGOTIABLE,
800349,07-NOV-26,NEGOTIABLE,
800350,14-OCT-26,NEGOTIABLE,
800351,03-NOV-26,NEGOTIABLE,
800352,05-OCT-26,NEGOTIABLE,
800353,24-SEP-26,NEGOTIABLE,
800354,24-AUG-26,NEGOTIABLE,
800355,14-AUG-26,NEGOTIABLE,
800356,03-OCT-26,NEGOTIABLE,
800357,23-SEP-26,NEGOTIABLE,
800358,15-AUG-26,NEGOTIABLE,
800359,01-NOV-26,NEGOTIABLE,
800360,21-NOV-26,NEGOTIABLE,
800361,18-SEP-26,NEGOTIABLE,
800362,25-AUG-26,NEGOTIABLE,
800363,14-OCT-26,NEGOTIABLE,
800364,13-SEP-26,NEGOTIABLE,
800365,07-SEP-26,NEGOTIABLE,
800366,09-SEP-26,NEGOTIABLE,
800367,05-OCT-26,NEGOTIABLE,
800368,08-NOV-26,NEGOTIABLE,
800369,13-NOV-26,NEGOTIABLE,
800370,11-OCT-26,NEGOTIABLE,
800371,13-AUG-26,NEGOTIABLE,
800372,17-OCT-26,NEGOTIABLE,
800373,31-OCT-26,NEGOTIABLE,
800374,17-OCT-26,NEGOTIABLE,
800375,05-SEP-26,NEGOTIABLE,
800376,12-AUG-26,NEGOTIABLE,
800377,11-AUG-26,NEGOTIABLE,
800378,19-SEP-26,NEGOTIABLE,
800379,27-AUG-26,NEGOTIABLE,
800380,20-AUG-26,NEGOTIABLE,
800381,12-SEP-26,NEGOTIABLE,
800382,16-OCT-26,NEGOTIABLE,
800383,05-NOV-26,NEGOTIABLE,
800384,24-AUG-26,NEGOTIABLE,
800385,22-SEP-26,NEGOTIABLE,
800386,05-AUG-26,NEGOTIABLE,
800387,23-AUG-26,NEGOTIABLE,
800388,13-OCT-26,NEGOTIABLE,
800389,01-NOV-26,NEGOTIABLE,
800390,02-OCT-26,NEGOTIABLE,
800391,17-OCT-26,NEGOTIABLE,
800392,03-SEP-26,NEGOTIABLE,
800393,07-OCT-26,NEGOTIABLE,
800394,14-AUG-26,NEGOTIABLE,
800395,09-OCT-26,NEGOTIABLE,
800396,26-OCT-26,NEGOTIABLE,
800397,21-SEP-26,NEGOTIABLE,
800398,28-AUG-26,NEGOTIABLE,
800399,27-SEP-26,NEGOTIABLE,
800400,27-SEP-26,NEGOTIABLE,
800401,17-SEP-26,NEGOTIABLE,
800402,14-OCT-26,NEGOTIABLE,
800403,05-OCT-26,NEGOTIABLE,
800404,23-SEP-26,NEGOTIABLE,
800405,02-SEP-26,NEGOTIABLE,
800406,09-SEP-26,NEGOTIABLE,
800407,07-NOV-26,NEGOTIABLE,
800408,30-SEP-26,NEGOTIABLE,
800409,10-NOV-26,NEGOTIABLE,
800410,28-AUG-26,NEGOTIABLE,
800411,31-OCT-26,NEGOTIABLE,
800412,22-NOV-26,NEGOTIABLE,
800413,25-AUG-26,NEGOTIABLE,
800414,12-NOV-26,NEGOTIABLE,
800415,12-SEP-26,NEGOTIABLE,
800416,01-OCT-26,NEGOTIABLE,
800417,18-SEP-26,NEGOTIABLE,
800418,17-OCT-26,NEGOTIABLE,
800419,24-AUG-26,NEGOTIABLE,
800420,23-NOV-26,NEGOTIABLE,
800421,21-OCT-26,NEGOTIABLE,
800422,29-JUL-26,NEGOTIABLE,
800423,20-SEP-26,NEGOTIABLE,
800424,18-OCT-26,NEGOTIABLE,
800425,11-OCT-26,NEGOTIABLE,
800426,07-SEP-26,NEGOTIABLE,
800427,25-SEP-26,NEGOTIABLE,
800428,03-NOV-26,NEGOTIABLE,
800429,01-SEP-26,NEGOTIABLE,
800430,19-OCT-26,NEGOTIABLE,
800431,25-OCT-26,NEGOTIABLE,
800432,14-SEP-26,NEGOTIABLE,
800433,05-SEP-26,NEGOTIABLE,
800434,18-AUG-26,NEGOTIABLE,
800435,08-NOV-26,NEGOTIABLE,
800436,19-NOV-26,NEGOTIABLE,
800437,06-OCT-26,NEGOTIABLE,
800438,27-OCT-26,NEGOTIABLE,
800439,10-OCT-26,NEGOTIABLE,
800440,10-OCT-26,NEGOTIABLE,
800441,29-OCT-26,NEGOTIABLE,
800442,12-SEP-26,NEGOTIABLE,
800443,05-SEP-26,NEGOTIABLE,
800444,20-SEP-26,NEGOTIABLE,
800445,22-AUG-26,NEGOTIABLE,
800446,18-NOV-26,NEGOTIABLE,
800447,11-SEP-26,NEGOTIABLE,
800448,07-NOV-26,NEGOTIABLE,
800449,20-AUG-26,NEGOTIABLE,
800450,24-AUG-26,NEGOTIABLE,
800451,18-AUG-26,NEGOTIABLE,
800452,15-OCT-26,NEGOTIABLE,
800453,13-AUG-26,NEGOTIABLE,
800454,02-AUG-26,NEGOTIABLE,
800455,17-OCT-26,NEGOTIABLE,
800456,04-OCT-26,NEGOTIABLE,
800457,30-OCT-26,NEGOTIABLE,
800458,29-OCT-26,NEGOTIABLE,
800459,06-OCT-26,NEGOTIABLE,
800460,07-NOV-26,NEGOTIABLE,
800461,21-SEP-26,NEGOTIABLE,
800462,02-OCT-26,NEGOTIABLE,
800463,02-SEP-26,NEGOTIABLE,
800464,18-NOV-26,NEGOTIABLE,
800465,06-OCT-26,NEGOTIABLE,
800466,10-SEP-26,NEGOTIABLE,
800467,30-AUG-26,NEGOTIABLE,
800468,05-OCT-26,NEGOTIABLE,
800469,07-SEP-26,NEGOTIABLE,
800470,20-SEP-26,NEGOTIABLE,
800471,08-AUG-26,NEGOTIABLE,
800472,06-OCT-26,NEGOTIABLE,
800473,09-SEP-26,NEGOTIABLE,
800474,06-SEP-26,NEGOTIABLE,
800475,08-OCT-26,NEGOTIABLE,
800476,07-NOV-26,NEGOTIABLE,
800477,23-AUG-26,NEGOTIABLE,
800478,24-AUG-26,NEGOTIABLE,
800479,18-SEP-26,NEGOTIABLE,
800480,18-OCT-26,NEGOTIABLE,
800481,29-OCT-26,NEGOTIABLE,
800482,28-OCT-26,NEGOTIABLE,
800483,12-SEP-26,NEGOTIABLE,
800484,12-SEP-26,NEGOTIABLE,
800485,20-OCT-26,NEGOTIABLE,
800486,17-SEP-26,NEGOTIABLE,
800487,26-AUG-26,NEGOTIABLE,
800488,11-NOV-26,NEGOTIABLE,
800489,29-AUG-26,NEGOTIABLE,
800490,07-SEP-26,NEGOTIABLE,
800491,23-SEP-26,NEGOTIABLE,
800492,15-OCT-26,NEGOTIABLE,
800493,27-SEP-26,NEGOTIABLE,
800494,10-AUG-26,NEGOTIABLE,
800495,05-NOV-26,NEGOTIABLE,
800496,27-SEP-26,NEGOTIABLE,
800497,05-OCT-26,NEGOTIABLE,
800498,18-OCT-26,NEGOTIABLE,
800499,15-SEP-26,NEGOTIABLE,
800500,16-NOV-26,NEGOTIABLE,
800501,18-OCT-26,NEGOTIABLE,
800502,22-SEP-26,NEGOTIABLE,
800503,16-SEP-26,NEGOTIABLE,
800504,04-NOV-26,NEGOTIABLE,
800505,24-NOV-26,NEGOTIABLE,
800506,11-SEP-26,NEGOTIABLE,
800507,07-SEP-26,NEGOTIABLE,
800508,10-SEP-26,NEGOTIABLE,
800509,25-OCT-26,NEGOTIABLE,
800510,19-OCT-26,NEGOTIABLE,
800511,27-AUG-26,NEGOTIABLE,
800512,29-SEP-26,NEGOTIABLE,
800513,19-AUG-26,NEGOTIABLE,
800514,27-SEP-26,NEGOTIABLE,
800515,29-SEP-26,NEGOTIABLE,
800516,21-SEP-26,NEGOTIABLE,
800517,20-AUG-26,NEGOTIABLE,
800518,06-NOV-26,NEGOTIABLE,
800519,15-SEP-26,NEGOTIABLE,
800520,29-JUL-26,NEGOTIABLE,
800521,15-OCT-26,NEGOTIABLE,
800522,15-OCT-26,NEGOTIABLE,
800523,15-OCT-26,NEGOTIABLE,
800524,03-AUG-26,NEGOTIABLE,
800525,26-NOV-26,NEGOTIABLE,
800526,31-OCT-26,NEGOTIABLE,
800527,27-AUG-26,NEGOTIABLE,
800528,22-AUG-26,NEGOTIABLE,
800529,30-AUG-26,NEGOTIABLE,
800530,18-SEP-26,NEGOTIABLE,
800531,27-OCT-26,NEGOTIABLE,
800532,10-SEP-26,NEGOTIABLE,
800533,31-AUG-26,NEGOTIABLE,
800534,05-NOV-26,NEGOTIABLE,
800535,07-SEP-26,NEGOTIABLE,
800536,16-OCT-26,NEGOTIABLE,
800537,03-NOV-26,NEGOTIABLE,
800538,13-OCT-26,NEGOTIABLE,
800539,21-AUG-26,NEGOTIABLE,
800540,16-AUG-26,NEGOTIABLE,
800541,19-OCT-26,NEGOTIABLE,
800542,19-SEP-26,NEGOTIABLE,
800543,26-SEP-26,NEGOTIABLE,
800544,07-AUG-26,NEGOTIABLE,
800545,26-SEP-26,NEGOTIABLE,
800546,10-OCT-26,NEGOTIABLE,
800547,06-OCT-26,NEGOTIABLE,
800548,09-SEP-26,NEGOTIABLE,
800549,13-OCT-26,NEGOTIABLE,
800550,30-AUG-26,NEGOTIABLE,
800551,07-OCT-26,NEGOTIABLE,
800552,15-OCT-26,NEGOTIABLE,
800553,22-NOV-26,NEGOTIABLE,
800554,28-OCT-26,NEGOTIABLE,
800555,03-SEP-26,NEGOTIABLE,
800556,22-OCT-26,NEGOTIABLE,
800557,04-SEP-26,NEGOTIABLE,
800558,23-OCT-26,NEGOTIABLE,
800559,30-AUG-26,NEGOTIABLE,
800560,30-AUG-26,NEGOTIABLE,
800561,28-OCT-26,NEGOTIABLE,
800562,23-OCT-26,NEGOTIABLE,
800563,04-SEP-26,NEGOTIABLE,
800564,14-OCT-26,NEGOTIABLE,
800565,01-NOV-26,NEGOTIABLE,
800566,16-OCT-26,NEGOTIABLE,
800567,17-AUG-26,NEGOTIABLE,
800568,23-AUG-26,NEGOTIABLE,
800569,03-OCT-26,NEGOTIABLE,
800570,23-AUG-26,NEGOTIABLE,
800571,06-AUG-26,NEGOTIABLE,
800572,27-AUG-26,NEGOTIABLE,
800573,23-AUG-26,NEGOTIABLE,
800574,31-OCT-26,NEGOTIABLE,
800575,08-SEP-26,NEGOTIABLE,
800576,18-AUG-26,NEGOTIABLE,
800577,14-SEP-26,NEGOTIABLE,
800578,03-SEP-26,NEGOTIABLE,
800579,09-NOV-26,NEGOTIABLE,
800580,11-OCT-26,NEGOTIABLE,
800581,21-OCT-26,NEGOTIABLE,
800582,23-SEP-26,NEGOTIABLE,
800583,03-OCT-26,NEGOTIABLE,
800584,15-AUG-26,NEGOTIABLE,
800585,26-AUG-26,NEGOTIABLE,
800586,15-AUG-26,NEGOTIABLE,
800587,20-OCT-26,NEGOTIABLE,
800588,10-SEP-26,NEGOTIABLE,
800589,10-SEP-26,NEGOTIABLE,
800590,05-SEP-26,NEGOTIABLE,
800591,20-SEP-26,NEGOTIABLE,
800592,20-SEP-26,NEGOTIABLE,
800593,25-NOV-26,NEGOTIABLE,
800594,18-OCT-26,NEGOTIABLE,
800595,25-OCT-26,NEGOTIABLE,
800596,04-SEP-26,NEGOTIABLE,
800597,08-SEP-26,NEGOTIABLE,
800598,13-OCT-26,NEGOTIABLE,
800599,03-AUG-26,NEGOTIABLE,
800600,25-OCT-26,NEGOTIABLE,
800601,07-SEP-26,NEGOTIABLE,
800602,31-OCT-26,NEGOTIABLE,
800603,04-SEP-26,NEGOTIABLE,
800604,26-OCT-26,NEGOTIABLE,
800605,17-OCT-26,NEGOTIABLE,
800606,15-NOV-26,NEGOTIABLE,
800607,28-AUG-26,NEGOTIABLE,
800608,24-AUG-26,NEGOTIABLE,
800609,21-OCT-26,NEGOTIABLE,
800610,25-OCT-26,NEGOTIABLE,
800611,24-SEP-26,NEGOTIABLE,
800612,29-SEP-26,NEGOTIABLE,
800613,08-SEP-26,NEGOTIABLE,
800614,26-OCT-26,NEGOTIABLE,
800615,30-OCT-26,NEGOTIABLE,
800616,01-SEP-26,NEGOTIABLE,
800617,14-AUG-26,NEGOTIABLE,
800618,07-SEP-26,NEGOTIABLE,
800619,30-SEP-26,NEGOTIABLE,
800620,24-AUG-26,NEGOTIABLE,
800621,01-OCT-26,NEGOTIABLE,
800622,28-JUL-26,NEGOTIABLE,
800623,30-SEP-26,NEGOTIABLE,
800624,08-NOV-26,NEGOTIABLE,
800625,15-AUG-26,NEGOTIABLE,
800626,30-SEP-26,NEGOTIABLE,
800627,12-SEP-26,NEGOTIABLE,
800628,19-AUG-26,NEGOTIABLE,
800629,22-OCT-26,NEGOTIABLE,
800630,14-NOV-26,NEGOTIABLE,
800631,03-SEP-26,NEGOTIABLE,
800632,06-OCT-26,NEGOTIABLE,
800633,02-AUG-26,NEGOTIABLE,
800634,14-OCT-26,NEGOTIABLE,
800635,25-AUG-26,NEGOTIABLE,
800636,29-JUL-26,NEGOTIABLE,
800637,10-AUG-26,NEGOTIABLE,
800638,18-SEP-26,NEGOTIABLE,
800639,24-AUG-26,NEGOTIABLE,
800640,19-AUG-26,NEGOTIABLE,
800641,18-AUG-26,NEGOTIABLE,
800642,18-SEP-26,NEGOTIABLE,
800643,01-OCT-26,NEGOTIABLE,
800644,24-OCT-26,NEGOTIABLE,
800645,13-SEP-26,NEGOTIABLE,
800646,06-SEP-26,NEGOTIABLE,
800647,15-SEP-26,NEGOTIABLE,
800648,11-NOV-26,NEGOTIABLE,
800649,30-OCT-26,NEGOTIABLE,
800650,16-SEP-26,NEGOTIABLE,
800651,16-SEP-26,NEGOTIABLE,
800652,28-SEP-26,NEGOTIABLE,
800653,25-OCT-26,NEGOTIABLE,
800654,09-AUG-26,NEGOTIABLE,
800655,10-SEP-26,NEGOTIABLE,
800656,29-NOV-26,NEGOTIABLE,
800657,21-OCT-26,NEGOTIABLE,
800658,14-OCT-26,NEGOTIABLE,
800659,11-NOV-26,NEGOTIABLE,
800660,29-AUG-26,NEGOTIABLE,
800661,15-NOV-26,NEGOTIABLE,
800662,14-SEP-26,NEGOTIABLE,
800663,30-JUL-26,NEGOTIABLE,
800664,21-OCT-26,NEGOTIABLE,
800665,04-OCT-26,NEGOTIABLE,
800666,22-SEP-26,NEGOTIABLE,
800667,08-AUG-26,NEGOTIABLE,
800668,12-SEP-26,NEGOTIABLE,
800669,25-OCT-26,NEGOTIABLE,
800670,02-SEP-26,NEGOTIABLE,
800671,17-OCT-26,NEGOTIABLE,
800672,19-OCT-26,NEGOTIABLE,
800673,17-SEP-26,NEGOTIABLE,
800674,27-SEP-26,NEGOTIABLE,
800675,19-SEP-26,NEGOTIABLE,
800676,31-AUG-26,NEGOTIABLE,
800677,24-OCT-26,NEGOTIABLE,
800678,06-AUG-26,NEGOTIABLE,
800679,09-OCT-26,NEGOTIABLE,
800680,07-OCT-26,NEGOTIABLE,
800681,20-SEP-26,NEGOTIABLE,
800682,21-NOV-26,NEGOTIABLE,
800683,21-AUG-26,NEGOTIABLE,
800684,24-OCT-26,NEGOTIABLE,
800685,25-SEP-26,NEGOTIABLE,
800686,02-SEP-26,NEGOTIABLE,
800687,13-OCT-26,NEGOTIABLE,
800688,06-OCT-26,NEGOTIABLE,
800689,19-SEP-26,NEGOTIABLE,
800690,23-SEP-26,NEGOTIABLE,
800691,25-SEP-26,NEGOTIABLE,
800692,14-AUG-26,NEGOTIABLE,
800693,21-SEP-26,NEGOTIABLE,
800694,24-JUL-26,NEGOTIABLE,
800695,02-OCT-26,NEGOTIABLE,
800696,23-OCT-26,NEGOTIABLE,
800697,29-AUG-26,NEGOTIABLE,
800698,06-NOV-26,NEGOTIABLE,
800699,12-AUG-26,NEGOTIABLE,
800700,16-SEP-26,NEGOTIABLE,
800701,27-OCT-26,NEGOTIABLE,
800702,30-OCT-26,NEGOTIABLE,
800703,21-SEP-26,NEGOTIABLE,
800704,22-AUG-26,NEGOTIABLE,
800705,27-OCT-26,NEGOTIABLE,
800706,14-AUG-26,NEGOTIABLE,
800707,16-OCT-26,NEGOTIABLE,
800708,07-OCT-26,NEGOTIABLE,
800709,21-AUG-26,NEGOTIABLE,
800710,09-OCT-26,NEGOTIABLE,
800711,08-OCT-26,NEGOTIABLE,
800712,18-SEP-26,NEGOTIABLE,
800713,15-SEP-26,NEGOTIABLE,
800714,09-AUG-26,NEGOTIABLE,
800715,04-OCT-26,NEGOTIABLE,
800716,07-OCT-26,NEGOTIABLE,
800717,05-SEP-26,NEGOTIABLE,
800718,12-SEP-26,NEGOTIABLE,
800719,19-AUG-26,NEGOTIABLE,
800720,20-SEP-26,NEGOTIABLE,
800721,01-NOV-26,NEGOTIABLE,
800722,20-SEP-26,NEGOTIABLE,
800723,04-NOV-26,NEGOTIABLE,
800724,02-NOV-26,NEGOTIABLE,
800725,12-SEP-26,NEGOTIABLE,
800726,23-SEP-26,NEGOTIABLE,
800727,11-SEP-26,NEGOTIABLE,
800728,05-AUG-26,NEGOTIABLE,
800729,20-SEP-26,NEGOTIABLE,
800730,18-OCT-26,NEGOTIABLE,
800731,22-OCT-26,NEGOTIABLE,
800732,03-OCT-26,NEGOTIABLE,
800733,10-NOV-26,NEGOTIABLE,
800734,08-OCT-26,NEGOTIABLE,
800735,14-SEP-26,NEGOTIABLE,
800736,15-OCT-26,NEGOTIABLE,
800737,18-AUG-26,NEGOTIABLE,
800738,31-JUL-26,NEGOTIABLE,
800739,21-AUG-26,NEGOTIABLE,
800740,03-SEP-26,NEGOTIABLE,
800741,01-SEP-26,NEGOTIABLE,
800742,25-NOV-26,NEGOTIABLE,
800743,02-SEP-26,NEGOTIABLE,
800744,23-SEP-26,NEGOTIABLE,
800745,23-OCT-26,NEGOTIABLE,
800746,08-AUG-26,NEGOTIABLE,
800747,21-OCT-26,NEGOTIABLE,
800748,28-SEP-26,NEGOTIABLE,
800749,30-JUL-26,NEGOTIABLE,
800750,06-SEP-26,NEGOTIABLE,
800751,19-OCT-26,NEGOTIABLE,
800752,25-NOV-26,NEGOTIABLE,
800753,07-SEP-26,NEGOTIABLE,
800754,01-SEP-26,NEGOTIABLE,
800755,27-OCT-26,NEGOTIABLE,
800756,25-NOV-26,NEGOTIABLE,
800757,28-OCT-26,NEGOTIABLE,
800758,01-NOV-26,NEGOTIABLE,
800759,09-AUG-26,NEGOTIABLE,
800760,11-SEP-26,NEGOTIABLE,
800761,18-OCT-26,NEGOTIABLE,
800762,14-OCT-26,NEGOTIABLE,
800763,17-AUG-26,NEGOTIABLE,
800764,12-SEP-26,NEGOTIABLE,
800765,19-SEP-26,NEGOTIABLE,
800766,25-OCT-26,NEGOTIABLE,
800767,24-AUG-26,NEGOTIABLE,
800768,10-NOV-26,NEGOTIABLE,
800769,14-OCT-26,NEGOTIABLE,
800770,24-AUG-26,NEGOTIABLE,
800771,11-SEP-26,NEGOTIABLE,
800772,31-JUL-26,NEGOTIABLE,
800773,17-OCT-26,NEGOTIABLE,
800774,07-SEP-26,NEGOTIABLE,
800775,27-SEP-26,NEGOTIABLE,
800776,05-OCT-26,NEGOTIABLE,
800777,27-OCT-26,NEGOTIABLE,
800778,18-AUG-26,NEGOTIABLE,
800779,23-SEP-26,NEGOTIABLE,
800780,03-AUG-26,NEGOTIABLE,
800781,11-OCT-26,NEGOTIABLE,
800782,29-OCT-26,NEGOTIABLE,
800783,31-AUG-26,NEGOTIABLE,
800784,01-SEP-26,NEGOTIABLE,
800785,06-OCT-26,NEGOTIABLE,
800786,13-OCT-26,NEGOTIABLE,
800787,08-AUG-26,NEGOTIABLE,
800788,04-OCT-26,NEGOTIABLE,
800789,15-SEP-26,NEGOTIABLE,
800790,26-OCT-26,NEGOTIABLE,
800791,24-AUG-26,NEGOTIABLE,
800792,18-SEP-26,NEGOTIABLE,
800793,11-NOV-26,NEGOTIABLE,
800794,06-SEP-26,NEGOTIABLE,
800795,06-OCT-26,NEGOTIABLE,
800796,07-OCT-26,NEGOTIABLE,
800797,02-SEP-26,NEGOTIABLE,
800798,16-NOV-26,NEGOTIABLE,
800799,21-SEP-26,NEGOTIABLE,
800800,22-SEP-26,NEGOTIABLE,
800801,25-SEP-26,NEGOTIABLE,
800802,22-OCT-26,NEGOTIABLE,
800803,11-OCT-26,NEGOTIABLE,
800804,09-OCT-26,NEGOTIABLE,
800805,17-OCT-26,NEGOTIABLE,
800806,26-OCT-26,NEGOTIABLE,
800807,04-SEP-26,NEGOTIABLE,
800808,27-AUG-26,NEGOTIABLE,
800809,12-NOV-26,NEGOTIABLE,
800810,24-SEP-26,NEGOTIABLE,
800811,05-SEP-26,NEGOTIABLE,
800812,03-AUG-26,NEGOTIABLE,
800813,03-SEP-26,NEGOTIABLE,
800814,03-OCT-26,NEGOTIABLE,
800815,23-SEP-26,NEGOTIABLE,
800816,10-SEP-26,NEGOTIABLE,
800817,06-OCT-26,NEGOTIABLE,
800818,16-SEP-26,NEGOTIABLE,
800819,05-SEP-26,NEGOTIABLE,
800820,17-OCT-26,NEGOTIABLE,
800821,03-OCT-26,NEGOTIABLE,
800822,04-OCT-26,NEGOTIABLE,
800823,20-AUG-26,NEGOTIABLE,
800824,27-SEP-26,NEGOTIABLE,
800825,17-SEP-26,NEGOTIABLE,
800826,03-SEP-26,NEGOTIABLE,
800827,28-OCT-26,NEGOTIABLE,
800828,04-NOV-26,NEGOTIABLE,
800829,19-NOV-26,NEGOTIABLE,
800830,29-AUG-26,NEGOTIABLE,
800831,02-SEP-26,NEGOTIABLE,
800832,13-NOV-26,NEGOTIABLE,
800833,16-OCT-26,NEGOTIABLE,
800834,11-SEP-26,NEGOTIABLE,
800835,23-AUG-26,NEGOTIABLE,
800836,26-SEP-26,NEGOTIABLE,
800837,27-OCT-26,NEGOTIABLE,
800838,24-NOV-26,NEGOTIABLE,
800839,31-AUG-26,NEGOTIABLE,
800840,08-SEP-26,NEGOTIABLE,
800841,15-NOV-26,NEGOTIABLE,
800842,30-OCT-26,NEGOTIABLE,
800843,08-OCT-26,NEGOTIABLE,
800844,25-AUG-26,NEGOTIABLE,
800845,19-AUG-26,NEGOTIABLE,
800846,14-AUG-26,NEGOTIABLE,
800847,11-AUG-26,NEGOTIABLE,
800848,10-SEP-26,NEGOTIABLE,
800849,18-OCT-26,NEGOTIABLE,
800850,19-SEP-26,NEGOTIABLE,
800851,09-OCT-26,NEGOTIABLE,
800852,22-SEP-26,NEGOTIABLE,
800853,13-SEP-26,NEGOTIABLE,
800854,02-OCT-26,NEGOTIABLE,
800855,17-OCT-26,NEGOTIABLE,
800856,04-NOV-26,NEGOTIABLE,
800857,29-OCT-26,NEGOTIABLE,
800858,19-SEP-26,NEGOTIABLE,
800859,24-AUG-26,NEGOTIABLE,
800860,17-SEP-26,NEGOTIABLE,
800861,04-NOV-26,NEGOTIABLE,
800862,13-SEP-26,NEGOTIABLE,
800863,12-NOV-26,NEGOTIABLE,
800864,28-AUG-26,NEGOTIABLE,
800865,16-AUG-26,NEGOTIABLE,
800866,24-OCT-26,NEGOTIABLE,
800867,23-SEP-26,NEGOTIABLE,
800868,10-OCT-26,NEGOTIABLE,
800869,21-AUG-26,NEGOTIABLE,
800870,10-OCT-26,NEGOTIABLE,
800871,25-SEP-26,NEGOTIABLE,
800872,15-SEP-26,NEGOTIABLE,
800873,02-NOV-26,NEGOTIABLE,
800874,03-OCT-26,NEGOTIABLE,
800875,21-OCT-26,NEGOTIABLE,
800876,03-NOV-26,NEGOTIABLE,
800877,19-SEP-26,NEGOTIABLE,
800878,02-NOV-26,NEGOTIABLE,
800879,08-OCT-26,NEGOTIABLE,
800880,23-OCT-26,NEGOTIABLE,
800881,06-NOV-26,NEGOTIABLE,
800882,19-SEP-26,NEGOTIABLE,
800883,04-NOV-26,NEGOTIABLE,
800884,11-OCT-26,NEGOTIABLE,
800885,20-OCT-26,NEGOTIABLE,
800886,23-SEP-26,NEGOTIABLE,
800887,08-SEP-26,NEGOTIABLE,
800888,05-NOV-26,NEGOTIABLE,
800889,07-OCT-26,NEGOTIABLE,
800890,13-NOV-26,NEGOTIABLE,
800891,19-SEP-26,NEGOTIABLE,
800892,03-SEP-26,NEGOTIABLE,
800893,29-AUG-26,NEGOTIABLE,
800894,20-OCT-26,NEGOTIABLE,
800895,16-SEP-26,NEGOTIABLE,
800896,08-OCT-26,NEGOTIABLE,
800897,19-AUG-26,NEGOTIABLE,
800898,15-NOV-26,NEGOTIABLE,
800899,30-AUG-26,NEGOTIABLE,
800900,19-SEP-26,NEGOTIABLE,
800901,24-AUG-26,NEGOTIABLE,
800902,05-AUG-26,NEGOTIABLE,
800903,11-AUG-26,NEGOTIABLE,
800904,04-NOV-26,NEGOTIABLE,
800905,15-SEP-26,NEGOTIABLE,
800906,02-SEP-26,NEGOTIABLE,
800907,11-OCT-26,NEGOTIABLE,
800908,18-AUG-26,NEGOTIABLE,
800909,13-OCT-26,NEGOTIABLE,
800910,21-AUG-26,NEGOTIABLE,
800911,01-NOV-26,NEGOTIABLE,
800912,23-SEP-26,NEGOTIABLE,
800913,04-NOV-26,NEGOTIABLE,
800914,21-SEP-26,NEGOTIABLE,
800915,15-NOV-26,NEGOTIABLE,
800916,04-AUG-26,NEGOTIABLE,
800917,21-SEP-26,NEGOTIABLE,
800918,04-SEP-26,NEGOTIABLE,
800919,04-NOV-26,NEGOTIABLE,
800920,12-SEP-26,NEGOTIABLE,
800921,11-OCT-26,NEGOTIABLE,
800922,21-AUG-26,NEGOTIABLE,
800923,01-SEP-26,NEGOTIABLE,
800924,28-AUG-26,NEGOTIABLE,
800925,31-OCT-26,NEGOTIABLE,
800926,11-SEP-26,NEGOTIABLE,
800927,12-AUG-26,NEGOTIABLE,
800928,28-OCT-26,NEGOTIABLE,
800929,22-OCT-26,NEGOTIABLE,
800930,14-SEP-26,NEGOTIABLE,
800931,27-AUG-26,NEGOTIABLE,
800932,26-AUG-26,NEGOTIABLE,
800933,29-SEP-26,NEGOTIABLE,
800934,24-OCT-26,NEGOTIABLE,
800935,30-AUG-26,NEGOTIABLE,
800936,22-OCT-26,NEGOTIABLE,
800937,20-OCT-26,NEGOTIABLE,
800938,21-OCT-26,NEGOTIABLE,
800939,08-AUG-26,NEGOTIABLE,
800940,21-AUG-26,NEGOTIABLE,
800941,30-AUG-26,NEGOTIABLE,
800942,05-OCT-26,NEGOTIABLE,
800943,21-SEP-26,NEGOTIABLE,
800944,10-SEP-26,NEGOTIABLE,
800945,13-OCT-26,NEGOTIABLE,
800946,03-SEP-26,NEGOTIABLE,
800947,26-AUG-26,NEGOTIABLE,
800948,10-AUG-26,NEGOTIABLE,
800949,27-SEP-26,NEGOTIABLE,
800950,07-SEP-26,NEGOTIABLE,
800951,18-OCT-26,NEGOTIABLE,
800952,02-OCT-26,NEGOTIABLE,
800953,12-AUG-26,NEGOTIABLE,
800954,29-SEP-26,NEGOTIABLE,
800955,05-NOV-26,NEGOTIABLE,
800956,17-AUG-26,NEGOTIABLE,
800957,15-AUG-26,NEGOTIABLE,
800958,26-AUG-26,NEGOTIABLE,
800959,20-AUG-26,NEGOTIABLE,
800960,01-SEP-26,NEGOTIABLE,
800961,05-NOV-26,NEGOTIABLE,
800962,17-OCT-26,NEGOTIABLE,
800963,07-NOV-26,NEGOTIABLE,
800964,04-SEP-26,NEGOTIABLE,
800965,11-SEP-26,NEGOTIABLE,
800966,07-OCT-26,NEGOTIABLE,
800967,30-OCT-26,NEGOTIABLE,
800968,08-OCT-26,NEGOTIABLE,
800969,02-SEP-26,NEGOTIABLE,
800970,17-OCT-26,NEGOTIABLE,
800971,15-NOV-26,NEGOTIABLE,
800972,17-AUG-26,NEGOTIABLE,
800973,19-AUG-26,NEGOTIABLE,
800974,03-NOV-26,NEGOTIABLE,
800975,19-SEP-26,NEGOTIABLE,
800976,30-SEP-26,NEGOTIABLE,
800977,01-OCT-26,NEGOTIABLE,
800978,23-SEP-26,NEGOTIABLE,
800979,14-SEP-26,NEGOTIABLE,
800980,08-OCT-26,NEGOTIABLE,
800981,28-AUG-26,NEGOTIABLE,
800982,23-OCT-26,NEGOTIABLE,
800983,29-AUG-26,NEGOTIABLE,
800984,20-OCT-26,NEGOTIABLE,
800985,16-SEP-26,NEGOTIABLE,
800986,19-NOV-26,NEGOTIABLE,
800987,07-OCT-26,NEGOTIABLE,
800988,08-SEP-26,NEGOTIABLE,
800989,09-AUG-26,NEGOTIABLE,
800990,18-AUG-26,NEGOTIABLE,
800991,12-AUG-26,NEGOTIABLE,
800992,03-NOV-26,NEGOTIABLE,
800993,26-OCT-26,NEGOTIABLE,
800994,14-OCT-26,NEGOTIABLE,
800995,24-SEP-26,NEGOTIABLE,
800996,19-AUG-26,NEGOTIABLE,
800997,13-OCT-26,NEGOTIABLE,
800998,09-NOV-26,NEGOTIABLE,
800999,12-OCT-26,NEGOTIABLE,
801000,27-OCT-26,NEGOTIABLE,
801001,16-AUG-26,NEGOTIABLE,
801002,17-SEP-26,NEGOTIABLE,
801003,18-OCT-26,NEGOTIABLE,
801004,03-NOV-26,NEGOTIABLE,
801005,04-OCT-26,NEGOTIABLE,
801006,05-OCT-26,NEGOTIABLE,
801007,10-SEP-26,NEGOTIABLE,
801008,22-SEP-26,NEGOTIABLE,
801009,14-OCT-26,NEGOTIABLE,
801010,20-SEP-26,NEGOTIABLE,
801011,23-OCT-26,NEGOTIABLE,
801012,02-SEP-26,NEGOTIABLE,
801013,10-AUG-26,NEGOTIABLE,
801014,22-SEP-26,NEGOTIABLE,
801015,02-SEP-26,NEGOTIABLE,
801016,18-SEP-26,NEGOTIABLE,
801017,23-SEP-26,NEGOTIABLE,
801018,09-SEP-26,NEGOTIABLE,
801019,24-AUG-26,NEGOTIABLE,
801020,22-SEP-26,NEGOTIABLE,
801021,21-SEP-26,NEGOTIABLE,
801022,26-AUG-26,NEGOTIABLE,
801023,20-AUG-26,NEGOTIABLE,
801024,04-SEP-26,NEGOTIABLE,
801025,16-OCT-26,NEGOTIABLE,
801026,14-SEP-26,NEGOTIABLE,
801027,20-NOV-26,NEGOTIABLE,
801028,16-OCT-26,NEGOTIABLE,
801029,17-AUG-26,NEGOTIABLE,
801030,18-OCT-26,NEGOTIABLE,
801031,16-AUG-26,NEGOTIABLE,
801032,03-NOV-26,NEGOTIABLE,
801033,02-OCT-26,NEGOTIABLE,
801034,19-OCT-26,NEGOTIABLE,
801035,08-OCT-26,NEGOTIABLE,
801036,03-SEP-26,NEGOTIABLE,
801037,18-AUG-26,NEGOTIABLE,
801038,10-AUG-26,NEGOTIABLE,
801039,27-SEP-26,NEGOTIABLE,
801040,01-SEP-26,NEGOTIABLE,
801041,04-AUG-26,NEGOTIABLE,
801042,17-OCT-26,NEGOTIABLE,
801043,03-OCT-26,NEGOTIABLE,
801044,20-SEP-26,NEGOTIABLE,
801045,01-SEP-26,NEGOTIABLE,
801046,28-OCT-26,NEGOTIABLE,
801047,19-OCT-26,NEGOTIABLE,
801048,23-AUG-26,NEGOTIABLE,
801049,21-SEP-26,NEGOTIABLE,
801050,07-AUG-26,NEGOTIABLE,
801051,19-SEP-26,NEGOTIABLE,
801052,03-OCT-26,NEGOTIABLE,
801053,31-AUG-26,NEGOTIABLE,
801054,05-NOV-26,NEGOTIABLE,
801055,26-SEP-26,NEGOTIABLE,
801056,16-OCT-26,NEGOTIABLE,
801057,04-OCT-26,NEGOTIABLE,
801058,05-OCT-26,NEGOTIABLE,
801059,06-NOV-26,NEGOTIABLE,
801060,28-SEP-26,NEGOTIABLE,
801061,30-SEP-26,NEGOTIABLE,
801062,25-OCT-26,NEGOTIABLE,
801063,16-SEP-26,NEGOTIABLE,
801064,22-SEP-26,NEGOTIABLE,
801065,28-SEP-26,NEGOTIABLE,
801066,19-AUG-26,NEGOTIABLE,
801067,03-NOV-26,NEGOTIABLE,
801068,29-AUG-26,NEGOTIABLE,
801069,15-OCT-26,NEGOTIABLE,
801070,02-OCT-26,NEGOTIABLE,
801071,24-OCT-26,NEGOTIABLE,
801072,14-OCT-26,NEGOTIABLE,
801073,13-OCT-26,NEGOTIABLE,
801074,27-AUG-26,NEGOTIABLE,
801075,12-NOV-26,NEGOTIABLE,
801076,21-AUG-26,NEGOTIABLE,
801077,12-SEP-26,NEGOTIABLE,
801078,14-OCT-26,NEGOTIABLE,
801079,05-AUG-26,NEGOTIABLE,
801080,25-SEP-26,NEGOTIABLE,
801081,06-SEP-26,NEGOTIABLE,
801082,13-OCT-26,NEGOTIABLE,
801083,16-SEP-26,NEGOTIABLE,
801084,17-SEP-26,NEGOTIABLE,
801085,15-OCT-26,NEGOTIABLE,
801086,16-SEP-26,NEGOTIABLE,
801087,18-SEP-26,NEGOTIABLE,
801088,22-OCT-26,NEGOTIABLE,
801089,18-SEP-26,NEGOTIABLE,
801090,29-SEP-26,NEGOTIABLE,
801091,30-AUG-26,NEGOTIABLE,
801092,14-OCT-26,NEGOTIABLE,
801093,12-OCT-26,NEGOTIABLE,
801094,19-AUG-26,NEGOTIABLE,
801095,08-OCT-26,NEGOTIABLE,
801096,04-OCT-26,NEGOTIABLE,
801097,17-NOV-26,NEGOTIABLE,
801098,20-NOV-26,NEGOTIABLE,
801099,22-SEP-26,NEGOTIABLE,
801100,25-AUG-26,NEGOTIABLE,
801101,20-SEP-26,NEGOTIABLE,
801102,25-SEP-26,NEGOTIABLE,
801103,14-OCT-26,NEGOTIABLE,
801104,04-NOV-26,NEGOTIABLE,
801105,07-NOV-26,NEGOTIABLE,
801106,05-OCT-26,NEGOTIABLE,
801107,12-SEP-26,NEGOTIABLE,
801108,22-OCT-26,NEGOTIABLE,
801109,05-AUG-26,NEGOTIABLE,
801110,19-AUG-26,NEGOTIABLE,
801111,17-SEP-26,NEGOTIABLE,
801112,03-NOV-26,NEGOTIABLE,
801113,12-OCT-26,NEGOTIABLE,
801114,21-SEP-26,NEGOTIABLE,
801115,28-AUG-26,NEGOTIABLE,
801116,08-AUG-26,NEGOTIABLE,
801117,09-AUG-26,NEGOTIABLE,
801118,27-SEP-26,NEGOTIABLE,
801119,26-OCT-26,NEGOTIABLE,
801120,11-SEP-26,NEGOTIABLE,
801121,13-AUG-26,NEGOTIABLE,
801122,23-AUG-26,NEGOTIABLE,
801123,12-AUG-26,NEGOTIABLE,
801124,08-OCT-26,NEGOTIABLE,
801125,16-NOV-26,NEGOTIABLE,
801126,18-OCT-26,NEGOTIABLE,
