INVOICE_ID,LINE_NUMBER,PO_HEADER_ID
600000,1,110000
600001,1,110001
600002,1,110002
600003,1,110003
600004,1,110004
600005,1,110005
600006,1,110006
600007,1,110007
600008,1,110008
600009,1,110009
600010,1,110010
600011,1,110011
600012,1,110012
600013,1,110013
600014,1,110014
600015,1,110015
600016,1,110016
600017,1,110017
600018,1,110018
600019,1,110019
600020,1,110020
600021,1,110021
600022,1,110022
600023,1,110023
600024,1,110024
600025,1,110025
600026,1,110026
600027,1,110027
600028,1,110028
600029,1,110029
600030,1,110030
600031,1,110031
600032,1,110032
600033,1,110033
600034,1,110034
600035,1,110035
600036,1,110036
600037,1,110037
600038,1,110038
600039,1,110039
600040,1,110040
600041,1,110041
600042,1,110042
600043,1,110043
600044,1,110044
600045,1,110045
600046,1,110046
600047,1,110047
600048,1,110048
600049,1,110049
600050,1,110050
600051,1,110051
600052,1,110052
600053,1,110053
600054,1,110054
600055,1,110055
600056,1,110056
600057,1,110057
600058,1,110058
600059,1,110059
600060,1,110060
600061,1,110061
600062,1,110062
600063,1,110063
600064,1,110064
600065,1,110065
600066,1,110066
600067,1,110067
600068,1,110068
600069,1,110069
600070,1,110070
600071,1,110071
600072,1,110072
600073,1,110073
600074,1,110074
600075,1,110075
600076,1,110076
600077,1,110077
600078,1,110078
600079,1,110079
600080,1,110080
600081,1,110081
600082,1,110082
600083,1,110083
600084,1,110084
600085,1,110085
600086,1,110086
600087,1,110087
600088,1,110088
600089,1,110089
600090,1,110090
600091,1,110091
600092,1,110092
600093,1,110093
600094,1,110094
600095,1,110095
600096,1,110096
600097,1,110097
600098,1,110098
600099,1,110099
600100,1,110100
600101,1,110101
600102,1,110102
600103,1,110103
600104,1,110104
600105,1,110105
600106,1,110106
600107,1,110107
600108,1,110108
600109,1,110109
600110,1,110110
600111,1,110111
600112,1,110112
600113,1,110113
600114,1,110114
600115,1,110115
600116,1,110116
600117,1,110117
600118,1,110118
600119,1,110119
600120,1,110120
600121,1,110121
600122,1,110122
600123,1,110123
600124,1,110124
600125,1,110125
600126,1,110126
600127,1,110127
600128,1,110128
600129,1,110129
600130,1,110130
600131,1,110131
600132,1,110132
600133,1,110133
600134,1,110134
600135,1,110135
600136,1,110136
600137,1,110137
600138,1,110138
600139,1,110139
600140,1,110140
600141,1,110141
600142,1,110142
600143,1,110143
600144,1,110144
600145,1,110145
600146,1,110146
600147,1,110147
600148,1,110148
600149,1,110149
600150,1,110150
600151,1,110151
600152,1,110152
600153,1,110153
600154,1,110154
600155,1,110155
600156,1,110156
600157,1,110157
600158,1,110158
600159,1,110159
600160,1,110160
600161,1,110161
600162,1,110162
600163,1,110163
600164,1,110164
600165,1,110165
600166,1,110166
600167,1,110167
600168,1,110168
600169,1,110169
600170,1,110170
600171,1,110171
600172,1,110172
600173,1,110173
600174,1,110174
600175,1,110175
600176,1,110176
600177,1,110177
600178,1,110178
600179,1,110179
600180,1,110180
600181,1,110181
600182,1,110182
600183,1,110183
600184,1,110184
600185,1,110185
600186,1,110186
600187,1,110187
600188,1,110188
600189,1,110189
600190,1,110190
600191,1,110191
600192,1,110192
600193,1,110193
600194,1,110194
600195,1,110195
600196,1,110196
600197,1,110197
600198,1,110198
600199,1,110199
600200,1,110200
600201,1,110201
600202,1,110202
600203,1,110203
600204,1,110204
600205,1,110205
600206,1,110206
600207,1,110207
600208,1,110208
600209,1,110209
600210,1,110210
600211,1,110211
600212,1,110212
600213,1,110213
600214,1,110214
600215,1,110215
600216,1,110216
600217,1,110217
600218,1,110218
600219,1,110219
600220,1,110220
600221,1,110221
600222,1,110222
600223,1,110223
600224,1,110224
600225,1,110225
600226,1,110226
600227,1,110227
600228,1,110228
600229,1,110229
600230,1,110230
600231,1,110231
600232,1,110232
600233,1,110233
600234,1,110234
600235,1,110235
600236,1,110236
600237,1,110237
600238,1,110238
600239,1,110239
600240,1,110240
600241,1,110241
600242,1,110242
600243,1,110243
600244,1,110244
600245,1,110245
600246,1,110246
600247,1,110247
600248,1,110248
600249,1,110249
600250,1,110250
600251,1,110251
600252,1,110252
600253,1,110253
600254,1,110254
600255,1,110255
600256,1,110256
600257,1,110257
600258,1,110258
600259,1,110259
600260,1,110260
600261,1,110261
600262,1,110262
600263,1,110263
600264,1,110264
600265,1,110265
600266,1,110266
600267,1,110267
600268,1,110268
600269,1,110269
600270,1,110270
600271,1,110271
600272,1,110272
600273,1,110273
600274,1,110274
600275,1,110275
600276,1,110276
600277,1,110277
600278,1,110278
600279,1,110279
600280,1,110280
600281,1,110281
600282,1,110282
600283,1,110283
600284,1,110284
600285,1,110285
600286,1,110286
600287,1,110287
600288,1,110288
600289,1,110289
600290,1,110290
600291,1,110291
600292,1,110292
600293,1,110293
600294,1,110294
600295,1,110295
600296,1,110296
600297,1,110297
600298,1,110298
600299,1,110299
600300,1,110300
600301,1,110301
600302,1,110302
600303,1,110303
600304,1,110304
600305,1,110305
600306,1,110306
600307,1,110307
600308,1,110308
600309,1,110309
600310,1,110310
600311,1,110311
600312,1,110312
600313,1,110313
600314,1,110314
600315,1,110315
600316,1,110316
600317,1,110317
600318,1,110318
600319,1,110319
600320,1,110320
600321,1,110321
600322,1,110322
600323,1,110323
600324,1,110324
600325,1,110325
600326,1,110326
600327,1,110327
600328,1,110328
600329,1,110329
600330,1,110330
600331,1,110331
600332,1,110332
600333,1,110333
600334,1,110334
600335,1,110335
600336,1,110336
600337,1,110337
600338,1,110338
600339,1,110339
600340,1,110340
600341,1,110341
600342,1,110342
600343,1,110343
600344,1,110344
600345,1,110345
600346,1,110346
600347,1,110347
600348,1,110348
600349,1,110349
600350,1,110350
600351,1,110351
600352,1,110352
600353,1,110353
600354,1,110354
600355,1,110355
600356,1,110356
600357,1,110357
600358,1,110358
600359,1,110359
600360,1,110360
600361,1,110361
600362,1,110362
600363,1,110363
600364,1,110364
600365,1,110365
600366,1,110366
600367,1,110367
600368,1,110368
600369,1,110369
600370,1,110370
600371,1,110371
600372,1,110372
600373,1,110373
600374,1,110374
600375,1,110375
600376,1,110376
600377,1,110377
600378,1,110378
600379,1,110379
600380,1,110380
600381,1,110381
600382,1,110382
600383,1,110383
600384,1,110384
600385,1,110385
600386,1,110386
600387,1,110387
600388,1,110388
600389,1,110389
600390,1,110390
600391,1,110391
600392,1,110392
600393,1,110393
600394,1,110394
600395,1,110395
600396,1,110396
600397,1,110397
600398,1,110398
600399,1,110399
600400,1,110400
600401,1,110401
600402,1,110402
600403,1,110403
600404,1,110404
600405,1,110405
600406,1,110406
600407,1,110407
600408,1,110408
600409,1,110409
600410,1,110410
600411,1,110411
600412,1,110412
600413,1,110413
600414,1,110414
600415,1,110415
600416,1,110416
600417,1,110417
600418,1,110418
600419,1,110419
600420,1,110420
600421,1,110421
600422,1,110422
600423,1,110423
600424,1,110424
600425,1,110425
600426,1,110426
600427,1,110427
600428,1,110428
600429,1,110429
600430,1,110430
600431,1,110431
600432,1,110432
600433,1,110433
600434,1,110434
600435,1,110435
600436,1,110436
600437,1,110437
600438,1,110438
600439,1,110439
600440,1,110440
600441,1,110441
600442,1,110442
600443,1,110443
600444,1,110444
600445,1,110445
600446,1,110446
600447,1,110447
600448,1,110448
600449,1,110449
600450,1,110450
600451,1,110451
600452,1,110452
600453,1,110453
600454,1,110454
600455,1,110455
600456,1,110456
600457,1,110457
600458,1,110458
600459,1,110459
600460,1,110460
600461,1,110461
600462,1,110462
600463,1,110463
600464,1,110464
600465,1,110465
600466,1,110466
600467,1,110467
600468,1,110468
600469,1,110469
600470,1,110470
600471,1,110471
600472,1,110472
600473,1,110473
600474,1,110474
600475,1,110475
600476,1,110476
600477,1,110477
600478,1,110478
600479,1,110479
600480,1,110480
600481,1,110481
600482,1,110482
600483,1,110483
600484,1,110484
600485,1,110485
600486,1,110486
600487,1,110487
600488,1,110488
600489,1,110489
600490,1,110490
600491,1,110491
600492,1,110492
600493,1,110493
600494,1,110494
600495,1,110495
600496,1,110496
600497,1,110497
600498,1,110498
600499,1,110499
600500,1,110500
600501,1,110501
600502,1,110502
600503,1,110503
600504,1,110504
600505,1,110505
600506,1,110506
600507,1,110507
600508,1,110508
600509,1,110509
600510,1,110510
600511,1,110511
600512,1,110512
600513,1,110513
600514,1,110514
600515,1,110515
600516,1,110516
600517,1,110517
600518,1,110518
600519,1,110519
600520,1,110520
600521,1,110521
600522,1,110522
600523,1,110523
600524,1,110524
600525,1,110525
600526,1,110526
600527,1,110527
600528,1,110528
600529,1,110529
600530,1,110530
600531,1,110531
600532,1,110532
600533,1,110533
600534,1,110534
600535,1,110535
600536,1,110536
600537,1,110537
600538,1,110538
600539,1,110539
600540,1,110540
600541,1,110541
600542,1,110542
600543,1,110543
600544,1,110544
600545,1,110545
600546,1,110546
600547,1,110547
600548,1,110548
600549,1,110549
600550,1,110550
600551,1,110551
600552,1,110552
600553,1,110553
600554,1,110554
600555,1,110555
600556,1,110556
600557,1,110557
600558,1,110558
600559,1,110559
600560,1,110560
600561,1,110561
600562,1,110562
600563,1,110563
600564,1,110564
600565,1,110565
600566,1,110566
600567,1,110567
600568,1,110568
600569,1,110569
600570,1,110570
600571,1,110571
600572,1,110572
600573,1,110573
600574,1,110574
600575,1,110575
600576,1,110576
600577,1,110577
600578,1,110578
600579,1,110579
600580,1,110580
600581,1,110581
600582,1,110582
600583,1,110583
600584,1,110584
600585,1,110585
600586,1,110586
600587,1,110587
600588,1,110588
600589,1,110589
600590,1,110590
600591,1,110591
600592,1,110592
600593,1,110593
600594,1,110594
600595,1,110595
600596,1,110596
600597,1,110597
600598,1,110598
600599,1,110599
600600,1,110600
600601,1,110601
600602,1,110602
600603,1,110603
600604,1,110604
600605,1,110605
600606,1,110606
600607,1,110607
600608,1,110608
600609,1,110609
600610,1,110610
600611,1,110611
600612,1,110612
600613,1,110613
600614,1,110614
600615,1,110615
600616,1,110616
600617,1,110617
600618,1,110618
600619,1,110619
600620,1,110620
600621,1,110621
600622,1,110622
600623,1,110623
600624,1,110624
600625,1,110625
600626,1,110626
600627,1,110627
600628,1,110628
600629,1,110629
600630,1,110630
600631,1,110631
600632,1,110632
600633,1,110633
600634,1,110634
600635,1,110635
600636,1,110636
600637,1,110637
600638,1,110638
600639,1,110639
600640,1,110640
600641,1,110641
600642,1,110642
600643,1,110643
600644,1,110644
600645,1,110645
600646,1,110646
600647,1,110647
600648,1,110648
600649,1,110649
600650,1,110650
600651,1,110651
600652,1,110652
600653,1,110653
600654,1,110654
600655,1,110655
600656,1,110656
600657,1,110657
600658,1,110658
600659,1,110659
600660,1,110660
600661,1,110661
600662,1,110662
600663,1,110663
600664,1,110664
600665,1,110665
600666,1,110666
600667,1,110667
600668,1,110668
600669,1,110669
600670,1,110670
600671,1,110671
600672,1,110672
600673,1,110673
600674,1,110674
600675,1,110675
600676,1,110676
600677,1,110677
600678,1,110678
600679,1,110679
600680,1,110680
600681,1,110681
600682,1,110682
600683,1,110683
600684,1,110684
600685,1,110685
600686,1,110686
600687,1,110687
600688,1,110688
600689,1,110689
600690,1,110690
600691,1,110691
600692,1,110692
600693,1,110693
600694,1,110694
600695,1,110695
600696,1,110696
600697,1,110697
600698,1,110698
600699,1,110699
600700,1,110700
600701,1,110701
600702,1,110702
600703,1,110703
600704,1,110704
600705,1,110705
600706,1,110706
600707,1,110707
600708,1,110708
600709,1,110709
600710,1,110710
600711,1,110711
600712,1,110712
600713,1,110713
600714,1,110714
600715,1,110715
600716,1,110716
600717,1,110717
600718,1,110718
600719,1,110719
600720,1,110720
600721,1,110721
600722,1,110722
600723,1,110723
600724,1,110724
600725,1,110725
600726,1,110726
600727,1,110727
600728,1,110728
600729,1,110729
600730,1,110730
600731,1,110731
600732,1,110732
600733,1,110733
600734,1,110734
600735,1,110735
600736,1,110736
600737,1,110737
600738,1,110738
600739,1,110739
600740,1,110740
600741,1,110741
600742,1,110742
600743,1,110743
600744,1,110744
600745,1,110745
600746,1,110746
600747,1,110747
600748,1,110748
600749,1,110749
600750,1,110750
600751,1,110751
600752,1,110752
600753,1,110753
600754,1,110754
600755,1,110755
600756,1,110756
600757,1,110757
600758,1,110758
600759,1,110759
600760,1,110760
600761,1,110761
600762,1,110762
600763,1,110763
600764,1,110764
600765,1,110765
600766,1,110766
600767,1,110767
600768,1,110768
600769,1,110769
600770,1,110770
600771,1,110771
600772,1,110772
600773,1,110773
600774,1,110774
600775,1,110775
600776,1,110776
600777,1,110777
600778,1,110778
600779,1,110779
600780,1,110780
600781,1,110781
600782,1,110782
600783,1,110783
600784,1,110784
600785,1,110785
600786,1,110786
600787,1,110787
600788,1,110788
600789,1,110789
600790,1,110790
600791,1,110791
600792,1,110792
600793,1,110793
600794,1,110794
600795,1,110795
600796,1,110796
600797,1,110797
600798,1,110798
600799,1,110799
600800,1,110800
600801,1,110801
600802,1,110802
600803,1,110803
600804,1,110804
600805,1,110805
600806,1,110806
600807,1,110807
600808,1,110808
600809,1,110809
600810,1,110810
600811,1,110811
600812,1,110812
600813,1,110813
600814,1,110814
600815,1,110815
600816,1,110816
600817,1,110817
600818,1,110818
600819,1,110819
600820,1,110820
600821,1,110821
600822,1,110822
600823,1,110823
600824,1,110824
600825,1,110825
600826,1,110826
600827,1,110827
600828,1,110828
600829,1,110829
600830,1,110830
600831,1,110831
600832,1,110832
600833,1,110833
600834,1,110834
600835,1,110835
600836,1,110836
600837,1,110837
600838,1,110838
600839,1,110839
600840,1,110840
600841,1,110841
600842,1,110842
600843,1,110843
600844,1,110844
600845,1,110845
600846,1,110846
600847,1,110847
600848,1,110848
600849,1,110849
600850,1,110850
600851,1,110851
600852,1,110852
600853,1,110853
600854,1,110854
600855,1,110855
600856,1,110856
600857,1,110857
600858,1,110858
600859,1,110859
600860,1,110860
600861,1,110861
600862,1,110862
600863,1,110863
600864,1,110864
600865,1,110865
600866,1,110866
600867,1,110867
600868,1,110868
600869,1,110869
600870,1,110870
600871,1,110871
600872,1,110872
600873,1,110873
600874,1,110874
600875,1,110875
600876,1,110876
600877,1,110877
600878,1,110878
600879,1,110879
600880,1,110880
600881,1,110881
600882,1,110882
600883,1,110883
600884,1,110884
600885,1,110885
600886,1,110886
600887,1,110887
600888,1,110888
600889,1,110889
600890,1,110890
600891,1,110891
600892,1,110892
600893,1,110893
600894,1,110894
600895,1,110895
600896,1,110896
600897,1,110897
600898,1,110898
600899,1,110899
600900,1,110900
600901,1,110901
600902,1,110902
600903,1,110903
600904,1,110904
600905,1,110905
600906,1,110906
600907,1,110907
600908,1,110908
600909,1,110909
600910,1,110910
600911,1,110911
600912,1,110912
600913,1,110913
600914,1,110914
600915,1,110915
600916,1,110916
600917,1,110917
600918,1,110918
600919,1,110919
600920,1,110920
600921,1,110921
600922,1,110922
600923,1,110923
600924,1,110924
600925,1,110925
600926,1,110926
600927,1,110927
600928,1,110928
600929,1,110929
600930,1,110930
600931,1,110931
600932,1,110932
600933,1,110933
600934,1,110934
600935,1,110935
600936,1,110936
600937,1,110937
600938,1,110938
600939,1,110939
600940,1,110940
600941,1,110941
600942,1,110942
600943,1,110943
600944,1,110944
600945,1,110945
600946,1,110946
600947,1,110947
600948,1,110948
600949,1,110949
600950,1,110950
600951,1,110951
600952,1,110952
600953,1,110953
600954,1,110954
600955,1,110955
600956,1,110956
600957,1,110957
600958,1,110958
600959,1,110959
600960,1,110960
600961,1,110961
600962,1,110962
600963,1,110963
600964,1,110964
600965,1,110965
600966,1,110966
600967,1,110967
600968,1,110968
600969,1,110969
600970,1,110970
600971,1,110971
600972,1,110972
600973,1,110973
600974,1,110974
600975,1,110975
600976,1,110976
600977,1,110977
600978,1,110978
600979,1,110979
600980,1,110980
600981,1,110981
600982,1,110982
600983,1,110983
600984,1,110984
600985,1,110985
600986,1,110986
600987,1,110987
600988,1,110988
600989,1,110989
600990,1,110990
600991,1,110991
600992,1,110992
600993,1,110993
600994,1,110994
600995,1,110995
600996,1,110996
600997,1,110997
600998,1,110998
600999,1,110999
601000,1,111000
601001,1,111001
601002,1,111002
601003,1,111003
601004,1,111004
601005,1,111005
601006,1,111006
601007,1,111007
601008,1,111008
601009,1,111009
601010,1,111010
601011,1,111011
601012,1,111012
601013,1,111013
601014,1,111014
601015,1,111015
601016,1,111016
601017,1,111017
601018,1,111018
601019,1,111019
601020,1,111020
601021,1,111021
601022,1,111022
601023,1,111023
601024,1,111024
601025,1,111025
601026,1,111026
601027,1,111027
601028,1,111028
601029,1,111029
601030,1,111030
601031,1,111031
601032,1,111032
601033,1,111033
601034,1,111034
601035,1,111035
601036,1,111036
601037,1,111037
601038,1,111038
601039,1,111039
601040,1,111040
601041,1,111041
601042,1,111042
601043,1,111043
601044,1,111044
601045,1,111045
601046,1,111046
601047,1,111047
601048,1,111048
601049,1,111049
601050,1,111050
601051,1,111051
601052,1,111052
601053,1,111053
601054,1,111054
601055,1,111055
601056,1,111056
601057,1,111057
601058,1,111058
601059,1,111059
601060,1,111060
601061,1,111061
601062,1,111062
601063,1,111063
601064,1,111064
601065,1,111065
601066,1,111066
601067,1,111067
601068,1,111068
601069,1,111069
601070,1,111070
601071,1,111071
601072,1,111072
601073,1,111073
601074,1,111074
601075,1,111075
601076,1,111076
601077,1,111077
601078,1,111078
601079,1,111079
601080,1,111080
601081,1,111081
601082,1,111082
601083,1,111083
601084,1,111084
601085,1,111085
601086,1,111086
601087,1,111087
601088,1,111088
601089,1,111089
601090,1,111090
601091,1,111091
601092,1,111092
601093,1,111093
601094,1,111094
601095,1,111095
601096,1,111096
601097,1,111097
601098,1,111098
601099,1,111099
601100,1,111100
601101,1,111101
601102,1,111102
601103,1,111103
601104,1,111104
601105,1,111105
601106,1,110569
601107,1,110276
601108,1,110594
601109,1,111106
601110,1,111107
601111,1,111108
601112,1,111109
601113,1,111110
601114,1,111111
601115,1,111112
601116,1,111113
601117,1,111114
601118,1,111115
601119,1,111116
601120,1,111117
601121,1,111118
601122,1,111119
601123,1,111120
601124,1,111121
601125,1,111122
601126,1,111123
