INVOICE_ID,CHECK_ID,REVERSAL_FLAG
600000,800000,N
600001,800001,N
600002,800002,N
600003,800003,N
600004,800004,N
600005,800005,N
600005,899999,N
600006,800006,N
600007,800007,N
600008,800008,N
600009,800009,N
600010,800010,N
600011,800011,N
600012,800012,N
600013,800013,N
600014,800014,N
600015,800015,N
600016,800016,N
600017,800017,N
600018,800018,N
600019,800019,N
600020,800020,N
600021,800021,N
600022,800022,N
600023,800023,N
600024,800024,N
600025,800025,N
600026,800026,N
600027,800027,N
600028,800028,N
600029,800029,N
600030,800030,N
600031,800031,N
600032,800032,N
600033,800033,N
600034,800034,N
600035,800035,N
600036,800036,N
600037,800037,N
600038,800038,N
600039,800039,N
600040,800040,N
600041,800041,N
600042,800042,N
600043,800043,N
600044,800044,N
600045,800045,N
600046,800046,N
600047,800047,N
600048,800048,N
600049,800049,N
600050,800050,N
600051,800051,N
600052,800052,N
600053,800053,N
600054,800054,N
600055,800055,N
600056,800056,N
600057,800057,N
600058,800058,N
600059,800059,N
600060,800060,N
600061,800061,N
600062,800062,N
600063,800063,N
600064,800064,N
600065,800065,N
600066,800066,N
600067,800067,N
600068,800068,N
600069,800069,N
600070,800070,N
600071,800071,N
600072,800072,N
600073,800073,N
600074,800074,N
600075,800075,N
600076,800076,N
600077,800077,N
600078,800078,N
600079,800079,N
600080,800080,N
600081,800081,N
600082,800082,N
600083,800083,N
600084,800084,N
600085,800085,N
600086,800086,N
600087,800087,N
600088,800088,N
600089,800089,N
600090,800090,N
600091,800091,N
600092,800092,N
600093,800093,N
600094,800094,N
600095,800095,N
600096,800096,N
600097,800097,N
600098,800098,N
600099,800099,N
600100,800100,N
600101,800101,N
600102,800102,N
600103,800103,N
600104,800104,N
600105,800105,N
600106,800106,N
600107,800107,N
600108,800108,N
600109,800109,N
600110,800110,N
600111,800111,N
600112,800112,N
600113,800113,N
600114,800114,N
600115,800115,N
600116,800116,N
600117,800117,N
600118,800118,N
600119,800119,N
600120,800120,N
600121,800121,N
600122,800122,N
600123,800123,N
600124,800124,N
600125,800125,N
600126,800126,N
600127,800127,N
600128,800128,N
600129,800129,N
600130,800130,N
600131,800131,N
600132,800132,N
600133,800133,N
600134,800134,N
600135,800135,N
600136,800136,N
600137,800137,N
600138,800138,N
600139,800139,N
600140,800140,N
600141,800141,N
600142,800142,N
600143,800143,N
600144,800144,N
600145,800145,N
600146,800146,N
600147,800147,N
600148,800148,N
600149,800149,N
600150,800150,N
600151,800151,N
600152,800152,N
600153,800153,N
600154,800154,N
600155,800155,N
600156,800156,N
600157,800157,N
600158,800158,N
600159,800159,N
600160,800160,N
600161,800161,N
600162,800162,N
600163,800163,N
600164,800164,N
600165,800165,N
600166,800166,N
600167,800167,N
600168,800168,N
600169,800169,N
600170,800170,N
600171,800171,N
600172,800172,N
600173,800173,N
600174,800174,N
600175,800175,N
600176,800176,N
600177,800177,N
600178,800178,N
600179,800179,N
600180,800180,N
600181,800181,N
600182,800182,N
600183,800183,N
600184,800184,N
600185,800185,N
600186,800186,N
600187,800187,N
600188,800188,N
600189,800189,N
600190,800190,N
600191,800191,N
600192,800192,N
600193,800193,N
600194,800194,N
600195,800195,N
600196,800196,N
600197,800197,N
600198,800198,N
600199,800199,N
600200,800200,N
600201,800201,N
600202,800202,N
600203,800203,N
600204,800204,N
600205,800205,N
600206,800206,N
600207,800207,N
600208,800208,N
600209,800209,N
600210,800210,N
600211,800211,N
600212,800212,N
600213,800213,N
600214,800214,N
600215,800215,N
600216,800216,N
600217,800217,N
600218,800218,N
600219,800219,N
600220,800220,N
600221,800221,N
600222,800222,N
600223,800223,N
600224,800224,N
600225,800225,N
600226,800226,N
600227,800227,N
600228,800228,N
600229,800229,N
600230,800230,N
600231,800231,N
600232,800232,N
600233,800233,N
600234,800234,N
600235,800235,N
600236,800236,N
600237,800237,N
600238,800238,N
600239,800239,N
600240,800240,N
600241,800241,N
600242,800242,N
600243,800243,N
600244,800244,N
600245,800245,N
600246,800246,N
600247,800247,N
600248,800248,N
600249,800249,N
600250,800250,N
600251,800251,N
600252,800252,N
600253,800253,N
600254,800254,N
600255,800255,N
600256,800256,N
600257,800257,N
600258,800258,N
600259,800259,N
600260,800260,N
600261,800261,N
600262,800262,N
600263,800263,N
600264,800264,N
600265,800265,N
600266,800266,N
600267,800267,N
600268,800268,N
600269,800269,N
600270,800270,N
600271,800271,N
600272,800272,N
600273,800273,N
600274,800274,N
600275,800275,N
600276,800276,N
600277,800277,N
600278,800278,N
600279,800279,N
600280,800280,N
600281,800281,N
600282,800282,N
600283,800283,N
600284,800284,N
600285,800285,N
600286,800286,N
600287,800287,N
600288,800288,N
600289,800289,N
600290,800290,N
600291,800291,N
600292,800292,N
600293,800293,N
600294,800294,N
600295,800295,N
600296,800296,N
600297,800297,N
600298,800298,N
600299,800299,N
600300,800300,N
600301,800301,N
600302,800302,N
600303,800303,N
600304,800304,N
600305,800305,N
600306,800306,N
600307,800307,N
600308,800308,N
600309,800309,N
600310,800310,N
600311,800311,N
600312,800312,N
600313,800313,N
600314,800314,N
600315,800315,N
600316,800316,N
600317,800317,N
600318,800318,N
600319,800319,N
600320,800320,N
600321,800321,N
600322,800322,N
600323,800323,N
600324,800324,N
600325,800325,N
600326,800326,N
600327,800327,N
600328,800328,N
600329,800329,N
600330,800330,N
600331,800331,N
600332,800332,N
600333,800333,N
600334,800334,N
600335,800335,N
600336,800336,N
600337,800337,N
600338,800338,N
600339,800339,N
600340,800340,N
600341,800341,N
600342,800342,N
600343,800343,N
600344,800344,N
600345,800345,N
600346,800346,N
600347,800347,N
600348,800348,N
600349,800349,N
600350,800350,N
600351,800351,N
600352,800352,N
600353,800353,N
600354,800354,N
600355,800355,N
600356,800356,N
600357,800357,N
600358,800358,N
600359,800359,N
600360,800360,N
600361,800361,N
600362,800362,N
600363,800363,N
600364,800364,N
600365,800365,N
600366,800366,N
600367,800367,N
600368,800368,N
600369,800369,N
600370,800370,N
600371,800371,N
600372,800372,N
600373,800373,N
600374,800374,N
600375,800375,N
600376,800376,N
600377,800377,N
600378,800378,N
600379,800379,N
600380,800380,N
600381,800381,N
600382,800382,N
600383,800383,N
600384,800384,N
600385,800385,N
600386,800386,N
600387,800387,N
600388,800388,N
600389,800389,N
600390,800390,N
600391,800391,N
600392,800392,N
600393,800393,N
600394,800394,N
600395,800395,N
600396,800396,N
600397,800397,N
600398,800398,N
600399,800399,N
600400,800400,N
600401,800401,N
600402,800402,N
600403,800403,N
600404,800404,N
600405,800405,N
600406,800406,N
600407,800407,N
600408,800408,N
600409,800409,N
600410,800410,N
600411,800411,N
600412,800412,N
600413,800413,N
600414,800414,N
600415,800415,N
600416,800416,N
600417,800417,N
600418,800418,N
600419,800419,N
600420,800420,N
600421,800421,N
600422,800422,N
600423,800423,N
600424,800424,N
600425,800425,N
600426,800426,N
600427,800427,N
600428,800428,N
600429,800429,N
600430,800430,N
600431,800431,N
600432,800432,N
600433,800433,N
600434,800434,N
600435,800435,N
600436,800436,N
600437,800437,N
600438,800438,N
600439,800439,N
600440,800440,N
600441,800441,N
600442,800442,N
600443,800443,N
600444,800444,N
600445,800445,N
600446,800446,N
600447,800447,N
600448,800448,N
600449,800449,N
600450,800450,N
600451,800451,N
600452,800452,N
600453,800453,N
600454,800454,N
600455,800455,N
600456,800456,N
600457,800457,N
600458,800458,N
600459,800459,N
600460,800460,N
600461,800461,N
600462,800462,N
600463,800463,N
600464,800464,N
600465,800465,N
600466,800466,N
600467,800467,N
600468,800468,N
600469,800469,N
600470,800470,N
600471,800471,N
600472,800472,N
600473,800473,N
600474,800474,N
600475,800475,N
600476,800476,N
600477,800477,N
600478,800478,N
600479,800479,N
600480,800480,N
600481,800481,N
600482,800482,N
600483,800483,N
600484,800484,N
600485,800485,N
600486,800486,N
600487,800487,N
600488,800488,N
600489,800489,N
600490,800490,N
600491,800491,N
600492,800492,N
600493,800493,N
600494,800494,N
600495,800495,N
600496,800496,N
600497,800497,N
600498,800498,N
600499,800499,N
600500,800500,N
600501,800501,N
600502,800502,N
600503,800503,N
600504,800504,N
600505,800505,N
600506,800506,N
600507,800507,N
600508,800508,N
600509,800509,N
600510,800510,N
600511,800511,N
600512,800512,N
600513,800513,N
600514,800514,N
600515,800515,N
600516,800516,N
600517,800517,N
600518,800518,N
600519,800519,N
600520,800520,N
600521,800521,N
600522,800522,N
600523,800523,N
600524,800524,N
600525,800525,N
600526,800526,N
600527,800527,N
600528,800528,N
600529,800529,N
600530,800530,N
600531,800531,N
600532,800532,N
600533,800533,N
600534,800534,N
600535,800535,N
600536,800536,N
600537,800537,N
600538,800538,N
600539,800539,N
600540,800540,N
600541,800541,N
600542,800542,N
600543,800543,N
600544,800544,N
600545,800545,N
600546,800546,N
600547,800547,N
600548,800548,N
600549,800549,N
600550,800550,N
600551,800551,N
600552,800552,N
600553,800553,N
600554,800554,N
600555,800555,N
600556,800556,N
600557,800557,N
600558,800558,N
600559,800559,N
600560,800560,N
600561,800561,N
600562,800562,N
600563,800563,N
600564,800564,N
600565,800565,N
600566,800566,N
600567,800567,N
600568,800568,N
600569,800569,N
600570,800570,N
600571,800571,N
600572,800572,N
600573,800573,N
600574,800574,N
600575,800575,N
600576,800576,N
600577,800577,N
600578,800578,N
600579,800579,N
600580,800580,N
600581,800581,N
600582,800582,N
600583,800583,N
600584,800584,N
600585,800585,N
600586,800586,N
600587,800587,N
600588,800588,N
600589,800589,N
600590,800590,N
600591,800591,N
600592,800592,N
600593,800593,N
600594,800594,N
600595,800595,N
600596,800596,N
600597,800597,N
600598,800598,N
600599,800599,N
600600,800600,N
600601,800601,N
600602,800602,N
600603,800603,N
600604,800604,N
600605,800605,N
600606,800606,N
600607,800607,N
600608,800608,N
600609,800609,N
600610,800610,N
600611,800611,N
600612,800612,N
600613,800613,N
600614,800614,N
600615,800615,N
600616,800616,N
600617,800617,N
600618,800618,N
600619,800619,N
600620,800620,N
600621,800621,N
600622,800622,N
600623,800623,N
600624,800624,N
600625,800625,N
600626,800626,N
600627,800627,N
600628,800628,N
600629,800629,N
600630,800630,N
600631,800631,N
600632,800632,N
600633,800633,N
600634,800634,N
600635,800635,N
600636,800636,N
600637,800637,N
600638,800638,N
600639,800639,N
600640,800640,N
600641,800641,N
600642,800642,N
600643,800643,N
600644,800644,N
600645,800645,N
600646,800646,N
600647,800647,N
600648,800648,N
600649,800649,N
600650,800650,N
600651,800651,N
600652,800652,N
600653,800653,N
600654,800654,N
600655,800655,N
600656,800656,N
600657,800657,N
600658,800658,N
600659,800659,N
600660,800660,N
600661,800661,N
600662,800662,N
600663,800663,N
600664,800664,N
600665,800665,N
600666,800666,N
600667,800667,N
600668,800668,N
600669,800669,N
600670,800670,N
600671,800671,N
600672,800672,N
600673,800673,N
600674,800674,N
600675,800675,N
600676,800676,N
600677,800677,N
600678,800678,N
600679,800679,N
600680,800680,N
600681,800681,N
600682,800682,N
600683,800683,N
600684,800684,N
600685,800685,N
600686,800686,N
600687,800687,N
600688,800688,N
600689,800689,N
600690,800690,N
600691,800691,N
600692,800692,N
600693,800693,N
600694,800694,N
600695,800695,N
600696,800696,N
600697,800697,N
600698,800698,N
600699,800699,N
600700,800700,N
600701,800701,N
600702,800702,N
600703,800703,N
600704,800704,N
600705,800705,N
600706,800706,N
600707,800707,N
600708,800708,N
600709,800709,N
600710,800710,N
600711,800711,N
600712,800712,N
600713,800713,N
600714,800714,N
600715,800715,N
600716,800716,N
600717,800717,N
600718,800718,N
600719,800719,N
600720,800720,N
600721,800721,N
600722,800722,N
600723,800723,N
600724,800724,N
600725,800725,N
600726,800726,N
600727,800727,N
600728,800728,N
600729,800729,N
600730,800730,N
600731,800731,N
600732,800732,N
600733,800733,N
600734,800734,N
600735,800735,N
600736,800736,N
600737,800737,N
600738,800738,N
600739,800739,N
600740,800740,N
600741,800741,N
600742,800742,N
600743,800743,N
600744,800744,N
600745,800745,N
600746,800746,N
600747,800747,N
600748,800748,N
600749,800749,N
600750,800750,N
600751,800751,N
600752,800752,N
600753,800753,N
600754,800754,N
600755,800755,N
600756,800756,N
600757,800757,N
600758,800758,N
600759,800759,N
600760,800760,N
600761,800761,N
600762,800762,N
600763,800763,N
600764,800764,N
600765,800765,N
600766,800766,N
600767,800767,N
600768,800768,N
600769,800769,N
600770,800770,N
600771,800771,N
600772,800772,N
600773,800773,N
600774,800774,N
600775,800775,N
600776,800776,N
600777,800777,N
600778,800778,N
600779,800779,N
600780,800780,N
600781,800781,N
600782,800782,N
600783,800783,N
600784,800784,N
600785,800785,N
600786,800786,N
600787,800787,N
600788,800788,N
600789,800789,N
600790,800790,N
600791,800791,N
600792,800792,N
600793,800793,N
600794,800794,N
600795,800795,N
600796,800796,N
600797,800797,N
600798,800798,N
600799,800799,N
600800,800800,N
600801,800801,N
600802,800802,N
600803,800803,N
600804,800804,N
600805,800805,N
600806,800806,N
600807,800807,N
600808,800808,N
600809,800809,N
600810,800810,N
600811,800811,N
600812,800812,N
600813,800813,N
600814,800814,N
600815,800815,N
600816,800816,N
600817,800817,N
600818,800818,N
600819,800819,N
600820,800820,N
600821,800821,N
600822,800822,N
600823,800823,N
600824,800824,N
600825,800825,N
600826,800826,N
600827,800827,N
600828,800828,N
600829,800829,N
600830,800830,N
600831,800831,N
600832,800832,N
600833,800833,N
600834,800834,N
600835,800835,N
600836,800836,N
600837,800837,N
600838,800838,N
600839,800839,N
600840,800840,N
600841,800841,N
600842,800842,N
600843,800843,N
600844,800844,N
600845,800845,N
600846,800846,N
600847,800847,N
600848,800848,N
600849,800849,N
600850,800850,N
600851,800851,N
600852,800852,N
600853,800853,N
600854,800854,N
600855,800855,N
600856,800856,N
600857,800857,N
600858,800858,N
600859,800859,N
600860,800860,N
600861,800861,N
600862,800862,N
600863,800863,N
600864,800864,N
600865,800865,N
600866,800866,N
600867,800867,N
600868,800868,N
600869,800869,N
600870,800870,N
600871,800871,N
600872,800872,N
600873,800873,N
600874,800874,N
600875,800875,N
600876,800876,N
600877,800877,N
600878,800878,N
600879,800879,N
600880,800880,N
600881,800881,N
600882,800882,N
600883,800883,N
600884,800884,N
600885,800885,N
600886,800886,N
600887,800887,N
600888,800888,N
600889,800889,N
600890,800890,N
600891,800891,N
600892,800892,N
600893,800893,N
600894,800894,N
600895,800895,N
600896,800896,N
600897,800897,N
600898,800898,N
600899,800899,N
600900,800900,N
600901,800901,N
600902,800902,N
600903,800903,N
600904,800904,N
600905,800905,N
600906,800906,N
600907,800907,N
600908,800908,N
600909,800909,N
600910,800910,N
600911,800911,N
600912,800912,N
600913,800913,N
600914,800914,N
600915,800915,N
600916,800916,N
600917,800917,N
600918,800918,N
600919,800919,N
600920,800920,N
600921,800921,N
600922,800922,N
600923,800923,N
600924,800924,N
600925,800925,N
600926,800926,N
600927,800927,N
600928,800928,N
600929,800929,N
600930,800930,N
600931,800931,N
600932,800932,N
600933,800933,N
600934,800934,N
600935,800935,N
600936,800936,N
600937,800937,N
600938,800938,N
600939,800939,N
600940,800940,N
600941,800941,N
600942,800942,N
600943,800943,N
600944,800944,N
600945,800945,N
600946,800946,N
600947,800947,N
600948,800948,N
600949,800949,N
600950,800950,N
600951,800951,N
600952,800952,N
600953,800953,N
600954,800954,N
600955,800955,N
600956,800956,N
600957,800957,N
600958,800958,N
600959,800959,N
600960,800960,N
600961,800961,N
600962,800962,N
600963,800963,N
600964,800964,N
600965,800965,N
600966,800966,N
600967,800967,N
600968,800968,N
600969,800969,N
600970,800970,N
600971,800971,N
600972,800972,N
600973,800973,N
600974,800974,N
600975,800975,N
600976,800976,N
600977,800977,N
600978,800978,N
600979,800979,N
600980,800980,N
600981,800981,N
600982,800982,N
600983,800983,N
600984,800984,N
600985,800985,N
600986,800986,N
600987,800987,N
600988,800988,N
600989,800989,N
600990,800990,N
600991,800991,N
600992,800992,N
600993,800993,N
600994,800994,N
600995,800995,N
600996,800996,N
600997,800997,N
600998,800998,N
600999,800999,N
601000,801000,N
601001,801001,N
601002,801002,N
601003,801003,N
601004,801004,N
601005,801005,N
601006,801006,N
601007,801007,N
601008,801008,N
601009,801009,N
601010,801010,N
601011,801011,N
601012,801012,N
601013,801013,N
601014,801014,N
601015,801015,N
601016,801016,N
601017,801017,N
601018,801018,N
601019,801019,N
601020,801020,N
601021,801021,N
601022,801022,N
601023,801023,N
601024,801024,N
601025,801025,N
601026,801026,N
601027,801027,N
601028,801028,N
601029,801029,N
601030,801030,N
601031,801031,N
601032,801032,N
601033,801033,N
601034,801034,N
601035,801035,N
601036,801036,N
601037,801037,N
601038,801038,N
601039,801039,N
601040,801040,N
601041,801041,N
601042,801042,N
601043,801043,N
601044,801044,N
601045,801045,N
601046,801046,N
601047,801047,N
601048,801048,N
601049,801049,N
601050,801050,N
601051,801051,N
601052,801052,N
601053,801053,N
601054,801054,N
601055,801055,N
601056,801056,N
601057,801057,N
601058,801058,N
601059,801059,N
601060,801060,N
601061,801061,N
601062,801062,N
601063,801063,N
601064,801064,N
601065,801065,N
601066,801066,N
601067,801067,N
601068,801068,N
601069,801069,N
601070,801070,N
601071,801071,N
601072,801072,N
601073,801073,N
601074,801074,N
601075,801075,N
601076,801076,N
601077,801077,N
601078,801078,N
601079,801079,N
601080,801080,N
601081,801081,N
601082,801082,N
601083,801083,N
601084,801084,N
601085,801085,N
601086,801086,N
601087,801087,N
601088,801088,N
601089,801089,N
601090,801090,N
601091,801091,N
601092,801092,N
601093,801093,N
601094,801094,N
601095,801095,N
601096,801096,N
601097,801097,N
601098,801098,N
601099,801099,N
601100,801100,N
601101,801101,N
601102,801102,N
601103,801103,N
601104,801104,N
601105,801105,N
601106,801106,N
601107,801107,N
601108,801108,N
601109,801109,N
601110,801110,N
601111,801111,N
601112,801112,N
601113,801113,N
601114,801114,N
601115,801115,N
601116,801116,N
601117,801117,N
601118,801118,N
601119,801119,N
601120,801120,N
601121,801121,N
601122,801122,N
601123,801123,N
601124,801124,N
601125,801125,N
601126,801126,N
