INVOICE_ID,INVOICE_NUM,VENDOR_ID,INVOICE_DATE,INVOICE_AMOUNT,INVOICE_TYPE_LOOKUP_CODE,CANCELLED_DATE
600000,INV-4395,3042,21-JUL-26,4307.95,STANDARD,
600001,INV-5017,3046,16-JUL-26,27039.1,STANDARD,
600002,INV-4844,3013,09-AUG-26,32127.76,STANDARD,
600003,INV-2223,3023,17-SEP-26,5643.7,STANDARD,
600004,INV-3768,3011,15-JUL-26,34742.4,STANDARD,
600005,INV-5057,3046,22-AUG-26,6280.04,STANDARD,
600006,INV-4606,3033,01-OCT-26,23443.68,STANDARD,
600007,INV-2276,3023,14-JUL-26,17073.36,STANDARD,
600008,INV-4001,3043,18-OCT-26,29448.0,STANDARD,
600009,INV-4629,3033,08-AUG-26,15391.08,STANDARD,
600010,INV-1759,3034,31-JUL-26,11969.55,STANDARD,
600011,INV-2951,3009,31-AUG-26,28252.38,STANDARD,
600012,INV-4812,3046,29-SEP-26,13609.56,STANDARD,
600013,INV-1893,3014,02-SEP-26,20234.55,STANDARD,
600014,INV-4220,3008,05-OCT-26,9233.0,STANDARD,
600015,INV-5023,3046,14-AUG-26,20158.16,STANDARD,
600016,INV-2131,3018,17-SEP-26,36822.34,STANDARD,
600017,INV-5037,3046,04-SEP-26,32038.08,STANDARD,
600018,INV-2211,3020,09-AUG-26,22545.76,STANDARD,
600019,INV-1588,3019,25-SEP-26,14696.4,STANDARD,
600020,INV-4416,3045,25-SEP-26,26988.28,STANDARD,
600021,INV-2992,3044,17-AUG-26,16348.75,STANDARD,
600022,INV-1107,3005,20-SEP-26,16611.48,STANDARD,
600023,INV-2307,3023,03-AUG-26,27716.64,STANDARD,
600024,INV-3236,3021,03-AUG-26,18367.26,STANDARD,
600025,INV-1922,3015,19-OCT-26,4920.43,STANDARD,
600026,INV-4675,3033,29-AUG-26,30033.15,STANDARD,
600027,INV-2989,3009,09-AUG-26,16452.15,STANDARD,
600028,INV-2172,3018,19-AUG-26,3539.01,STANDARD,
600029,INV-1873,3006,20-OCT-26,27650.95,STANDARD,
600030,INV-4448,3042,17-JUL-26,6948.87,STANDARD,
600031,INV-2421,3046,15-SEP-26,34614.88,STANDARD,
600032,INV-1795,3038,17-AUG-26,30276.09,STANDARD,
600033,INV-4699,3033,06-AUG-26,21838.88,STANDARD,
600034,INV-3261,3021,01-SEP-26,38909.0,STANDARD,
600035,INV-4443,3045,25-JUL-26,7040.07,STANDARD,
600036,INV-1116,3010,07-SEP-26,22617.7,STANDARD,
600037,INV-3452,3036,18-SEP-26,4852.82,STANDARD,
600038,INV-3051,3046,22-JUL-26,19614.84,STANDARD,
600039,INV-4883,3025,17-SEP-26,22924.4,STANDARD,
600040,INV-1799,3016,01-AUG-26,22746.4,STANDARD,
600041,INV-3024,3009,08-SEP-26,38630.34,STANDARD,
600042,INV-3611,3022,21-AUG-26,11847.52,STANDARD,
600043,INV-2628,3030,05-SEP-26,31887.58,STANDARD,
600044,INV-3459,3036,01-AUG-26,19020.45,STANDARD,
600045,INV-4009,3043,31-JUL-26,14289.1,STANDARD,
600046,INV-2665,3030,07-OCT-26,12760.02,STANDARD,
600047,INV-2321,3023,15-SEP-26,37311.34,STANDARD,
600048,INV-2623,3029,27-AUG-26,6554.59,STANDARD,
600049,INV-1328,3012,12-SEP-26,9342.64,STANDARD,
600050,INV-1803,3038,12-SEP-26,9046.08,STANDARD,
600051,INV-1583,3040,14-SEP-26,28782.6,STANDARD,
600052,INV-2379,3023,22-AUG-26,1897.07,STANDARD,
600053,INV-3475,3036,16-JUL-26,37263.52,STANDARD,
600054,INV-2408,3023,16-SEP-26,16659.86,STANDARD,
600055,INV-4248,3008,04-SEP-26,3167.08,STANDARD,
600056,INV-4978,3003,09-SEP-26,26146.98,STANDARD,
600057,INV-4481,3045,13-OCT-26,8222.06,STANDARD,
600058,INV-2228,3020,22-SEP-26,23677.84,STANDARD,
600059,INV-4457,3042,16-AUG-26,27461.55,STANDARD,
600060,INV-2218,3018,15-SEP-26,17772.24,STANDARD,
600061,INV-5076,3046,18-JUL-26,34553.76,STANDARD,
600062,INV-4277,3008,15-AUG-26,13374.06,STANDARD,
600063,INV-4987,3003,04-SEP-26,26455.17,STANDARD,
600064,INV-4505,3045,11-AUG-26,4928.17,STANDARD,
600065,INV-4459,3032,22-SEP-26,32749.86,STANDARD,
600066,INV-5132,3046,15-AUG-26,10665.6,STANDARD,
600067,INV-2439,3046,25-AUG-26,6992.85,STANDARD,
600068,INV-4798,3041,06-SEP-26,16764.0,STANDARD,
600069,INV-4833,3041,23-AUG-26,23300.25,STANDARD,
600070,INV-1523,3027,18-OCT-26,33702.82,STANDARD,
600071,INV-4124,3046,05-AUG-26,35030.94,STANDARD,
600072,INV-1809,3016,02-AUG-26,3673.22,STANDARD,
600073,INV-3825,3011,17-AUG-26,22629.48,STANDARD,
600074,INV-1976,3015,30-JUL-26,30775.0,STANDARD,
600075,INV-2455,3046,24-AUG-26,24779.02,STANDARD,
600076,INV-4304,3008,22-JUL-26,3651.55,STANDARD,
600077,INV-4973,3017,22-JUL-26,12932.1,STANDARD,
600078,INV-3606,3046,29-SEP-26,37233.65,STANDARD,
600079,INV-1627,3040,17-AUG-26,21420.04,STANDARD,
600080,INV-2269,3020,19-JUL-26,23912.44,STANDARD,
600081,INV-5013,3017,17-JUL-26,24518.94,STANDARD,
600082,INV-1598,3002,20-JUL-26,10363.44,STANDARD,
600083,INV-5012,3003,09-AUG-26,17197.32,STANDARD,
600084,INV-4995,3007,27-AUG-26,22115.52,STANDARD,
600085,INV-2462,3046,23-JUL-26,4742.13,STANDARD,
600086,INV-2497,3046,27-SEP-26,30226.0,STANDARD,
600087,INV-3040,3009,14-AUG-26,18157.12,STANDARD,
600088,INV-2149,3037,19-JUL-26,4687.07,STANDARD,
600089,INV-2250,3018,28-AUG-26,4696.55,STANDARD,
600090,INV-3775,3046,30-SEP-26,31603.38,STANDARD,
600091,INV-4520,3045,25-JUL-26,15404.55,STANDARD,
600092,INV-4314,3008,12-OCT-26,30350.46,STANDARD,
600093,INV-5021,3003,24-AUG-26,35179.97,STANDARD,
600094,INV-4479,3032,10-AUG-26,37468.2,STANDARD,
600095,INV-4727,3033,09-OCT-26,15784.92,STANDARD,
600096,INV-5026,3007,07-OCT-26,33375.84,STANDARD,
600097,INV-1829,3016,06-AUG-26,13322.32,STANDARD,
600098,INV-1054,3004,06-OCT-26,29909.04,STANDARD,
600099,INV-4143,3046,11-SEP-26,35942.68,STANDARD,
600100,INV-1774,3034,19-SEP-26,6109.81,STANDARD,
600101,INV-5108,3046,31-AUG-26,32136.0,STANDARD,
600102,INV-5048,3003,04-OCT-26,33710.64,STANDARD,
600103,INV-4873,3041,22-AUG-26,2973.96,STANDARD,
600104,INV-4835,3024,25-SEP-26,32078.31,STANDARD,
600105,INV-1335,3012,02-AUG-26,24386.65,STANDARD,
600106,INV-4176,3046,30-JUL-26,33833.63,STANDARD,
600107,INV-5082,3007,13-OCT-26,35017.94,STANDARD,
600108,INV-4481,3042,29-AUG-26,36557.64,STANDARD,
600109,INV-4916,3041,18-SEP-26,24397.2,STANDARD,
600110,INV-4913,3025,01-OCT-26,12739.02,STANDARD,
600111,INV-1870,3016,03-SEP-26,21021.5,STANDARD,
600112,INV-1085,3004,10-OCT-26,5912.55,STANDARD,
600113,INV-1353,3046,25-SEP-26,27322.24,STANDARD,
600114,INV-1212,3031,13-JUL-26,5638.6,STANDARD,
600115,INV-3303,3021,27-SEP-26,34804.35,STANDARD,
600116,INV-4883,3001,09-AUG-26,18704.64,STANDARD,
600117,INV-1830,3038,08-AUG-26,18155.8,STANDARD,
600118,INV-2004,3015,27-JUL-26,8688.74,STANDARD,
600119,INV-4994,3035,11-AUG-26,1228.32,STANDARD,
600120,INV-4966,3041,30-AUG-26,5757.19,STANDARD,
600121,INV-2201,3037,09-AUG-26,15344.4,STANDARD,
600122,INV-1532,3027,09-SEP-26,4586.22,STANDARD,
600123,INV-2694,3030,19-SEP-26,25257.68,STANDARD,
600124,INV-2308,3018,26-AUG-26,33539.7,STANDARD,
600125,INV-5035,3017,19-AUG-26,3653.95,STANDARD,
600126,INV-2347,3018,25-AUG-26,24920.28,STANDARD,
600127,INV-1590,3027,21-AUG-26,25978.05,STANDARD,
600128,INV-1783,3034,13-SEP-26,2672.76,STANDARD,
600129,INV-1919,3016,24-SEP-26,8273.7,STANDARD,
600130,INV-3873,3011,07-SEP-26,28729.96,STANDARD,
600131,INV-5144,3046,16-JUL-26,27522.04,STANDARD,
600132,INV-1641,3040,09-SEP-26,39954.18,STANDARD,
600133,INV-4337,3008,20-JUL-26,22031.08,STANDARD,
600134,INV-1400,3046,29-AUG-26,5087.79,STANDARD,
600135,INV-4528,3045,05-AUG-26,24378.9,STANDARD,
600136,INV-3315,3021,11-OCT-26,15912.06,STANDARD,
600137,INV-3885,3011,18-SEP-26,19263.08,STANDARD,
600138,INV-4496,3032,13-AUG-26,33410.52,STANDARD,
600139,INV-4891,3024,09-AUG-26,3703.84,STANDARD,
600140,INV-3664,3022,31-AUG-26,24661.62,STANDARD,
600141,INV-4535,3042,17-AUG-26,35291.55,STANDARD,
600142,INV-5059,3017,29-JUL-26,9768.15,STANDARD,
600143,INV-1945,3014,14-AUG-26,28430.88,STANDARD,
600144,INV-1793,3034,02-AUG-26,28305.42,STANDARD,
600145,INV-1423,3046,08-AUG-26,19565.86,STANDARD,
600146,INV-2424,3028,09-JUL-26,9474.45,STANDARD,
600147,INV-3014,3044,17-SEP-26,3160.08,STANDARD,
600148,INV-3946,3039,21-AUG-26,22003.92,STANDARD,
600149,INV-1386,3012,07-SEP-26,13677.36,STANDARD,
600150,INV-1623,3027,17-JUL-26,22709.06,STANDARD,
600151,INV-4904,3024,05-OCT-26,18799.13,STANDARD,
600152,INV-2509,3046,01-AUG-26,23379.2,STANDARD,
600153,INV-2045,3015,16-AUG-26,4306.15,STANDARD,
600154,INV-1151,3005,09-AUG-26,37355.68,STANDARD,
600155,INV-4587,3045,25-AUG-26,10899.7,STANDARD,
600156,INV-4935,3025,19-JUL-26,1584.74,STANDARD,
600157,INV-1135,3010,14-SEP-26,3803.13,STANDARD,
600158,INV-4233,3046,10-OCT-26,31806.0,STANDARD,
600159,INV-1555,3026,26-AUG-26,4511.68,STANDARD,
600160,INV-4991,3025,23-AUG-26,5536.32,STANDARD,
600161,INV-2101,3015,19-SEP-26,12318.0,STANDARD,
600162,INV-4032,3043,04-SEP-26,20749.5,STANDARD,
600163,INV-2361,3018,09-AUG-26,4381.23,STANDARD,
600164,INV-1434,3046,19-SEP-26,31640.55,STANDARD,
600165,INV-4590,3042,05-SEP-26,35955.92,STANDARD,
600166,INV-5204,3046,19-SEP-26,32927.4,STANDARD,
600167,INV-2550,3046,07-AUG-26,31920.64,STANDARD,
600168,INV-1593,3026,16-AUG-26,28553.76,STANDARD,
600169,INV-3042,3044,27-JUL-26,37560.6,STANDARD,
600170,INV-5231,3046,01-AUG-26,21907.8,STANDARD,
600171,INV-5280,3046,14-SEP-26,36516.8,STANDARD,
600172,INV-4946,3024,08-AUG-26,20339.0,STANDARD,
600173,INV-4598,3045,26-AUG-26,20363.4,STANDARD,
600174,INV-3702,3022,25-SEP-26,22577.94,STANDARD,
600175,INV-4055,3043,13-OCT-26,18102.63,STANDARD,
600176,INV-3966,3039,20-AUG-26,37629.54,STANDARD,
600177,INV-4863,3013,01-SEP-26,30940.84,STANDARD,
600178,INV-5025,3035,13-AUG-26,32096.7,STANDARD,
600179,INV-2291,3020,27-AUG-26,24283.46,STANDARD,
600180,INV-3525,3036,30-SEP-26,6677.7,STANDARD,
600181,INV-1147,3010,15-AUG-26,19864.7,STANDARD,
600182,INV-5116,3046,10-SEP-26,9097.02,STANDARD,
600183,INV-5299,3046,01-AUG-26,27078.7,STANDARD,
600184,INV-2423,3023,19-JUL-26,3373.56,STANDARD,
600185,INV-5079,3017,22-JUL-26,18159.24,STANDARD,
600186,INV-3580,3036,11-AUG-26,21159.9,STANDARD,
600187,INV-1200,3010,05-SEP-26,39766.4,STANDARD,
600188,INV-3095,3046,16-AUG-26,30509.5,STANDARD,
600189,INV-1232,3031,27-SEP-26,12740.7,STANDARD,
600190,INV-5155,3046,28-AUG-26,25947.68,STANDARD,
600191,INV-3049,3044,28-AUG-26,12340.08,STANDARD,
600192,INV-3084,3009,12-AUG-26,22539.96,STANDARD,
600193,INV-4549,3032,25-SEP-26,29333.15,STANDARD,
600194,INV-2723,3030,17-JUL-26,27160.65,STANDARD,
600195,INV-1236,3010,07-OCT-26,33152.56,STANDARD,
600196,INV-1136,3004,01-SEP-26,23531.7,STANDARD,
600197,INV-4983,3041,01-OCT-26,27452.48,STANDARD,
600198,INV-5330,3046,17-AUG-26,8563.8,STANDARD,
600199,INV-1147,3004,16-AUG-26,25996.76,STANDARD,
600200,INV-2217,3037,13-SEP-26,29093.79,STANDARD,
600201,INV-1474,3046,25-JUL-26,33564.0,STANDARD,
600202,INV-2312,3020,07-AUG-26,5959.16,STANDARD,
600203,INV-2350,3020,19-AUG-26,27111.48,STANDARD,
600204,INV-4600,3032,01-SEP-26,24908.4,STANDARD,
600205,INV-3923,3011,17-OCT-26,14200.35,STANDARD,
600206,INV-1633,3002,17-JUL-26,36045.0,STANDARD,
600207,INV-1251,3031,03-OCT-26,11768.64,STANDARD,
600208,INV-1848,3038,15-SEP-26,29274.66,STANDARD,
600209,INV-2759,3030,17-AUG-26,4614.75,STANDARD,
600210,INV-5135,3007,15-OCT-26,15623.99,STANDARD,
600211,INV-4878,3013,30-AUG-26,9697.14,STANDARD,
600212,INV-3754,3022,30-AUG-26,31723.8,STANDARD,
600213,INV-1263,3031,28-AUG-26,35185.54,STANDARD,
600214,INV-1276,3010,19-AUG-26,37360.32,STANDARD,
600215,INV-4759,3033,23-SEP-26,19066.3,STANDARD,
600216,INV-3636,3046,23-JUL-26,2063.35,STANDARD,
600217,INV-1641,3027,30-JUL-26,5920.42,STANDARD,
600218,INV-4374,3008,06-AUG-26,37483.3,STANDARD,
600219,INV-5083,3003,17-SEP-26,19667.75,STANDARD,
600220,INV-4660,3032,30-SEP-26,9288.4,STANDARD,
600221,INV-2461,3028,01-OCT-26,26726.34,STANDARD,
600222,INV-1304,3010,27-AUG-26,37291.36,STANDARD,
600223,INV-1880,3006,26-AUG-26,13374.33,STANDARD,
600224,INV-1180,3005,26-SEP-26,29530.8,STANDARD,
600225,INV-1932,3016,19-SEP-26,18024.7,STANDARD,
600226,INV-4988,3024,08-OCT-26,40698.44,STANDARD,
600227,INV-1160,3004,15-JUL-26,22563.69,STANDARD,
600228,INV-2655,3029,03-OCT-26,26661.0,STANDARD,
600229,INV-2418,3018,09-SEP-26,29060.72,STANDARD,
600230,INV-5029,3024,13-OCT-26,5850.2,STANDARD,
600231,INV-5022,3041,20-JUL-26,41480.04,STANDARD,
600232,INV-5129,3017,24-AUG-26,4274.37,STANDARD,
600233,INV-1237,3005,12-SEP-26,8157.24,STANDARD,
600234,INV-2438,3023,11-JUL-26,3003.66,STANDARD,
600235,INV-2142,3015,11-SEP-26,14074.86,STANDARD,
600236,INV-1318,3031,25-JUL-26,25849.68,STANDARD,
600237,INV-1882,3038,26-SEP-26,10536.57,STANDARD,
600238,INV-2179,3015,26-JUL-26,2138.0,STANDARD,
600239,INV-1685,3040,30-AUG-26,23039.44,STANDARD,
600240,INV-3796,3022,16-OCT-26,28487.04,STANDARD,
600241,INV-4114,3043,08-JUL-26,38244.0,STANDARD,
600242,INV-5143,3007,04-AUG-26,25589.88,STANDARD,
600243,INV-5065,3035,17-AUG-26,24629.89,STANDARD,
600244,INV-1915,3006,13-AUG-26,34703.96,STANDARD,
600245,INV-5041,3025,18-AUG-26,9343.08,STANDARD,
600246,INV-4142,3043,02-OCT-26,30426.06,STANDARD,
600247,INV-1848,3034,27-JUL-26,2792.88,STANDARD,
600248,INV-5138,3003,06-OCT-26,28360.8,STANDARD,
600249,INV-4427,3008,23-AUG-26,15170.75,STANDARD,
600250,INV-3805,3046,05-AUG-26,30723.0,STANDARD,
600251,INV-2773,3030,24-SEP-26,10399.52,STANDARD,
600252,INV-4708,3032,05-SEP-26,38383.74,STANDARD,
600253,INV-4801,3033,23-SEP-26,13734.15,STANDARD,
600254,INV-1398,3012,03-OCT-26,32641.44,STANDARD,
600255,INV-4478,3008,23-JUL-26,29397.24,STANDARD,
600256,INV-5042,3041,06-SEP-26,34347.6,STANDARD,
600257,INV-1432,3012,24-AUG-26,18826.88,STANDARD,
600258,INV-4647,3045,27-JUL-26,11557.22,STANDARD,
600259,INV-1602,3019,23-AUG-26,37932.84,STANDARD,
600260,INV-1660,3019,24-AUG-26,33018.12,STANDARD,
600261,INV-4599,3042,03-OCT-26,31694.23,STANDARD,
600262,INV-1943,3006,12-SEP-26,34058.4,STANDARD,
600263,INV-1517,3046,01-OCT-26,22888.91,STANDARD,
600264,INV-4750,3032,07-SEP-26,11973.6,STANDARD,
600265,INV-1685,3019,19-AUG-26,2763.42,STANDARD,
600266,INV-2479,3023,08-SEP-26,5455.94,STANDARD,
600267,INV-1912,3038,26-JUL-26,21486.42,STANDARD,
600268,INV-2267,3037,17-OCT-26,23723.2,STANDARD,
600269,INV-2429,3018,26-JUL-26,8747.76,STANDARD,
600270,INV-1695,3027,19-AUG-26,32052.76,STANDARD,
600271,INV-3117,3009,21-AUG-26,31369.76,STANDARD,
600272,INV-3832,3046,15-SEP-26,14259.07,STANDARD,
600273,INV-3375,3021,13-AUG-26,30129.0,STANDARD,
600274,INV-1195,3004,20-SEP-26,4755.85,STANDARD,
600275,INV-5195,3007,18-SEP-26,12354.3,STANDARD,
600276,INV-5184,3046,04-AUG-26,30763.78,STANDARD,
600277,INV-3137,3009,09-AUG-26,5793.6,STANDARD,
600278,INV-5173,3017,11-AUG-26,3793.73,STANDARD,
600279,INV-5055,3041,15-SEP-26,7485.0,STANDARD,
600280,INV-1230,3004,09-OCT-26,27312.24,STANDARD,
600281,INV-1980,3016,19-JUL-26,15920.71,STANDARD,
600282,INV-5171,3003,20-JUL-26,31616.0,STANDARD,
600283,INV-2008,3016,22-JUL-26,9375.62,STANDARD,
600284,INV-2480,3018,27-SEP-26,4521.77,STANDARD,
600285,INV-1271,3004,10-SEP-26,32833.57,STANDARD,
600286,INV-1972,3006,14-SEP-26,37613.74,STANDARD,
600287,INV-2384,3020,25-JUL-26,26787.23,STANDARD,
600288,INV-1698,3040,17-SEP-26,17020.3,STANDARD,
600289,INV-3101,3044,06-SEP-26,26475.25,STANDARD,
600290,INV-2320,3037,26-JUL-26,23948.6,STANDARD,
600291,INV-1855,3034,16-AUG-26,16714.2,STANDARD,
600292,INV-3626,3036,30-AUG-26,5260.36,STANDARD,
600293,INV-2493,3023,04-SEP-26,5851.89,STANDARD,
600294,INV-5225,3046,26-AUG-26,6545.0,STANDARD,
600295,INV-1297,3004,15-SEP-26,9016.2,STANDARD,
600296,INV-1374,3031,09-OCT-26,41158.25,STANDARD,
600297,INV-4623,3042,13-AUG-26,19200.3,STANDARD,
600298,INV-3152,3046,08-SEP-26,2083.92,STANDARD,
600299,INV-4637,3042,20-JUL-26,39361.28,STANDARD,
600300,INV-2235,3015,04-SEP-26,36792.0,STANDARD,
600301,INV-1542,3046,06-JUL-26,14146.4,STANDARD,
600302,INV-4693,3042,09-AUG-26,23710.5,STANDARD,
600303,INV-1348,3004,30-JUL-26,11435.6,STANDARD,
600304,INV-2009,3006,21-AUG-26,13713.44,STANDARD,
600305,INV-1382,3031,12-JUL-26,17539.08,STANDARD,
600306,INV-2069,3006,16-JUL-26,9589.56,STANDARD,
600307,INV-5274,3046,11-AUG-26,35108.58,STANDARD,
600308,INV-1712,3040,19-SEP-26,26371.62,STANDARD,
600309,INV-1394,3031,01-SEP-26,18427.77,STANDARD,
600310,INV-3175,3009,10-OCT-26,34658.75,STANDARD,
600311,INV-2524,3023,26-SEP-26,37346.04,STANDARD,
600312,INV-2609,3046,26-SEP-26,3231.1,STANDARD,
600313,INV-2294,3015,18-SEP-26,13004.1,STANDARD,
600314,INV-3813,3022,01-OCT-26,29196.64,STANDARD,
600315,INV-2569,3023,11-JUL-26,23808.72,STANDARD,
600316,INV-5201,3003,19-SEP-26,37255.7,STANDARD,
600317,INV-5051,3025,31-AUG-26,30667.45,STANDARD,
600318,INV-5332,3046,04-AUG-26,24574.35,STANDARD,
600319,INV-1622,3026,20-JUL-26,18443.76,STANDARD,
600320,INV-3195,3009,30-JUL-26,41791.36,STANDARD,
600321,INV-1718,3019,01-OCT-26,5308.1,STANDARD,
600322,INV-1599,3046,18-AUG-26,21133.58,STANDARD,
600323,INV-5370,3046,19-JUL-26,1744.57,STANDARD,
600324,INV-3426,3021,11-JUL-26,11128.92,STANDARD,
600325,INV-3453,3021,09-AUG-26,2734.48,STANDARD,
600326,INV-2594,3023,10-AUG-26,21046.96,STANDARD,
600327,INV-2346,3015,25-AUG-26,33887.0,STANDARD,
600328,INV-1649,3046,14-JUL-26,34646.2,STANDARD,
600329,INV-3951,3011,29-AUG-26,16480.92,STANDARD,
600330,INV-3671,3046,01-AUG-26,34418.57,STANDARD,
600331,INV-4910,3013,18-JUL-26,27424.46,STANDARD,
600332,INV-2824,3030,02-OCT-26,16510.91,STANDARD,
600333,INV-1683,3046,02-SEP-26,18885.24,STANDARD,
600334,INV-1720,3046,17-SEP-26,32248.44,STANDARD,
600335,INV-1734,3019,19-JUL-26,10605.3,STANDARD,
600336,INV-5103,3041,30-AUG-26,36323.64,STANDARD,
600337,INV-5387,3046,31-AUG-26,13620.72,STANDARD,
600338,INV-1911,3034,13-AUG-26,13582.08,STANDARD,
600339,INV-3843,3022,01-AUG-26,36858.1,STANDARD,
600340,INV-1473,3012,06-AUG-26,29601.36,STANDARD,
600341,INV-4937,3013,05-AUG-26,34300.91,STANDARD,
600342,INV-2686,3029,24-AUG-26,37846.0,STANDARD,
600343,INV-1756,3046,20-JUL-26,33956.94,STANDARD,
600344,INV-1383,3004,31-JUL-26,38139.2,STANDARD,
600345,INV-2666,3046,08-JUL-26,26041.44,STANDARD,
600346,INV-3214,3009,17-JUL-26,16454.55,STANDARD,
600347,INV-4242,3046,16-SEP-26,35673.31,STANDARD,
600348,INV-2098,3006,02-AUG-26,15381.64,STANDARD,
600349,INV-2639,3023,29-SEP-26,25409.2,STANDARD,
600350,INV-1502,3012,25-SEP-26,4796.34,STANDARD,
600351,INV-4655,3045,21-SEP-26,10779.93,STANDARD,
600352,INV-4194,3043,21-AUG-26,2848.5,STANDARD,
600353,INV-3132,3044,17-AUG-26,18047.15,STANDARD,
600354,INV-5081,3024,28-JUL-26,16010.32,STANDARD,
600355,INV-5114,3024,01-AUG-26,35257.82,STANDARD,
600356,INV-2063,3016,30-AUG-26,25649.54,STANDARD,
600357,INV-3224,3009,28-AUG-26,1545.74,STANDARD,
600358,INV-4253,3046,29-JUL-26,35728.9,STANDARD,
600359,INV-4985,3013,21-SEP-26,27410.34,STANDARD,
600360,INV-4512,3008,07-OCT-26,19649.76,STANDARD,
600361,INV-2113,3016,11-AUG-26,7574.66,STANDARD,
600362,INV-1780,3019,01-AUG-26,8532.92,STANDARD,
600363,INV-3690,3046,30-SEP-26,7274.88,STANDARD,
600364,INV-3706,3046,06-AUG-26,27505.8,STANDARD,
600365,INV-3857,3022,17-AUG-26,9895.77,STANDARD,
600366,INV-2675,3023,18-AUG-26,30925.0,STANDARD,
600367,INV-1782,3046,25-AUG-26,32993.73,STANDARD,
600368,INV-5028,3013,28-SEP-26,33067.92,STANDARD,
600369,INV-1737,3040,01-OCT-26,5503.14,STANDARD,
600370,INV-5259,3003,03-SEP-26,11985.0,STANDARD,
600371,INV-1760,3040,30-JUL-26,34752.9,STANDARD,
600372,INV-4247,3043,05-SEP-26,16851.86,STANDARD,
600373,INV-1834,3019,01-OCT-26,11913.0,STANDARD,
600374,INV-5413,3046,05-SEP-26,34226.4,STANDARD,
600375,INV-5073,3025,10-AUG-26,29559.6,STANDARD,
600376,INV-3864,3046,26-JUL-26,31498.58,STANDARD,
600377,INV-2673,3046,11-JUL-26,27213.36,STANDARD,
600378,INV-3898,3022,27-AUG-26,19704.23,STANDARD,
600379,INV-1934,3038,23-JUL-26,21885.22,STANDARD,
600380,INV-3964,3011,06-AUG-26,19225.6,STANDARD,
600381,INV-1258,3005,28-AUG-26,8160.2,STANDARD,
600382,INV-2710,3023,23-SEP-26,36678.07,STANDARD,
600383,INV-5402,3046,27-SEP-26,11918.34,STANDARD,
600384,INV-4528,3008,19-JUL-26,7536.78,STANDARD,
600385,INV-2744,3023,30-AUG-26,7402.8,STANDARD,
600386,INV-2777,3023,20-JUL-26,30802.5,STANDARD,
600387,INV-1958,3034,09-AUG-26,9700.88,STANDARD,
600388,INV-5249,3007,30-SEP-26,5483.27,STANDARD,
600389,INV-2789,3023,21-SEP-26,35239.17,STANDARD,
600390,INV-4308,3046,21-SEP-26,6579.56,STANDARD,
600391,INV-3150,3044,22-SEP-26,4954.25,STANDARD,
600392,INV-4904,3001,07-AUG-26,10801.88,STANDARD,
600393,INV-2729,3046,20-SEP-26,14444.16,STANDARD,
600394,INV-5294,3007,31-JUL-26,36950.88,STANDARD,
600395,INV-5078,3035,07-SEP-26,36890.62,STANDARD,
600396,INV-1997,3014,25-SEP-26,22228.32,STANDARD,
600397,INV-1272,3005,28-AUG-26,28102.36,STANDARD,
600398,INV-3196,3044,04-AUG-26,31726.62,STANDARD,
600399,INV-4667,3045,22-AUG-26,36294.66,STANDARD,
600400,INV-1531,3012,25-AUG-26,24357.35,STANDARD,
600401,INV-5043,3013,14-AUG-26,9270.34,STANDARD,
600402,INV-1642,3002,29-SEP-26,34073.26,STANDARD,
600403,INV-1696,3002,25-AUG-26,7012.08,STANDARD,
600404,INV-2138,3016,10-AUG-26,29856.32,STANDARD,
600405,INV-1400,3004,09-AUG-26,8762.08,STANDARD,
600406,INV-3242,3044,26-JUL-26,12423.84,STANDARD,
600407,INV-2717,3029,27-SEP-26,2513.52,STANDARD,
600408,INV-1791,3040,29-AUG-26,22665.42,STANDARD,
600409,INV-2048,3014,15-OCT-26,23930.76,STANDARD,
600410,INV-5424,3046,18-JUL-26,29878.64,STANDARD,
600411,INV-5162,3024,12-OCT-26,12684.49,STANDARD,
600412,INV-2778,3046,11-OCT-26,38881.98,STANDARD,
600413,INV-5133,3025,13-AUG-26,14652.0,STANDARD,
600414,INV-4545,3008,10-OCT-26,17823.93,STANDARD,
600415,INV-3997,3039,25-AUG-26,31546.56,STANDARD,
600416,INV-2063,3014,23-AUG-26,12158.85,STANDARD,
600417,INV-1639,3026,10-AUG-26,32169.72,STANDARD,
600418,INV-2146,3006,15-SEP-26,6902.19,STANDARD,
600419,INV-2877,3030,21-JUL-26,31651.2,STANDARD,
600420,INV-4260,3043,19-OCT-26,23755.05,STANDARD,
600421,INV-2081,3014,18-SEP-26,21071.67,STANDARD,
600422,INV-4958,3001,17-JUL-26,6330.1,STANDARD,
600423,INV-3174,3046,31-AUG-26,26604.3,STANDARD,
600424,INV-5350,3007,27-SEP-26,12400.5,STANDARD,
600425,INV-3750,3046,07-SEP-26,37605.95,STANDARD,
600426,INV-5470,3046,25-JUL-26,12436.02,STANDARD,
600427,INV-3505,3021,11-AUG-26,16007.54,STANDARD,
600428,INV-1871,3019,01-OCT-26,35481.6,STANDARD,
600429,INV-2755,3029,20-JUL-26,5490.56,STANDARD,
600430,INV-1730,3027,01-OCT-26,10652.36,STANDARD,
600431,INV-5091,3035,09-OCT-26,23792.11,STANDARD,
600432,INV-1995,3034,11-AUG-26,7296.16,STANDARD,
600433,INV-5450,3046,22-AUG-26,10489.62,STANDARD,
600434,INV-3183,3046,18-JUL-26,17084.01,STANDARD,
600435,INV-2192,3016,30-SEP-26,18506.2,STANDARD,
600436,INV-1559,3012,11-OCT-26,21576.84,STANDARD,
600437,INV-1948,3038,11-SEP-26,34463.4,STANDARD,
600438,INV-1821,3040,02-OCT-26,10147.0,STANDARD,
600439,INV-5371,3007,25-SEP-26,31636.5,STANDARD,
600440,INV-2897,3030,12-SEP-26,18012.8,STANDARD,
600441,INV-3978,3011,08-OCT-26,3272.58,STANDARD,
600442,INV-2411,3020,09-AUG-26,32226.34,STANDARD,
600443,INV-5275,3003,24-JUL-26,15799.35,STANDARD,
600444,INV-4726,3045,07-AUG-26,17771.46,STANDARD,
600445,INV-2241,3016,25-JUL-26,4928.22,STANDARD,
600446,INV-1981,3038,05-OCT-26,17108.6,STANDARD,
600447,INV-1426,3004,08-AUG-26,25289.76,STANDARD,
600448,INV-1890,3019,12-OCT-26,31843.57,STANDARD,
600449,INV-4597,3008,23-JUL-26,9122.88,STANDARD,
600450,INV-4296,3043,20-JUL-26,19675.08,STANDARD,
600451,INV-1780,3027,16-JUL-26,3440.22,STANDARD,
600452,INV-1608,3012,07-SEP-26,9844.32,STANDARD,
600453,INV-2777,3029,16-JUL-26,34917.4,STANDARD,
600454,INV-1941,3019,11-JUL-26,33291.04,STANDARD,
600455,INV-1352,3010,13-SEP-26,3572.01,STANDARD,
600456,INV-5144,3025,23-SEP-26,34306.25,STANDARD,
600457,INV-2117,3014,30-SEP-26,19297.45,STANDARD,
600458,INV-1751,3002,24-SEP-26,8003.77,STANDARD,
600459,INV-2848,3023,08-SEP-26,29209.77,STANDARD,
600460,INV-5496,3046,04-OCT-26,28380.95,STANDARD,
600461,INV-3989,3011,05-SEP-26,10830.27,STANDARD,
600462,INV-5151,3041,11-SEP-26,9366.5,STANDARD,
600463,INV-3998,3011,03-AUG-26,29509.75,STANDARD,
600464,INV-2938,3030,07-OCT-26,22500.35,STANDARD,
600465,INV-2017,3034,23-AUG-26,32438.9,STANDARD,
600466,INV-2077,3034,04-AUG-26,27426.9,STANDARD,
600467,INV-2804,3029,21-JUL-26,10193.04,STANDARD,
600468,INV-3665,3036,13-SEP-26,34810.08,STANDARD,
600469,INV-1652,3026,24-JUL-26,24014.2,STANDARD,
600470,INV-1809,3002,09-SEP-26,24706.22,STANDARD,
600471,INV-1948,3019,19-JUL-26,30466.17,STANDARD,
600472,INV-2193,3006,04-SEP-26,13960.8,STANDARD,
600473,INV-5500,3046,28-AUG-26,36335.0,STANDARD,
600474,INV-4777,3032,12-AUG-26,26112.24,STANDARD,
600475,INV-1445,3031,18-SEP-26,8293.38,STANDARD,
600476,INV-4615,3008,24-SEP-26,20189.0,STANDARD,
600477,INV-5555,3046,21-JUL-26,4124.4,STANDARD,
600478,INV-4343,3043,21-JUL-26,38883.3,STANDARD,
600479,INV-2084,3034,20-AUG-26,5771.97,STANDARD,
600480,INV-5200,3025,01-OCT-26,14103.6,STANDARD,
600481,INV-5200,3024,03-OCT-26,15992.32,STANDARD,
600482,INV-1309,3005,30-SEP-26,41383.44,STANDARD,
600483,INV-1668,3012,02-SEP-26,25443.36,STANDARD,
600484,INV-2128,3014,31-JUL-26,15744.68,STANDARD,
600485,INV-3693,3036,28-SEP-26,26337.2,STANDARD,
600486,INV-3907,3022,14-AUG-26,4332.36,STANDARD,
600487,INV-5577,3046,02-AUG-26,20891.34,STANDARD,
600488,INV-3766,3046,27-SEP-26,29397.73,STANDARD,
600489,INV-5233,3025,02-AUG-26,2794.57,STANDARD,
600490,INV-2140,3034,06-AUG-26,31138.47,STANDARD,
600491,INV-2828,3046,11-AUG-26,32996.6,STANDARD,
600492,INV-2492,3018,04-SEP-26,25656.96,STANDARD,
600493,INV-3260,3009,13-SEP-26,27520.92,STANDARD,
600494,INV-2281,3016,19-JUL-26,31771.46,STANDARD,
600495,INV-1844,3040,02-OCT-26,21164.0,STANDARD,
600496,INV-4807,3032,15-AUG-26,25075.17,STANDARD,
600497,INV-1899,3040,01-SEP-26,15492.75,STANDARD,
600498,INV-3919,3046,26-SEP-26,5551.92,STANDARD,
600499,INV-1359,3010,27-AUG-26,11555.85,STANDARD,
600500,INV-1455,3031,04-OCT-26,33442.89,STANDARD,
600501,INV-3267,3009,06-OCT-26,33598.48,STANDARD,
600502,INV-3564,3021,10-AUG-26,9410.56,STANDARD,
600503,INV-3572,3021,20-AUG-26,5676.51,STANDARD,
600504,INV-2015,3038,26-SEP-26,5779.02,STANDARD,
600505,INV-2521,3028,17-OCT-26,26660.55,STANDARD,
600506,INV-3604,3021,15-AUG-26,28242.0,STANDARD,
600507,INV-1486,3004,12-AUG-26,35825.72,STANDARD,
600508,INV-1382,3010,13-AUG-26,5639.7,STANDARD,
600509,INV-5053,3013,04-OCT-26,39937.0,STANDARD,
600510,INV-5385,3007,15-SEP-26,17352.58,STANDARD,
600511,INV-4855,3046,07-AUG-26,15215.06,STANDARD,
600512,INV-3943,3046,16-SEP-26,18511.02,STANDARD,
600513,INV-4366,3043,17-JUL-26,15810.7,STANDARD,
600514,INV-2831,3029,08-SEP-26,4294.62,STANDARD,
600515,INV-5313,3003,10-SEP-26,14501.55,STANDARD,
600516,INV-5255,3025,23-AUG-26,20508.18,STANDARD,
600517,INV-1415,3010,21-JUL-26,27198.78,STANDARD,
600518,INV-3266,3044,29-SEP-26,6928.74,STANDARD,
600519,INV-2363,3015,02-AUG-26,3724.86,STANDARD,
600520,INV-2543,3028,13-JUL-26,33704.84,STANDARD,
600521,INV-4757,3045,23-SEP-26,4005.54,STANDARD,
600522,INV-1672,3026,20-SEP-26,29056.32,STANDARD,
600523,INV-4024,3011,03-OCT-26,28028.63,STANDARD,
600524,INV-2877,3029,14-JUL-26,37079.9,STANDARD,
600525,INV-2412,3015,16-OCT-26,29188.32,STANDARD,
600526,INV-5076,3013,09-OCT-26,19068.35,STANDARD,
600527,INV-3791,3046,09-AUG-26,37725.38,STANDARD,
600528,INV-3967,3022,12-AUG-26,37728.45,STANDARD,
600529,INV-5183,3041,24-JUL-26,20752.44,STANDARD,
600530,INV-2551,3018,11-AUG-26,33773.4,STANDARD,
600531,INV-2611,3018,22-SEP-26,3972.49,STANDARD,
600532,INV-5344,3003,03-AUG-26,26123.79,STANDARD,
600533,INV-2435,3020,19-AUG-26,15030.7,STANDARD,
600534,INV-1800,3027,27-SEP-26,3123.36,STANDARD,
600535,INV-5115,3035,25-AUG-26,28591.3,STANDARD,
600536,INV-3980,3022,08-SEP-26,11625.84,STANDARD,
600537,INV-1840,3027,04-OCT-26,4843.2,STANDARD,
600538,INV-5254,3024,16-SEP-26,8228.0,STANDARD,
600539,INV-1826,3046,21-JUL-26,12707.28,STANDARD,
600540,INV-1910,3040,26-JUL-26,14784.27,STANDARD,
600541,INV-2664,3018,08-SEP-26,14070.55,STANDARD,
600542,INV-2170,3034,24-AUG-26,17810.8,STANDARD,
600543,INV-5224,3041,30-AUG-26,15684.24,STANDARD,
600544,INV-1461,3010,28-JUL-26,2353.74,STANDARD,
600545,INV-1937,3040,23-AUG-26,10741.94,STANDARD,
600546,INV-3284,3009,27-SEP-26,3080.28,STANDARD,
600547,INV-2221,3034,28-AUG-26,2867.01,STANDARD,
600548,INV-5375,3003,04-AUG-26,27356.77,STANDARD,
600549,INV-2241,3006,27-SEP-26,14039.04,STANDARD,
600550,INV-5312,3024,25-JUL-26,18398.82,STANDARD,
600551,INV-4042,3011,05-SEP-26,28337.25,STANDARD,
600552,INV-2891,3023,02-OCT-26,21855.44,STANDARD,
600553,INV-3743,3036,10-OCT-26,2683.84,STANDARD,
600554,INV-4804,3045,03-OCT-26,32404.32,STANDARD,
600555,INV-4006,3022,10-AUG-26,31296.65,STANDARD,
600556,INV-1824,3002,28-SEP-26,16657.68,STANDARD,
600557,INV-4038,3039,14-AUG-26,28976.61,STANDARD,
600558,INV-5190,3017,19-SEP-26,33894.48,STANDARD,
600559,INV-1896,3027,28-JUL-26,12301.52,STANDARD,
600560,INV-3844,3046,12-AUG-26,34070.23,STANDARD,
600561,INV-2445,3015,03-OCT-26,3267.45,STANDARD,
600562,INV-1945,3040,27-SEP-26,11934.0,STANDARD,
600563,INV-4829,3045,25-AUG-26,9017.02,STANDARD,
600564,INV-2167,3014,31-AUG-26,29272.38,STANDARD,
600565,INV-5166,3035,26-SEP-26,5705.82,STANDARD,
600566,INV-4083,3011,29-SEP-26,35928.56,STANDARD,
600567,INV-5102,3013,03-AUG-26,14882.4,STANDARD,
600568,INV-4857,3032,11-AUG-26,30619.68,STANDARD,
600569,INV-4358,3046,31-AUG-26,5735.04,STANDARD,
600570,INV-2969,3030,28-JUL-26,20594.88,STANDARD,
600571,INV-2894,3029,18-JUL-26,10464.3,STANDARD,
600572,INV-2176,3014,30-JUL-26,29881.04,STANDARD,
600573,INV-4646,3008,20-JUL-26,18333.21,STANDARD,
600574,INV-4705,3042,18-OCT-26,2794.15,STANDARD,
600575,INV-2357,3037,28-AUG-26,19233.43,STANDARD,
600576,INV-2990,3030,26-JUL-26,35236.04,STANDARD,
600577,INV-3623,3021,02-AUG-26,39639.73,STANDARD,
600578,INV-4016,3022,23-AUG-26,13162.9,STANDARD,
600579,INV-2001,3040,26-SEP-26,2948.99,STANDARD,
600580,INV-3960,3046,21-SEP-26,13278.0,STANDARD,
600581,INV-4897,3046,04-OCT-26,29448.72,STANDARD,
600582,INV-2935,3029,05-SEP-26,27217.4,STANDARD,
600583,INV-3192,3046,27-AUG-26,21736.1,STANDARD,
600584,INV-5401,3003,14-JUL-26,9318.32,STANDARD,
600585,INV-2866,3046,11-AUG-26,23578.72,STANDARD,
600586,INV-1509,3004,05-AUG-26,29882.46,STANDARD,
600587,INV-2491,3015,28-SEP-26,4397.67,STANDARD,
600588,INV-4878,3032,09-AUG-26,34175.5,STANDARD,
600589,INV-2258,3006,09-AUG-26,18463.06,STANDARD,
600590,INV-2267,3006,28-JUL-26,2239.14,STANDARD,
600591,INV-2413,3037,10-SEP-26,15934.1,STANDARD,
600592,INV-4714,3042,18-AUG-26,8588.16,STANDARD,
600593,INV-1317,3005,12-OCT-26,22357.98,STANDARD,
600594,INV-2688,3018,02-OCT-26,24279.2,STANDARD,
600595,INV-1706,3012,17-SEP-26,27734.42,STANDARD,
600596,INV-1688,3026,29-JUL-26,11420.64,STANDARD,
600597,INV-1506,3031,30-JUL-26,32665.62,STANDARD,
600598,INV-2495,3020,25-SEP-26,2708.53,STANDARD,
600599,INV-3872,3046,17-JUL-26,7915.2,STANDARD,
600600,INV-3022,3030,19-SEP-26,39035.83,STANDARD,
600601,INV-4923,3046,09-AUG-26,12750.24,STANDARD,
600602,INV-2053,3040,05-OCT-26,27179.25,STANDARD,
600603,INV-4929,3032,04-AUG-26,27334.65,STANDARD,
600604,INV-1545,3031,16-SEP-26,10183.28,STANDARD,
600605,INV-2065,3040,26-SEP-26,25168.64,STANDARD,
600606,INV-2531,3015,06-OCT-26,20258.22,STANDARD,
600607,INV-3295,3009,16-AUG-26,26368.3,STANDARD,
600608,INV-5204,3035,20-JUL-26,39273.35,STANDARD,
600609,INV-4031,3022,06-SEP-26,24057.24,STANDARD,
600610,INV-1750,3012,30-SEP-26,9634.12,STANDARD,
600611,INV-5118,3013,07-SEP-26,24128.06,STANDARD,
600612,INV-5171,3013,18-AUG-26,34784.79,STANDARD,
600613,INV-1767,3012,10-AUG-26,25357.27,STANDARD,
600614,INV-5409,3003,17-SEP-26,19360.0,STANDARD,
600615,INV-4723,3042,29-SEP-26,20654.2,STANDARD,
600616,INV-3306,3009,31-JUL-26,22185.58,STANDARD,
600617,INV-3065,3030,17-JUL-26,20911.2,STANDARD,
600618,INV-2524,3020,25-JUL-26,4394.44,STANDARD,
600619,INV-2076,3040,08-SEP-26,8221.5,STANDARD,
600620,INV-2286,3006,24-JUL-26,36227.75,STANDARD,
600621,INV-2589,3028,19-SEP-26,24410.82,STANDARD,
600622,INV-5421,3007,17-JUL-26,21743.56,STANDARD,
600623,INV-1602,3031,26-AUG-26,30517.55,STANDARD,
600624,INV-2633,3028,28-SEP-26,23292.96,STANDARD,
600625,INV-4958,3032,10-JUL-26,26858.4,STANDARD,
600626,INV-3087,3030,16-AUG-26,32862.36,STANDARD,
600627,INV-1334,3005,07-AUG-26,10200.5,STANDARD,
600628,INV-1833,3046,28-JUL-26,6517.92,STANDARD,
600629,INV-1787,3012,07-SEP-26,28702.35,STANDARD,
600630,INV-1708,3026,14-OCT-26,25204.48,STANDARD,
600631,INV-4402,3046,18-AUG-26,8400.09,STANDARD,
600632,INV-1936,3027,11-SEP-26,11373.92,STANDARD,
600633,INV-4987,3032,17-JUL-26,37296.81,STANDARD,
600634,INV-2578,3020,02-OCT-26,40282.2,STANDARD,
600635,INV-1768,3026,08-AUG-26,15185.5,STANDARD,
600636,INV-3113,3030,17-JUL-26,7814.43,STANDARD,
600637,INV-1873,3002,11-JUL-26,3945.43,STANDARD,
600638,INV-2243,3034,12-AUG-26,40233.38,STANDARD,
600639,INV-5216,3017,12-JUL-26,26583.0,STANDARD,
600640,INV-3800,3036,08-AUG-26,40354.66,STANDARD,
600641,INV-5465,3007,27-JUL-26,5760.56,STANDARD,
600642,INV-4880,3045,18-AUG-26,2689.9,STANDARD,
600643,INV-5505,3046,22-AUG-26,38998.08,STANDARD,
600644,INV-4679,3008,21-SEP-26,38724.24,STANDARD,
600645,INV-5601,3046,07-AUG-26,18534.96,STANDARD,
600646,INV-5185,3013,20-AUG-26,14859.81,STANDARD,
600647,INV-1651,3031,02-AUG-26,31201.92,STANDARD,
600648,INV-2234,3014,11-OCT-26,9650.08,STANDARD,
600649,INV-4134,3011,06-OCT-26,35137.08,STANDARD,
600650,INV-1828,3012,29-AUG-26,2272.78,STANDARD,
600651,INV-3120,3030,05-AUG-26,2655.78,STANDARD,
600652,INV-1885,3002,03-SEP-26,9799.2,STANDARD,
600653,INV-4055,3022,18-SEP-26,35553.46,STANDARD,
600654,INV-2873,3046,13-JUL-26,33773.0,STANDARD,
600655,INV-3326,3009,16-AUG-26,33295.65,STANDARD,
600656,INV-5363,3024,18-OCT-26,9593.73,STANDARD,
600657,INV-2458,3037,28-SEP-26,38393.65,STANDARD,
600658,INV-1981,3019,10-SEP-26,35615.7,STANDARD,
600659,INV-5514,3046,29-SEP-26,35376.15,STANDARD,
600660,INV-1872,3012,17-JUL-26,29871.66,STANDARD,
600661,INV-2334,3006,04-OCT-26,38183.94,STANDARD,
600662,INV-4968,3001,16-AUG-26,23986.77,STANDARD,
600663,INV-2513,3037,15-JUL-26,8288.25,STANDARD,
600664,INV-2941,3023,04-OCT-26,11390.32,STANDARD,
600665,INV-3215,3046,20-AUG-26,36254.16,STANDARD,
600666,INV-4918,3045,14-AUG-26,39137.61,STANDARD,
600667,INV-2989,3029,08-JUL-26,25464.18,STANDARD,
600668,INV-5385,3024,30-AUG-26,26687.54,STANDARD,
600669,INV-1819,3026,19-SEP-26,25546.0,STANDARD,
600670,INV-4975,3045,10-AUG-26,21301.56,STANDARD,
600671,INV-5214,3035,28-SEP-26,29864.35,STANDARD,
600672,INV-4146,3011,21-SEP-26,16576.8,STANDARD,
600673,INV-1924,3002,22-AUG-26,28740.84,STANDARD,
600674,INV-1537,3004,14-SEP-26,39090.6,STANDARD,
600675,INV-2555,3037,08-AUG-26,19472.4,STANDARD,
600676,INV-2299,3016,28-JUL-26,22620.25,STANDARD,
600677,INV-2741,3018,09-SEP-26,23278.71,STANDARD,
600678,INV-1957,3002,26-JUL-26,19736.19,STANDARD,
600679,INV-5232,3035,10-SEP-26,23161.05,STANDARD,
600680,INV-5236,3017,27-SEP-26,7301.96,STANDARD,
600681,INV-3236,3046,04-SEP-26,8614.48,STANDARD,
600682,INV-1469,3010,11-OCT-26,2191.3,STANDARD,
600683,INV-5047,3032,03-AUG-26,9704.94,STANDARD,
600684,INV-2006,3019,30-SEP-26,36179.39,STANDARD,
600685,INV-2664,3028,19-AUG-26,8665.16,STANDARD,
600686,INV-4860,3033,15-AUG-26,4164.18,STANDARD,
600687,INV-1708,3031,14-SEP-26,20614.22,STANDARD,
600688,INV-4999,3045,23-SEP-26,31768.8,STANDARD,
600689,INV-2257,3014,03-SEP-26,14304.15,STANDARD,
600690,INV-4091,3022,13-AUG-26,22262.16,STANDARD,
600691,INV-2610,3020,31-AUG-26,4269.12,STANDARD,
600692,INV-5509,3007,31-JUL-26,32611.4,STANDARD,
600693,INV-1486,3010,14-AUG-26,4461.37,STANDARD,
600694,INV-5452,3003,06-JUL-26,30226.14,STANDARD,
600695,INV-2263,3034,06-SEP-26,8799.05,STANDARD,
600696,INV-1991,3002,13-SEP-26,35212.86,STANDARD,
600697,INV-2289,3014,18-AUG-26,4683.42,STANDARD,
600698,INV-4015,3046,07-OCT-26,18212.04,STANDARD,
600699,INV-1757,3031,28-JUL-26,4192.92,STANDARD,
600700,INV-1781,3031,24-AUG-26,3508.32,STANDARD,
600701,INV-4976,3046,07-OCT-26,16064.72,STANDARD,
600702,INV-3927,3046,25-SEP-26,19405.62,STANDARD,
600703,INV-5411,3024,06-SEP-26,25819.83,STANDARD,
600704,INV-2541,3015,09-AUG-26,41361.34,STANDARD,
600705,INV-3128,3030,25-SEP-26,35991.81,STANDARD,
600706,INV-5563,3046,31-JUL-26,17337.6,STANDARD,
600707,INV-5074,3032,24-SEP-26,22353.76,STANDARD,
600708,INV-2033,3002,20-SEP-26,10406.5,STANDARD,
600709,INV-3261,3046,18-JUL-26,2502.2,STANDARD,
600710,INV-2599,3037,23-SEP-26,3066.14,STANDARD,
600711,INV-5638,3046,19-SEP-26,35725.84,STANDARD,
600712,INV-2797,3018,04-SEP-26,9342.62,STANDARD,
600713,INV-2299,3034,27-AUG-26,1336.32,STANDARD,
600714,INV-3942,3046,29-JUL-26,23497.18,STANDARD,
600715,INV-2089,3002,17-SEP-26,9828.42,STANDARD,
600716,INV-5267,3025,16-SEP-26,7853.8,STANDARD,
600717,INV-4143,3022,30-JUL-26,35248.08,STANDARD,
600718,INV-2911,3046,09-AUG-26,12367.14,STANDARD,
600719,INV-2340,3014,03-AUG-26,17996.64,STANDARD,
600720,INV-2959,3023,12-AUG-26,32121.0,STANDARD,
600721,INV-1846,3046,12-OCT-26,13899.0,STANDARD,
600722,INV-4750,3042,07-AUG-26,21345.44,STANDARD,
600723,INV-4181,3022,06-OCT-26,28066.5,STANDARD,
600724,INV-4237,3022,25-SEP-26,19733.91,STANDARD,
600725,INV-5291,3017,02-AUG-26,20555.72,STANDARD,
600726,INV-2331,3016,12-AUG-26,33377.85,STANDARD,
600727,INV-5491,3003,31-JUL-26,35181.72,STANDARD,
600728,INV-3276,3044,21-JUL-26,9548.91,STANDARD,
600729,INV-3184,3030,23-AUG-26,35445.87,STANDARD,
600730,INV-4078,3039,12-SEP-26,18879.63,STANDARD,
600731,INV-5204,3013,25-SEP-26,11779.5,STANDARD,
600732,INV-4198,3011,20-AUG-26,4598.83,STANDARD,
600733,INV-2357,3016,01-OCT-26,25899.51,STANDARD,
600734,INV-1876,3046,19-SEP-26,37670.13,STANDARD,
600735,INV-5679,3046,16-AUG-26,37801.76,STANDARD,
600736,INV-5081,3032,10-SEP-26,1323.67,STANDARD,
600737,INV-1559,3004,30-JUL-26,38274.6,STANDARD,
600738,INV-5257,3013,18-JUL-26,31410.32,STANDARD,
600739,INV-4803,3042,02-AUG-26,16016.0,STANDARD,
600740,INV-4453,3046,27-JUL-26,25875.85,STANDARD,
600741,INV-4460,3046,07-AUG-26,14595.48,STANDARD,
600742,INV-5271,3013,11-OCT-26,31510.24,STANDARD,
600743,INV-2125,3040,22-JUL-26,21373.0,STANDARD,
600744,INV-4984,3046,08-SEP-26,3616.88,STANDARD,
600745,INV-2073,3038,26-SEP-26,9969.65,STANDARD,
600746,INV-1815,3031,21-JUL-26,14875.08,STANDARD,
600747,INV-5266,3041,08-SEP-26,20297.14,STANDARD,
600748,INV-4047,3046,26-AUG-26,33272.2,STANDARD,
600749,INV-3679,3021,19-JUL-26,29523.1,STANDARD,
600750,INV-3027,3029,22-AUG-26,30902.4,STANDARD,
600751,INV-4470,3046,04-SEP-26,38128.44,STANDARD,
600752,INV-2953,3046,14-OCT-26,18907.66,STANDARD,
600753,INV-4686,3008,17-AUG-26,7405.7,STANDARD,
600754,INV-3036,3029,22-JUL-26,15578.1,STANDARD,
600755,INV-2577,3015,23-SEP-26,32999.96,STANDARD,
600756,INV-5597,3046,15-OCT-26,8995.0,STANDARD,
600757,INV-3708,3021,10-OCT-26,31173.66,STANDARD,
600758,INV-4135,3039,02-OCT-26,13853.76,STANDARD,
600759,INV-2406,3016,22-JUL-26,15925.68,STANDARD,
600760,INV-2096,3038,24-AUG-26,27503.84,STANDARD,
600761,INV-5726,3046,01-OCT-26,10423.95,STANDARD,
600762,INV-5022,3001,20-SEP-26,8461.18,STANDARD,
600763,INV-1947,3027,23-JUL-26,28603.86,STANDARD,
600764,INV-3829,3036,01-AUG-26,25058.03,STANDARD,
600765,INV-2129,3038,10-AUG-26,9237.23,STANDARD,
600766,INV-5630,3046,07-OCT-26,27059.68,STANDARD,
600767,INV-3853,3036,13-AUG-26,38943.62,STANDARD,
600768,INV-1961,3027,29-SEP-26,19337.76,STANDARD,
600769,INV-3051,3029,04-SEP-26,11438.82,STANDARD,
600770,INV-5676,3046,02-AUG-26,27595.68,STANDARD,
600771,INV-4515,3046,23-AUG-26,16252.29,STANDARD,
600772,INV-4852,3042,20-JUL-26,10455.51,STANDARD,
600773,INV-3283,3044,17-SEP-26,15763.42,STANDARD,
600774,INV-5275,3035,29-JUL-26,9937.83,STANDARD,
600775,INV-2597,3015,14-SEP-26,9878.44,STANDARD,
600776,INV-3317,3046,26-AUG-26,18111.06,STANDARD,
600777,INV-2977,3046,07-OCT-26,32159.97,STANDARD,
600778,INV-5316,3035,20-JUL-26,17036.35,STANDARD,
600779,INV-4062,3046,02-SEP-26,17667.36,STANDARD,
600780,INV-5554,3007,08-JUL-26,25049.31,STANDARD,
600781,INV-5077,3001,31-AUG-26,8793.12,STANDARD,
600782,INV-5765,3046,17-SEP-26,10803.24,STANDARD,
600783,INV-2355,3034,26-JUL-26,11992.95,STANDARD,
600784,INV-4919,3033,29-JUL-26,37999.2,STANDARD,
600785,INV-5295,3041,08-SEP-26,27610.52,STANDARD,
600786,INV-5057,3045,28-SEP-26,31242.28,STANDARD,
600787,INV-2971,3023,12-JUL-26,9322.52,STANDARD,
600788,INV-1883,3012,29-AUG-26,3334.26,STANDARD,
600789,INV-3904,3036,18-AUG-26,10555.49,STANDARD,
600790,INV-5088,3001,12-SEP-26,21171.5,STANDARD,
600791,INV-3952,3036,06-AUG-26,28529.4,STANDARD,
600792,INV-1369,3005,07-SEP-26,12100.0,STANDARD,
600793,INV-4551,3046,10-OCT-26,20741.1,STANDARD,
600794,INV-5598,3007,13-AUG-26,11450.18,STANDARD,
600795,INV-3738,3021,27-AUG-26,22636.48,STANDARD,
600796,INV-4243,3011,30-AUG-26,30953.44,STANDARD,
600797,INV-4185,3039,18-AUG-26,26142.64,STANDARD,
600798,INV-1862,3031,11-OCT-26,29652.35,STANDARD,
600799,INV-1912,3031,31-AUG-26,21866.25,STANDARD,
600800,INV-2642,3020,01-SEP-26,12121.4,STANDARD,
600801,INV-2438,3016,13-AUG-26,22076.4,STANDARD,
600802,INV-2457,3016,08-SEP-26,13560.6,STANDARD,
600803,INV-5319,3025,12-SEP-26,20699.58,STANDARD,
600804,INV-4282,3022,02-SEP-26,8863.68,STANDARD,
600805,INV-2695,3020,05-OCT-26,20346.13,STANDARD,
600806,INV-4004,3036,27-SEP-26,14243.28,STANDARD,
600807,INV-1907,3046,11-AUG-26,32223.35,STANDARD,
600808,INV-3328,3044,21-JUL-26,7510.32,STANDARD,
600809,INV-3768,3021,03-OCT-26,37460.71,STANDARD,
600810,INV-4292,3022,17-AUG-26,30633.17,STANDARD,
600811,INV-5459,3024,26-AUG-26,27900.6,STANDARD,
600812,INV-2634,3015,12-JUL-26,4696.61,STANDARD,
600813,INV-4201,3039,30-JUL-26,34596.6,STANDARD,
600814,INV-3965,3046,28-AUG-26,25436.48,STANDARD,
600815,INV-5345,3025,20-AUG-26,17125.56,STANDARD,
600816,INV-1947,3031,09-AUG-26,13877.25,STANDARD,
600817,INV-5139,3032,01-SEP-26,3340.0,STANDARD,
600818,INV-2386,3014,06-SEP-26,34991.52,STANDARD,
600819,INV-4743,3008,10-AUG-26,3959.91,STANDARD,
600820,INV-5146,3032,12-SEP-26,36514.6,STANDARD,
600821,INV-4091,3046,18-SEP-26,4383.68,STANDARD,
600822,INV-1582,3004,14-SEP-26,8601.56,STANDARD,
600823,INV-5284,3013,11-JUL-26,13299.24,STANDARD,
600824,INV-5401,3025,23-AUG-26,25995.93,STANDARD,
600825,INV-4762,3008,27-AUG-26,37219.0,STANDARD,
600826,INV-4045,3036,10-AUG-26,8317.53,STANDARD,
600827,INV-4803,3008,25-SEP-26,7444.2,STANDARD,
600828,INV-2137,3038,02-OCT-26,8327.76,STANDARD,
600829,INV-5342,3041,16-OCT-26,22374.4,STANDARD,
600830,INV-4573,3046,05-AUG-26,16644.36,STANDARD,
600831,INV-4130,3046,17-AUG-26,4358.24,STANDARD,
600832,INV-4860,3008,08-OCT-26,19488.36,STANDARD,
600833,INV-4966,3033,11-SEP-26,27416.29,STANDARD,
600834,INV-3237,3030,15-AUG-26,28250.04,STANDARD,
600835,INV-1601,3004,16-JUL-26,23441.4,STANDARD,
600836,INV-2847,3018,11-SEP-26,30903.88,STANDARD,
600837,INV-4404,3043,27-SEP-26,42193.69,STANDARD,
600838,INV-2420,3014,12-OCT-26,30843.04,STANDARD,
600839,INV-2738,3020,22-JUL-26,30420.0,STANDARD,
600840,INV-2008,3027,27-JUL-26,8415.15,STANDARD,
600841,INV-5144,3001,16-OCT-26,6549.68,STANDARD,
600842,INV-2361,3006,20-SEP-26,5921.4,STANDARD,
600843,INV-3089,3029,03-SEP-26,21649.68,STANDARD,
600844,INV-2171,3038,25-JUL-26,8385.64,STANDARD,
600845,INV-4283,3011,16-JUL-26,24563.54,STANDARD,
600846,INV-4304,3011,09-JUL-26,19445.62,STANDARD,
600847,INV-2630,3037,08-JUL-26,20122.24,STANDARD,
600848,INV-4606,3046,07-AUG-26,18627.57,STANDARD,
600849,INV-5167,3001,01-OCT-26,8470.28,STANDARD,
600850,INV-5327,3035,09-AUG-26,23299.01,STANDARD,
600851,INV-1970,3031,07-SEP-26,2799.28,STANDARD,
600852,INV-1984,3031,11-AUG-26,7649.7,STANDARD,
600853,INV-3978,3046,13-AUG-26,14186.08,STANDARD,
600854,INV-2023,3031,25-AUG-26,6240.6,STANDARD,
600855,INV-3779,3021,30-SEP-26,27776.47,STANDARD,
600856,INV-5332,3013,06-OCT-26,9209.3,STANDARD,
600857,INV-4442,3043,15-SEP-26,39379.5,STANDARD,
600858,INV-5205,3001,30-AUG-26,24341.28,STANDARD,
600859,INV-2490,3016,11-AUG-26,41442.94,STANDARD,
600860,INV-4886,3008,23-AUG-26,8305.22,STANDARD,
600861,INV-5384,3013,05-OCT-26,5553.9,STANDARD,
600862,INV-5193,3032,30-JUL-26,12501.72,STANDARD,
600863,INV-5383,3041,29-SEP-26,27317.84,STANDARD,
600864,INV-5514,3003,26-JUL-26,26670.93,STANDARD,
600865,INV-4215,3039,09-JUL-26,15583.77,STANDARD,
600866,INV-4457,3043,30-SEP-26,40305.2,STANDARD,
600867,INV-3823,3021,26-AUG-26,30281.4,STANDARD,
600868,INV-5358,3035,28-AUG-26,8888.04,STANDARD,
600869,INV-4659,3046,23-JUL-26,31627.12,STANDARD,
600870,INV-2770,3020,16-SEP-26,4765.78,STANDARD,
600871,INV-5106,3045,15-AUG-26,6406.64,STANDARD,
600872,INV-2382,3006,01-SEP-26,4430.8,STANDARD,
600873,INV-4341,3022,03-OCT-26,19522.58,STANDARD,
600874,INV-3012,3023,23-SEP-26,18223.92,STANDARD,
600875,INV-3345,3009,02-OCT-26,21242.26,STANDARD,
600876,INV-5154,3045,03-OCT-26,33894.98,STANDARD,
600877,INV-5239,3001,27-AUG-26,28783.36,STANDARD,
600878,INV-5034,3046,15-OCT-26,2304.57,STANDARD,
600879,INV-2413,3006,15-SEP-26,35720.16,STANDARD,
600880,INV-5020,3033,23-SEP-26,7416.96,STANDARD,
600881,INV-2380,3034,26-SEP-26,4367.94,STANDARD,
600882,INV-2655,3037,12-AUG-26,5293.8,STANDARD,
600883,INV-5425,3013,12-OCT-26,16727.32,STANDARD,
600884,INV-2651,3015,08-SEP-26,1165.68,STANDARD,
600885,INV-4923,3008,28-SEP-26,10888.83,STANDARD,
600886,INV-2719,3028,15-AUG-26,7872.12,STANDARD,
600887,INV-2516,3016,05-AUG-26,20817.54,STANDARD,
600888,INV-1908,3012,23-SEP-26,29013.72,STANDARD,
600889,INV-5285,3001,10-SEP-26,1638.86,STANDARD,
600890,INV-5457,3025,30-SEP-26,18552.84,STANDARD,
600891,INV-3339,3044,13-AUG-26,34527.95,STANDARD,
600892,INV-3142,3029,26-JUL-26,31826.16,STANDARD,
600893,INV-5617,3007,08-AUG-26,32993.9,STANDARD,
600894,INV-2045,3027,11-SEP-26,17859.52,STANDARD,
600895,INV-5040,3033,15-AUG-26,25020.14,STANDARD,
600896,INV-5227,3032,23-SEP-26,14176.97,STANDARD,
600897,INV-2713,3037,09-AUG-26,34578.47,STANDARD,
600898,INV-5458,3013,18-OCT-26,18877.2,STANDARD,
600899,INV-5184,3045,08-AUG-26,2778.78,STANDARD,
600900,INV-2116,3002,28-AUG-26,7682.47,STANDARD,
600901,INV-3994,3046,10-JUL-26,1761.51,STANDARD,
600902,INV-4167,3046,26-JUL-26,22815.32,STANDARD,
600903,INV-3376,3009,22-JUL-26,19464.27,STANDARD,
600904,INV-2126,3002,02-OCT-26,22220.52,STANDARD,
600905,INV-2881,3018,09-AUG-26,12109.46,STANDARD,
600906,INV-3356,3044,08-AUG-26,9865.22,STANDARD,
600907,INV-2747,3028,29-AUG-26,20693.33,STANDARD,
600908,INV-2153,3002,28-JUL-26,12520.2,STANDARD,
600909,INV-4973,3008,05-SEP-26,10818.75,STANDARD,
600910,INV-4017,3046,27-JUL-26,32453.14,STANDARD,
600911,INV-3161,3029,30-SEP-26,39156.92,STANDARD,
600912,INV-5805,3046,24-AUG-26,31977.36,STANDARD,
600913,INV-2194,3038,16-OCT-26,10214.25,STANDARD,
600914,INV-5005,3008,07-SEP-26,8278.9,STANDARD,
600915,INV-2524,3016,08-OCT-26,4861.64,STANDARD,
600916,INV-2216,3038,20-JUL-26,4756.72,STANDARD,
600917,INV-2895,3018,09-AUG-26,7294.3,STANDARD,
600918,INV-5487,3025,30-JUL-26,4610.4,STANDARD,
600919,INV-1509,3010,26-SEP-26,18647.3,STANDARD,
600920,INV-5536,3003,18-AUG-26,28360.8,STANDARD,
600921,INV-2255,3038,20-SEP-26,27866.74,STANDARD,
600922,INV-5581,3003,26-JUL-26,2690.16,STANDARD,
600923,INV-4073,3046,05-AUG-26,31304.7,STANDARD,
600924,INV-5036,3008,21-JUL-26,13616.64,STANDARD,
600925,INV-1862,3026,12-OCT-26,32607.64,STANDARD,
600926,INV-3044,3023,27-AUG-26,10288.59,STANDARD,
600927,INV-5278,3032,24-JUL-26,2491.17,STANDARD,
600928,INV-5193,3045,03-OCT-26,20200.32,STANDARD,
600929,INV-4361,3011,17-SEP-26,8537.74,STANDARD,
600930,INV-2088,3027,11-AUG-26,28551.84,STANDARD,
600931,INV-4374,3022,30-JUL-26,36981.62,STANDARD,
600932,INV-2819,3020,17-JUL-26,37916.19,STANDARD,
600933,INV-5494,3013,26-AUG-26,32742.09,STANDARD,
600934,INV-1880,3026,11-SEP-26,29285.93,STANDARD,
600935,INV-3294,3030,24-JUL-26,2835.42,STANDARD,
600936,INV-2058,3031,09-OCT-26,12375.0,STANDARD,
600937,INV-1396,3005,06-SEP-26,16460.56,STANDARD,
600938,INV-5468,3024,04-OCT-26,12197.57,STANDARD,
600939,INV-4243,3039,14-JUL-26,20680.17,STANDARD,
600940,INV-2538,3016,28-JUL-26,2230.14,STANDARD,
600941,INV-5069,3046,04-AUG-26,8371.44,STANDARD,
600942,INV-1923,3012,25-SEP-26,8842.62,STANDARD,
600943,INV-3057,3023,15-AUG-26,5028.4,STANDARD,
600944,INV-4372,3011,10-AUG-26,9673.28,STANDARD,
600945,INV-1658,3004,27-SEP-26,33739.44,STANDARD,
600946,INV-3406,3044,24-JUL-26,4798.26,STANDARD,
600947,INV-5069,3008,25-JUL-26,31123.04,STANDARD,
600948,INV-4718,3046,18-JUL-26,38229.84,STANDARD,
600949,INV-2016,3019,13-AUG-26,14075.01,STANDARD,
600950,INV-2423,3034,02-AUG-26,19893.13,STANDARD,
600951,INV-2467,3006,26-SEP-26,35814.18,STANDARD,
600952,INV-5849,3046,31-AUG-26,26323.31,STANDARD,
600953,INV-4181,3046,19-JUL-26,27136.2,STANDARD,
600954,INV-2460,3034,24-AUG-26,25931.92,STANDARD,
600955,INV-5084,3008,11-OCT-26,9454.56,STANDARD,
600956,INV-5700,3046,07-AUG-26,13510.52,STANDARD,
600957,INV-2037,3019,24-JUL-26,25554.15,STANDARD,
600958,INV-2096,3019,17-JUL-26,15020.4,STANDARD,
600959,INV-3330,3046,03-AUG-26,25801.65,STANDARD,
600960,INV-5133,3008,21-AUG-26,9332.4,STANDARD,
600961,INV-4090,3046,20-OCT-26,4292.82,STANDARD,
600962,INV-1405,3005,02-OCT-26,24238.4,STANDARD,
600963,INV-2835,3020,11-OCT-26,3021.91,STANDARD,
600964,INV-4410,3011,18-AUG-26,33037.47,STANDARD,
600965,INV-3833,3021,10-AUG-26,14678.61,STANDARD,
600966,INV-2932,3018,15-SEP-26,35079.39,STANDARD,
600967,INV-5099,3033,16-SEP-26,6000.3,STANDARD,
600968,INV-1965,3046,10-SEP-26,29047.0,STANDARD,
600969,INV-5425,3041,24-JUL-26,11689.86,STANDARD,
600970,INV-5318,3001,04-OCT-26,14997.6,STANDARD,
600971,INV-5145,3008,02-OCT-26,9333.41,STANDARD,
600972,INV-5751,3046,07-AUG-26,15064.96,STANDARD,
600973,INV-1516,3010,09-AUG-26,18527.8,STANDARD,
600974,INV-2312,3038,19-SEP-26,21443.94,STANDARD,
600975,INV-5337,3017,16-AUG-26,4090.65,STANDARD,
600976,INV-3844,3021,08-SEP-26,18866.33,STANDARD,
600977,INV-5330,3032,31-AUG-26,25174.62,STANDARD,
600978,INV-5201,3045,13-SEP-26,17612.1,STANDARD,
600979,INV-5514,3013,25-AUG-26,14413.1,STANDARD,
600980,INV-2990,3018,06-SEP-26,11424.36,STANDARD,
600981,INV-3026,3018,30-JUL-26,30259.0,STANDARD,
600982,INV-4894,3042,19-SEP-26,31031.32,STANDARD,
600983,INV-2478,3034,14-AUG-26,10714.8,STANDARD,
600984,INV-5350,3001,14-SEP-26,31105.81,STANDARD,
600985,INV-5356,3017,09-AUG-26,4201.25,STANDARD,
600986,INV-5117,3046,20-OCT-26,6630.92,STANDARD,
600987,INV-5392,3017,05-SEP-26,12646.7,STANDARD,
600988,INV-3342,3046,13-AUG-26,3736.72,STANDARD,
600989,INV-3084,3018,09-JUL-26,29854.44,STANDARD,
600990,INV-3863,3021,31-JUL-26,19371.84,STANDARD,
600991,INV-5673,3007,30-JUL-26,41407.32,STANDARD,
600992,INV-5478,3041,22-SEP-26,20953.24,STANDARD,
600993,INV-2201,3002,17-SEP-26,36285.04,STANDARD,
600994,INV-3098,3018,16-SEP-26,7883.6,STANDARD,
600995,INV-3147,3018,07-SEP-26,19314.04,STANDARD,
600996,INV-5156,3046,17-JUL-26,27789.0,STANDARD,
600997,INV-5120,3033,16-SEP-26,27402.32,STANDARD,
600998,INV-2363,3038,12-OCT-26,8470.77,STANDARD,
600999,INV-3917,3021,30-SEP-26,11650.83,STANDARD,
601000,INV-5258,3045,22-SEP-26,22307.34,STANDARD,
601001,INV-5298,3045,12-JUL-26,31737.11,STANDARD,
601002,INV-1718,3004,03-SEP-26,8725.68,STANDARD,
601003,INV-4114,3046,27-SEP-26,17638.4,STANDARD,
601004,INV-5564,3013,17-OCT-26,16254.48,STANDARD,
601005,INV-1968,3012,17-SEP-26,26936.14,STANDARD,
601006,INV-2238,3002,17-SEP-26,27293.4,STANDARD,
601007,INV-1771,3004,14-AUG-26,19539.1,STANDARD,
601008,INV-3000,3046,25-AUG-26,38573.25,STANDARD,
601009,INV-5210,3046,11-SEP-26,19141.67,STANDARD,
601010,INV-3953,3021,21-AUG-26,17565.84,STANDARD,
601011,INV-4385,3022,23-SEP-26,27509.0,STANDARD,
601012,INV-2444,3014,20-AUG-26,1065.73,STANDARD,
601013,INV-3328,3030,25-JUL-26,16766.55,STANDARD,
601014,INV-2526,3006,22-AUG-26,5766.54,STANDARD,
601015,INV-3983,3021,03-AUG-26,5027.58,STANDARD,
601016,INV-4467,3043,07-SEP-26,13681.14,STANDARD,
601017,INV-4420,3022,23-AUG-26,16417.6,STANDARD,
601018,INV-3375,3046,24-AUG-26,24186.55,STANDARD,
601019,INV-5499,3024,27-JUL-26,27946.24,STANDARD,
601020,INV-1982,3046,31-AUG-26,24870.04,STANDARD,
601021,INV-5511,3041,25-AUG-26,4401.48,STANDARD,
601022,INV-5350,3032,21-JUL-26,20772.45,STANDARD,
601023,INV-5762,3046,01-AUG-26,11940.39,STANDARD,
601024,INV-3207,3018,18-AUG-26,4372.32,STANDARD,
601025,INV-2404,3038,11-SEP-26,9636.0,STANDARD,
601026,INV-3056,3046,02-SEP-26,33870.54,STANDARD,
601027,INV-5580,3013,17-OCT-26,21171.32,STANDARD,
601028,INV-5529,3025,17-SEP-26,26273.5,STANDARD,
601029,INV-2541,3006,29-JUL-26,39834.08,STANDARD,
601030,INV-2136,3040,12-SEP-26,12551.7,STANDARD,
601031,INV-5357,3001,30-JUL-26,4641.12,STANDARD,
601032,INV-2793,3028,16-OCT-26,22271.68,STANDARD,
601033,INV-3453,3044,19-AUG-26,19547.84,STANDARD,
601034,INV-5541,3025,08-OCT-26,5891.1,STANDARD,
601035,INV-5409,3017,04-SEP-26,6622.44,STANDARD,
601036,INV-5182,3008,28-JUL-26,12807.12,STANDARD,
601037,INV-1790,3004,10-JUL-26,4214.28,STANDARD,
601038,INV-2171,3040,15-JUL-26,34454.76,STANDARD,
601039,INV-5561,3025,27-AUG-26,11446.17,STANDARD,
601040,INV-2549,3006,17-AUG-26,27567.59,STANDARD,
601041,INV-4909,3042,14-JUL-26,27721.2,STANDARD,
601042,INV-5591,3025,02-SEP-26,8857.89,STANDARD,
601043,INV-4468,3011,04-SEP-26,4639.59,STANDARD,
601044,INV-4438,3022,21-AUG-26,17126.34,STANDARD,
601045,INV-2681,3015,27-JUL-26,21731.7,STANDARD,
601046,INV-4765,3046,11-OCT-26,15363.2,STANDARD,
601047,INV-2480,3014,26-SEP-26,4409.89,STANDARD,
601048,INV-4488,3043,27-JUL-26,2196.8,STANDARD,
601049,INV-4264,3039,01-SEP-26,25614.98,STANDARD,
601050,INV-5862,3046,27-JUL-26,30713.06,STANDARD,
601051,INV-4795,3046,28-AUG-26,29248.24,STANDARD,
601052,INV-3343,3030,23-SEP-26,34814.4,STANDARD,
601053,INV-2876,3020,09-AUG-26,29216.6,STANDARD,
601054,INV-3235,3018,05-OCT-26,3857.63,STANDARD,
601055,INV-3387,3046,17-AUG-26,23175.36,STANDARD,
601056,INV-2180,3040,05-SEP-26,19325.46,STANDARD,
601057,INV-5165,3033,31-AUG-26,17878.12,STANDARD,
601058,INV-3993,3021,06-SEP-26,15873.86,STANDARD,
601059,INV-1524,3010,01-OCT-26,15139.84,STANDARD,
601060,INV-2568,3006,20-AUG-26,29559.3,STANDARD,
601061,INV-5372,3032,17-SEP-26,3692.8,STANDARD,
601062,INV-2016,3046,29-SEP-26,19440.27,STANDARD,
601063,INV-2114,3019,08-AUG-26,28183.68,STANDARD,
601064,INV-3116,3023,30-AUG-26,12900.16,STANDARD,
601065,INV-4484,3022,23-AUG-26,20232.68,STANDARD,
601066,INV-1835,3004,26-JUL-26,16582.23,STANDARD,
601067,INV-2137,3027,20-SEP-26,31193.62,STANDARD,
601068,INV-4005,3021,16-JUL-26,3189.41,STANDARD,
601069,INV-5233,3008,20-SEP-26,7162.38,STANDARD,
601070,INV-4498,3043,22-SEP-26,13239.95,STANDARD,
601071,INV-2230,3040,26-SEP-26,13165.71,STANDARD,
601072,INV-4804,3046,29-SEP-26,10853.8,STANDARD,
601073,INV-2598,3006,07-SEP-26,33354.96,STANDARD,
601074,INV-2446,3038,18-JUL-26,11932.31,STANDARD,
601075,INV-1457,3005,03-OCT-26,4933.83,STANDARD,
601076,INV-5520,3024,18-JUL-26,36475.4,STANDARD,
601077,INV-2651,3006,30-JUL-26,27182.76,STANDARD,
601078,INV-5192,3033,04-SEP-26,17452.0,STANDARD,
601079,INV-4515,3043,15-JUL-26,33118.4,STANDARD,
601080,INV-4859,3046,09-SEP-26,1326.51,STANDARD,
601081,INV-1918,3026,27-JUL-26,30803.74,STANDARD,
601082,INV-3081,3046,02-OCT-26,23080.32,STANDARD,
601083,INV-4931,3042,06-AUG-26,16844.85,STANDARD,
601084,INV-4286,3039,21-AUG-26,40204.5,STANDARD,
601085,INV-5250,3033,28-SEP-26,11597.4,STANDARD,
601086,INV-2484,3038,16-AUG-26,36357.36,STANDARD,
601087,INV-2698,3015,11-AUG-26,15890.76,STANDARD,
601088,INV-3132,3046,11-OCT-26,26532.6,STANDARD,
601089,INV-5553,3024,27-AUG-26,6855.6,STANDARD,
601090,INV-3245,3018,16-AUG-26,21664.02,STANDARD,
601091,INV-5628,3025,29-JUL-26,12862.5,STANDARD,
601092,INV-2919,3020,30-AUG-26,12222.56,STANDARD,
601093,INV-5897,3046,05-SEP-26,16735.6,STANDARD,
601094,INV-2511,3034,25-JUL-26,21174.5,STANDARD,
601095,INV-4064,3036,12-SEP-26,5309.24,STANDARD,
601096,INV-4093,3036,03-SEP-26,28429.2,STANDARD,
601097,INV-2555,3016,08-OCT-26,22015.0,STANDARD,
601098,INV-4300,3039,09-OCT-26,4555.2,STANDARD,
601099,INV-2833,3028,16-AUG-26,30801.98,STANDARD,
601100,INV-1894,3004,28-JUL-26,46587.06,STANDARD,
601101,INV-1905,3004,07-AUG-26,48073.81,STANDARD,
601102,INV-1913,3004,15-AUG-26,45605.7,STANDARD,
601103,INV-4535,3022,23-SEP-26,8844.7,STANDARD,
601104,INV-4570,3022,24-SEP-26,9070.92,STANDARD,
601105,INV-4582,3022,01-OCT-26,9100.46,STANDARD,
601106,INV-4358A,3046,01-SEP-26,5735.04,STANDARD,
601107,INV-5184,3046,04-AUG-26,30763.78,STANDARD,
601108,INV-2688,3018,02-OCT-26,24279.2,STANDARD,
601109,INV-3502,3055,03-AUG-26,4925.78,STANDARD,
601110,INV-3087,3056,17-AUG-26,33172.44,STANDARD,
601111,INV-4961,3042,13-AUG-26,79730.27,STANDARD,
601112,INV-4999,3042,03-OCT-26,5834.18,STANDARD,
601113,INV-2755,3037,12-SEP-26,66766.2,STANDARD,
601114,INV-4310,3039,29-AUG-26,62352.72,STANDARD,
601115,INV-2192,3027,08-AUG-26,2714.04,STANDARD,
601116,INV-5550,3041,20-JUL-26,46395.0,STANDARD,
601117,INV-3443,3048,28-JUL-26,40184.82,STANDARD,
601118,INV-5301,3033,16-SEP-26,6228.75,STANDARD,
601119,INV-4918,3046,15-SEP-26,38819.25,STANDARD,
601120,INV-4133,3036,24-AUG-26,37347.65,STANDARD,
601121,INV-3396,3030,25-JUL-26,5020.88,STANDARD,
601122,INV-114,3031,12-JUL-26,25000.0,STANDARD,
601123,INV-115,3031,18-JUL-26,20000.0,STANDARD,
601124,INV-116,3031,20-SEP-26,15000.0,STANDARD,
601125,INV-117,3031,12-OCT-26,30000.0,STANDARD,
601126,INV-118,3031,03-SEP-26,30000.0,STANDARD,
699998,CXL-1,3042,21-JUL-26,4307.95,STANDARD,10-AUG-26
699999,CM-1,3042,21-JUL-26,-500.0,CREDIT,
