VENDOR_ID,SEGMENT1,VENDOR_NAME,VAT_REGISTRATION_NUM,CREATION_DATE
3001,S00001,Shams Madar Contracting (fictional),3101659311100003,03-JUL-24
3002,S00002,Sarh Rimal Trading (fictional),3101124680400003,19-DEC-23
3003,S00003,Buruj Noor Solutions (fictional),3101399287000003,16-SEP-23
3004,S00004,Nakheel Najd Trading (fictional),3101006672200003,11-MAY-23
3005,S00005,Bina Sarh Est. (fictional),3101498951300003,15-JAN-25
3006,S00006,Sahab Tamayuz Services (fictional),3101900095400003,22-OCT-24
3007,S00007,Sahab Sarh Est. (fictional),3101833652900003,13-OCT-24
3008,S00008,Qimma Waha Est. (fictional),3101611036400003,01-FEB-24
3009,S00009,Najd Najd Contracting (fictional),3101206567800003,12-FEB-24
3010,S00010,Tamayuz Jazeera Trading (fictional),3101581215600003,30-MAR-23
3011,S00011,Jazeera Qimma Solutions (fictional),3101429058200003,12-MAR-23
3012,S00012,Bina Rawabi Est. (fictional),3101970374500003,28-MAY-25
3013,S00013,Waha Taqa Services (fictional),3101185090200003,15-NOV-23
3014,S00014,Buruj Dana Services (fictional),3101597640800003,15-JAN-23
3015,S00015,Noor Masar Contracting (fictional),3101130705100003,01-MAR-23
3016,S00016,Buruj Dana Trading (fictional),3101739553600003,21-MAY-23
3017,S00017,Nakheel Sarh Solutions (fictional),3101246507100003,13-OCT-24
3018,S00018,Dana Rimal Trading (fictional),3101968054100003,11-JAN-24
3019,S00019,Shams Bina Solutions (fictional),3101654890900003,03-MAY-23
3020,S00020,Taqa Sahab Services (fictional),3101658671800003,10-APR-24
3021,S00021,Rawabi Masar Trading (fictional),3101534177400003,03-OCT-24
3022,S00022,Waha Madar Est. (fictional),3101135716200003,04-JUL-24
3023,S00023,Noor Najd Trading (fictional),3101885033700003,27-JAN-25
3024,S00024,Tamayuz Shams Solutions (fictional),3101961086400003,03-SEP-24
3025,S00025,Taqa Rimal Solutions (fictional),3101462852500003,17-FEB-23
3026,S00026,Tamayuz Bina Trading (fictional),3101475306500003,26-NOV-24
3027,S00027,Shams Noor Trading (fictional),3101026693700003,26-FEB-23
3028,S00028,Masar Wadi Services (fictional),3101844802600003,21-JUN-24
3029,S00029,Taqa Noor Solutions (fictional),3101005780800003,31-JUL-23
3030,S00030,Rimal Sahab Supplies (fictional),3101753724500003,01-JUN-25
3031,S00031,Najd Madar Supplies (fictional),3101201236800003,14-JUN-25
3032,S00032,Nakheel Qimma Supplies (fictional),3101531109000003,31-MAY-23
3033,S00033,Jazeera Noor Supplies (fictional),3101225024200003,18-JAN-25
3034,S00034,Sarh Noor Services (fictional),3101524809500003,06-MAY-23
3035,S00035,Sahab Najd Solutions (fictional),3101986738200003,25-MAY-25
3036,S00036,Bina Afaq Contracting (fictional),3101495970500003,17-MAY-24
3037,S00037,Rimal Qimma Services (fictional),3101615995500003,21-JUL-24
3038,S00038,Madar Jazeera Trading (fictional),3101197678500003,12-JAN-24
3039,S00039,Najd Sahab Contracting (fictional),3101362552500003,29-JUN-23
3040,S00040,Sarh Qimma Services (fictional),3101118178600003,04-MAY-25
3041,S00041,Dana Madar Est. (fictional),3101957699600003,12-JAN-23
3042,S00042,Bina Taqa Est. (fictional),3101511963200003,28-APR-25
3043,S00043,Taqa Shams Trading (fictional),3101943277800003,26-MAY-24
3044,S00044,Buruj Waha Supplies (fictional),3101838492200003,15-MAR-25
3045,S00045,Wadi Dana Solutions (fictional),3101257141700003,10-APR-25
3046,S00046,Rimal Madar Contracting (fictional),3101486366500003,29-MAY-25
3047,S00047,Buruj Jazeera Contracting (fictional),3101150409000003,21-APR-24
3048,S00048,Dana Rawabi Est. (fictional),3101840437200003,05-AUG-24
3049,S00049,Wadi Buruj Est. (fictional),3101894487600003,05-JAN-24
3050,S00050,Shams Masar Est. (fictional),3101120231200003,07-JUN-24
3051,S00051,Tamayuz Sahab Trading (fictional),3101288179100003,20-FEB-23
3052,S00052,Masar Dana Solutions (fictional),3101746024400003,02-AUG-24
3053,S00053,Madar Waha Services (fictional),3101231065500003,23-MAR-24
3054,S00054,Taqa Jazeera Est. (fictional),3101647230500003,26-OCT-24
3055,S00055,Taqa Quick Est. (fictional),3101624793000003,02-AUG-26
3056,S00056,Dana Quick Contracting (fictional),3101886510900003,16-AUG-26
