PO_HEADER_ID,SEGMENT1,TYPE_LOOKUP_CODE,VENDOR_ID,AGENT_ID,CREATION_DATE,AUTHORIZATION_STATUS,APPROVED_DATE,CANCEL_FLAG
110000,20001,STANDARD,3042,5012,02-JUL-26,APPROVED,02-JUL-26,N
110001,20002,STANDARD,3046,5018,06-JUL-26,APPROVED,06-JUL-26,N
110002,20003,STANDARD,3013,5035,05-AUG-26,APPROVED,05-AUG-26,N
110003,20004,STANDARD,3023,5005,02-SEP-26,APPROVED,02-SEP-26,N
110004,20005,STANDARD,3011,5007,02-JUL-26,APPROVED,02-JUL-26,N
110005,20006,STANDARD,3046,5031,17-AUG-26,APPROVED,17-AUG-26,N
110006,20007,STANDARD,3033,5017,14-SEP-26,APPROVED,14-SEP-26,N
110007,20008,STANDARD,3023,5035,02-JUL-26,APPROVED,02-JUL-26,N
110008,20009,STANDARD,3043,5031,28-SEP-26,APPROVED,28-SEP-26,N
110009,20010,STANDARD,3033,5037,03-AUG-26,APPROVED,03-AUG-26,N
110010,20011,STANDARD,3034,5005,26-JUL-26,APPROVED,26-JUL-26,N
110011,20012,STANDARD,3009,5002,13-AUG-26,APPROVED,13-AUG-26,N
110012,20013,STANDARD,3046,5003,14-SEP-26,APPROVED,14-SEP-26,N
110013,20014,STANDARD,3014,5003,27-AUG-26,APPROVED,27-AUG-26,N
110014,20015,STANDARD,3008,5027,20-SEP-26,APPROVED,20-SEP-26,N
110015,20016,STANDARD,3046,5025,09-AUG-26,APPROVED,09-AUG-26,N
110016,20017,STANDARD,3018,5026,09-SEP-26,APPROVED,09-SEP-26,N
110017,20018,STANDARD,3046,5011,23-AUG-26,APPROVED,23-AUG-26,N
110018,20019,STANDARD,3020,5027,27-JUL-26,APPROVED,27-JUL-26,N
110019,20020,STANDARD,3019,5017,07-SEP-26,APPROVED,07-SEP-26,N
110020,20021,STANDARD,3045,5005,20-SEP-26,APPROVED,20-SEP-26,N
110021,20022,STANDARD,3044,5028,13-AUG-26,APPROVED,13-AUG-26,N
110022,20023,STANDARD,3005,5037,08-SEP-26,APPROVED,08-SEP-26,N
110023,20024,STANDARD,3023,5002,29-JUL-26,APPROVED,29-JUL-26,N
110024,20025,STANDARD,3021,5033,23-JUL-26,APPROVED,23-JUL-26,N
110025,20026,STANDARD,3015,5014,30-SEP-26,APPROVED,30-SEP-26,N
110026,20027,STANDARD,3033,5038,13-AUG-26,APPROVED,13-AUG-26,N
110027,20028,STANDARD,3009,5014,30-JUL-26,APPROVED,30-JUL-26,N
110028,20029,STANDARD,3018,5038,10-AUG-26,APPROVED,10-AUG-26,N
110029,20030,STANDARD,3006,5018,30-SEP-26,APPROVED,30-SEP-26,N
110030,20031,STANDARD,3042,5014,01-JUL-26,APPROVED,01-JUL-26,N
110031,20032,STANDARD,3046,5009,09-SEP-26,APPROVED,09-SEP-26,N
110032,20033,STANDARD,3038,5026,13-AUG-26,APPROVED,13-AUG-26,N
110033,20034,STANDARD,3033,5025,21-JUL-26,APPROVED,21-JUL-26,N
110034,20035,STANDARD,3021,5031,23-AUG-26,APPROVED,23-AUG-26,N
110035,20036,STANDARD,3045,5011,12-JUL-26,APPROVED,12-JUL-26,N
110036,20037,STANDARD,3010,5017,31-AUG-26,APPROVED,31-AUG-26,N
110037,20038,STANDARD,3036,5037,08-SEP-26,APPROVED,08-SEP-26,N
110038,20039,STANDARD,3046,5030,05-JUL-26,APPROVED,05-JUL-26,N
110039,20040,STANDARD,3025,5017,31-AUG-26,APPROVED,31-AUG-26,N
110040,20041,STANDARD,3016,5025,16-JUL-26,APPROVED,16-JUL-26,N
110041,20042,STANDARD,3009,5033,23-AUG-26,APPROVED,23-AUG-26,N
110042,20043,STANDARD,3022,5012,12-AUG-26,APPROVED,12-AUG-26,N
110043,20044,STANDARD,3030,5032,24-AUG-26,APPROVED,24-AUG-26,N
110044,20045,STANDARD,3036,5004,28-JUL-26,APPROVED,28-JUL-26,N
110045,20046,STANDARD,3043,5016,15-JUL-26,APPROVED,15-JUL-26,N
110046,20047,STANDARD,3030,5032,27-SEP-26,APPROVED,27-SEP-26,N
110047,20048,STANDARD,3023,5032,02-SEP-26,APPROVED,02-SEP-26,N
110048,20049,STANDARD,3029,5002,23-AUG-26,APPROVED,23-AUG-26,N
110049,20050,STANDARD,3012,5032,27-AUG-26,APPROVED,27-AUG-26,N
110050,20051,STANDARD,3038,5011,24-AUG-26,APPROVED,24-AUG-26,N
110051,20052,STANDARD,3040,5029,30-AUG-26,APPROVED,30-AUG-26,N
110052,20053,STANDARD,3023,5025,02-AUG-26,APPROVED,02-AUG-26,N
110053,20054,STANDARD,3036,5012,05-JUL-26,APPROVED,05-JUL-26,N
110054,20055,STANDARD,3023,5018,31-AUG-26,APPROVED,31-AUG-26,N
110055,20056,STANDARD,3008,5002,30-AUG-26,APPROVED,30-AUG-26,N
110056,20057,STANDARD,3003,5033,01-SEP-26,APPROVED,01-SEP-26,N
110057,20058,STANDARD,3045,5025,23-SEP-26,APPROVED,23-SEP-26,N
110058,20059,STANDARD,3020,5032,09-SEP-26,APPROVED,09-SEP-26,N
110059,20060,STANDARD,3042,5037,30-JUL-26,APPROVED,30-JUL-26,N
110060,20061,STANDARD,3018,5005,26-AUG-26,APPROVED,26-AUG-26,N
110061,20062,STANDARD,3046,5037,13-JUL-26,APPROVED,13-JUL-26,N
110062,20063,STANDARD,3008,5026,06-AUG-26,APPROVED,06-AUG-26,N
110063,20064,STANDARD,3003,5025,17-AUG-26,APPROVED,17-AUG-26,N
110064,20065,STANDARD,3045,5005,26-JUL-26,APPROVED,26-JUL-26,N
110065,20066,STANDARD,3032,5037,02-SEP-26,APPROVED,02-SEP-26,N
110066,20067,STANDARD,3046,5003,26-JUL-26,APPROVED,26-JUL-26,N
110067,20068,STANDARD,3046,5038,20-AUG-26,APPROVED,20-AUG-26,N
110068,20069,STANDARD,3041,5004,24-AUG-26,APPROVED,24-AUG-26,N
110069,20070,STANDARD,3041,5001,12-AUG-26,APPROVED,12-AUG-26,N
110070,20071,STANDARD,3027,5005,28-SEP-26,APPROVED,28-SEP-26,N
110071,20072,STANDARD,3046,5002,23-JUL-26,APPROVED,23-JUL-26,N
110072,20073,STANDARD,3016,5029,27-JUL-26,APPROVED,27-JUL-26,N
110073,20074,STANDARD,3011,5012,06-AUG-26,APPROVED,06-AUG-26,N
110074,20075,STANDARD,3015,5004,20-JUL-26,APPROVED,20-JUL-26,N
110075,20076,STANDARD,3046,5004,20-AUG-26,APPROVED,20-AUG-26,N
110076,20077,STANDARD,3008,5018,15-JUL-26,APPROVED,15-JUL-26,N
110077,20078,STANDARD,3017,5018,14-JUL-26,APPROVED,14-JUL-26,N
110078,20079,STANDARD,3046,5011,09-SEP-26,APPROVED,09-SEP-26,N
110079,20080,STANDARD,3040,5001,05-AUG-26,APPROVED,05-AUG-26,N
110080,20081,STANDARD,3020,5029,14-JUL-26,APPROVED,14-JUL-26,N
110081,20082,STANDARD,3017,5012,05-JUL-26,APPROVED,05-JUL-26,N
110082,20083,STANDARD,3002,5003,05-JUL-26,APPROVED,05-JUL-26,N
110083,20084,STANDARD,3003,5005,05-AUG-26,APPROVED,05-AUG-26,N
110084,20085,STANDARD,3007,5010,12-AUG-26,APPROVED,12-AUG-26,N
110085,20086,STANDARD,3046,5001,13-JUL-26,APPROVED,13-JUL-26,N
110086,20087,STANDARD,3046,5004,21-SEP-26,APPROVED,21-SEP-26,N
110087,20088,STANDARD,3009,5029,10-AUG-26,APPROVED,10-AUG-26,N
110088,20089,STANDARD,3037,5009,12-JUL-26,APPROVED,12-JUL-26,N
110089,20090,STANDARD,3018,5030,24-AUG-26,APPROVED,24-AUG-26,N
110090,20091,STANDARD,3046,5035,16-SEP-26,APPROVED,16-SEP-26,N
110091,20092,STANDARD,3045,5025,13-JUL-26,APPROVED,13-JUL-26,N
110092,20093,STANDARD,3008,5014,28-SEP-26,APPROVED,28-SEP-26,N
110093,20094,STANDARD,3003,5011,17-AUG-26,APPROVED,17-AUG-26,N
110094,20095,STANDARD,3032,5011,04-AUG-26,APPROVED,04-AUG-26,N
110095,20096,STANDARD,3033,5035,28-SEP-26,APPROVED,28-SEP-26,N
110096,20097,STANDARD,3007,5001,21-SEP-26,APPROVED,21-SEP-26,N
110097,20098,STANDARD,3016,5032,20-JUL-26,APPROVED,20-JUL-26,N
110098,20099,STANDARD,3004,5037,21-SEP-26,APPROVED,21-SEP-26,N
110099,20100,STANDARD,3046,5002,26-AUG-26,APPROVED,26-AUG-26,N
110100,20101,STANDARD,3034,5018,30-AUG-26,APPROVED,30-AUG-26,N
110101,20102,STANDARD,3046,5002,20-AUG-26,APPROVED,20-AUG-26,N
110102,20103,STANDARD,3003,5030,28-SEP-26,APPROVED,28-SEP-26,N
110103,20104,STANDARD,3041,5007,03-AUG-26,APPROVED,03-AUG-26,N
110104,20105,STANDARD,3024,5014,06-SEP-26,APPROVED,06-SEP-26,N
110105,20106,STANDARD,3012,5004,28-JUL-26,APPROVED,28-JUL-26,N
110106,20107,STANDARD,3046,5003,19-JUL-26,APPROVED,19-JUL-26,N
110107,20108,STANDARD,3007,5038,28-SEP-26,APPROVED,28-SEP-26,N
110108,20109,STANDARD,3042,5014,16-AUG-26,APPROVED,16-AUG-26,N
110109,20110,STANDARD,3041,5017,10-SEP-26,APPROVED,10-SEP-26,N
110110,20111,STANDARD,3025,5033,14-SEP-26,APPROVED,14-SEP-26,N
110111,20112,STANDARD,3016,5038,19-AUG-26,APPROVED,19-AUG-26,N
110112,20113,STANDARD,3004,5016,21-SEP-26,APPROVED,21-SEP-26,N
110113,20114,STANDARD,3046,5035,09-SEP-26,APPROVED,09-SEP-26,N
110114,20115,STANDARD,3031,5014,02-JUL-26,APPROVED,02-JUL-26,N
110115,20116,STANDARD,3021,5010,15-SEP-26,APPROVED,15-SEP-26,N
110116,20117,STANDARD,3001,5012,06-AUG-26,APPROVED,06-AUG-26,N
110117,20118,STANDARD,3038,5004,29-JUL-26,APPROVED,29-JUL-26,N
110118,20119,STANDARD,3015,5026,13-JUL-26,APPROVED,13-JUL-26,N
110119,20120,STANDARD,3035,5032,22-JUL-26,APPROVED,22-JUL-26,N
110120,20121,STANDARD,3041,5004,10-AUG-26,APPROVED,10-AUG-26,N
110121,20122,STANDARD,3037,5002,03-AUG-26,APPROVED,03-AUG-26,N
110122,20123,STANDARD,3027,5027,24-AUG-26,APPROVED,24-AUG-26,N
110123,20124,STANDARD,3030,5026,15-SEP-26,APPROVED,15-SEP-26,N
110124,20125,STANDARD,3018,5028,12-AUG-26,APPROVED,12-AUG-26,N
110125,20126,STANDARD,3017,5009,11-AUG-26,APPROVED,11-AUG-26,N
110126,20127,STANDARD,3018,5001,19-AUG-26,APPROVED,19-AUG-26,N
110127,20128,STANDARD,3027,5037,04-AUG-26,APPROVED,04-AUG-26,N
110128,20129,STANDARD,3034,5002,02-SEP-26,APPROVED,02-SEP-26,N
110129,20130,STANDARD,3016,5005,13-SEP-26,APPROVED,13-SEP-26,N
110130,20131,STANDARD,3011,5031,20-AUG-26,APPROVED,20-AUG-26,N
110131,20132,STANDARD,3046,5016,05-JUL-26,APPROVED,05-JUL-26,N
110132,20133,STANDARD,3040,5010,02-SEP-26,APPROVED,02-SEP-26,N
110133,20134,STANDARD,3008,5037,06-JUL-26,APPROVED,06-JUL-26,N
110134,20135,STANDARD,3046,5032,23-AUG-26,APPROVED,23-AUG-26,N
110135,20136,STANDARD,3045,5011,27-JUL-26,APPROVED,27-JUL-26,N
110136,20137,STANDARD,3021,5010,29-SEP-26,APPROVED,29-SEP-26,N
110137,20138,STANDARD,3011,5029,31-AUG-26,APPROVED,31-AUG-26,N
110138,20139,STANDARD,3032,5011,05-AUG-26,APPROVED,05-AUG-26,N
110139,20140,STANDARD,3024,5017,29-JUL-26,APPROVED,29-JUL-26,N
110140,20141,STANDARD,3022,5001,24-AUG-26,APPROVED,24-AUG-26,N
110141,20142,STANDARD,3042,5014,04-AUG-26,APPROVED,04-AUG-26,N
110142,20143,STANDARD,3017,5001,23-JUL-26,APPROVED,23-JUL-26,N
110143,20144,STANDARD,3014,5014,05-AUG-26,APPROVED,05-AUG-26,N
110144,20145,STANDARD,3034,5027,21-JUL-26,APPROVED,21-JUL-26,N
110145,20146,STANDARD,3046,5027,22-JUL-26,APPROVED,22-JUL-26,N
110146,20147,STANDARD,3028,5037,06-JUL-26,APPROVED,06-JUL-26,N
110147,20148,STANDARD,3044,5012,08-SEP-26,APPROVED,08-SEP-26,N
110148,20149,STANDARD,3039,5004,09-AUG-26,APPROVED,09-AUG-26,N
110149,20150,STANDARD,3012,5011,19-AUG-26,APPROVED,19-AUG-26,N
110150,20151,STANDARD,3027,5038,05-JUL-26,APPROVED,05-JUL-26,N
110151,20152,STANDARD,3024,5026,29-SEP-26,APPROVED,29-SEP-26,N
110152,20153,STANDARD,3046,5037,16-JUL-26,APPROVED,16-JUL-26,N
110153,20154,STANDARD,3015,5016,03-AUG-26,APPROVED,03-AUG-26,N
110154,20155,STANDARD,3005,5001,29-JUL-26,APPROVED,29-JUL-26,N
110155,20156,STANDARD,3045,5031,12-AUG-26,APPROVED,12-AUG-26,N
110156,20157,STANDARD,3025,5009,13-JUL-26,APPROVED,13-JUL-26,N
110157,20158,STANDARD,3010,5027,30-AUG-26,APPROVED,30-AUG-26,N
110158,20159,STANDARD,3046,5017,20-SEP-26,APPROVED,20-SEP-26,N
110159,20160,STANDARD,3026,5007,09-AUG-26,APPROVED,09-AUG-26,N
110160,20161,STANDARD,3025,5026,05-AUG-26,APPROVED,05-AUG-26,N
110161,20162,STANDARD,3015,5004,10-SEP-26,APPROVED,10-SEP-26,N
110162,20163,STANDARD,3043,5010,23-AUG-26,APPROVED,23-AUG-26,N
110163,20164,STANDARD,3018,5035,29-JUL-26,APPROVED,29-JUL-26,N
110164,20165,STANDARD,3046,5031,01-SEP-26,APPROVED,01-SEP-26,N
110165,20166,STANDARD,3042,5001,01-SEP-26,APPROVED,01-SEP-26,N
110166,20167,STANDARD,3046,5018,06-SEP-26,APPROVED,06-SEP-26,N
110167,20168,STANDARD,3046,5014,26-JUL-26,APPROVED,26-JUL-26,N
110168,20169,STANDARD,3026,5038,10-AUG-26,APPROVED,10-AUG-26,N
110169,20170,STANDARD,3044,5005,20-JUL-26,APPROVED,20-JUL-26,N
110170,20171,STANDARD,3046,5001,12-JUL-26,APPROVED,12-JUL-26,N
110171,20172,STANDARD,3046,5030,08-SEP-26,APPROVED,08-SEP-26,N
110172,20173,STANDARD,3024,5011,23-JUL-26,APPROVED,23-JUL-26,N
110173,20174,STANDARD,3045,5031,18-AUG-26,APPROVED,18-AUG-26,N
110174,20175,STANDARD,3022,5003,10-SEP-26,APPROVED,10-SEP-26,N
110175,20176,STANDARD,3043,5032,29-SEP-26,APPROVED,29-SEP-26,N
110176,20177,STANDARD,3039,5031,17-AUG-26,APPROVED,17-AUG-26,N
110177,20178,STANDARD,3013,5002,24-AUG-26,APPROVED,24-AUG-26,N
110178,20179,STANDARD,3035,5011,28-JUL-26,APPROVED,28-JUL-26,N
110179,20180,STANDARD,3020,5007,09-AUG-26,APPROVED,09-AUG-26,N
110180,20181,STANDARD,3036,5001,22-SEP-26,APPROVED,22-SEP-26,N
110181,20182,STANDARD,3010,5012,11-AUG-26,APPROVED,11-AUG-26,N
110182,20183,STANDARD,3046,5016,03-SEP-26,APPROVED,03-SEP-26,N
110183,20184,STANDARD,3046,5038,16-JUL-26,APPROVED,16-JUL-26,N
110184,20185,STANDARD,3023,5032,02-JUL-26,APPROVED,02-JUL-26,N
110185,20186,STANDARD,3017,5010,02-JUL-26,APPROVED,02-JUL-26,N
110186,20187,STANDARD,3036,5003,06-AUG-26,APPROVED,06-AUG-26,N
110187,20188,STANDARD,3010,5030,01-SEP-26,APPROVED,01-SEP-26,N
110188,20189,STANDARD,3046,5009,29-JUL-26,APPROVED,29-JUL-26,N
110189,20190,STANDARD,3031,5005,20-SEP-26,APPROVED,20-SEP-26,N
110190,20191,STANDARD,3046,5004,09-AUG-26,APPROVED,09-AUG-26,N
110191,20192,STANDARD,3044,5010,17-AUG-26,APPROVED,17-AUG-26,N
110192,20193,STANDARD,3009,5002,06-AUG-26,APPROVED,06-AUG-26,N
110193,20194,STANDARD,3032,5014,20-SEP-26,APPROVED,20-SEP-26,N
110194,20195,STANDARD,3030,5003,05-JUL-26,APPROVED,05-JUL-26,N
110195,20196,STANDARD,3010,5038,17-SEP-26,APPROVED,17-SEP-26,N
110196,20197,STANDARD,3004,5012,25-AUG-26,APPROVED,25-AUG-26,N
110197,20198,STANDARD,3041,5016,13-SEP-26,APPROVED,13-SEP-26,N
110198,20199,STANDARD,3046,5014,03-AUG-26,APPROVED,03-AUG-26,N
110199,20200,STANDARD,3004,5007,02-AUG-26,APPROVED,02-AUG-26,N
110200,20201,STANDARD,3037,5007,30-AUG-26,APPROVED,30-AUG-26,N
110201,20202,STANDARD,3046,5032,15-JUL-26,APPROVED,15-JUL-26,N
110202,20203,STANDARD,3020,5027,29-JUL-26,APPROVED,29-JUL-26,N
110203,20204,STANDARD,3020,5032,12-AUG-26,APPROVED,12-AUG-26,N
110204,20205,STANDARD,3032,5014,18-AUG-26,APPROVED,18-AUG-26,N
110205,20206,STANDARD,3011,5025,30-SEP-26,APPROVED,30-SEP-26,N
110206,20207,STANDARD,3002,5005,08-JUL-26,APPROVED,08-JUL-26,N
110207,20208,STANDARD,3031,5017,28-SEP-26,APPROVED,28-SEP-26,N
110208,20209,STANDARD,3038,5003,10-SEP-26,APPROVED,10-SEP-26,N
110209,20210,STANDARD,3030,5010,13-AUG-26,APPROVED,13-AUG-26,N
110210,20211,STANDARD,3007,5017,30-SEP-26,APPROVED,30-SEP-26,N
110211,20212,STANDARD,3013,5037,27-AUG-26,APPROVED,27-AUG-26,N
110212,20213,STANDARD,3022,5012,27-AUG-26,APPROVED,27-AUG-26,N
110213,20214,STANDARD,3031,5025,10-AUG-26,APPROVED,10-AUG-26,N
110214,20215,STANDARD,3010,5001,04-AUG-26,APPROVED,04-AUG-26,N
110215,20216,STANDARD,3033,5017,20-SEP-26,APPROVED,20-SEP-26,N
110216,20217,STANDARD,3046,5009,07-JUL-26,APPROVED,07-JUL-26,N
110217,20218,STANDARD,3027,5026,13-JUL-26,APPROVED,13-JUL-26,N
110218,20219,STANDARD,3008,5035,26-JUL-26,APPROVED,26-JUL-26,N
110219,20220,STANDARD,3003,5005,09-SEP-26,APPROVED,09-SEP-26,N
110220,20221,STANDARD,3032,5032,15-SEP-26,APPROVED,15-SEP-26,N
110221,20222,STANDARD,3028,5037,20-SEP-26,APPROVED,20-SEP-26,N
110222,20223,STANDARD,3010,5035,24-AUG-26,APPROVED,24-AUG-26,N
110223,20224,STANDARD,3006,5027,19-AUG-26,APPROVED,19-AUG-26,N
110224,20225,STANDARD,3005,5005,23-SEP-26,APPROVED,23-SEP-26,N
110225,20226,STANDARD,3016,5001,07-SEP-26,APPROVED,07-SEP-26,N
110226,20227,STANDARD,3024,5035,28-SEP-26,APPROVED,28-SEP-26,N
110227,20228,STANDARD,3004,5026,08-JUL-26,APPROVED,08-JUL-26,N
110228,20229,STANDARD,3029,5016,27-SEP-26,APPROVED,27-SEP-26,N
110229,20230,STANDARD,3018,5026,30-AUG-26,APPROVED,30-AUG-26,N
110230,20231,STANDARD,3024,5017,30-SEP-26,APPROVED,30-SEP-26,N
110231,20232,STANDARD,3041,5026,02-JUL-26,APPROVED,02-JUL-26,N
110232,20233,STANDARD,3017,5010,13-AUG-26,APPROVED,13-AUG-26,N
110233,20234,STANDARD,3005,5010,26-AUG-26,APPROVED,26-AUG-26,N
110234,20235,STANDARD,3023,5027,02-JUL-26,APPROVED,02-JUL-26,N
110235,20236,STANDARD,3015,5002,31-AUG-26,APPROVED,31-AUG-26,N
110236,20237,STANDARD,3031,5033,22-JUL-26,APPROVED,22-JUL-26,N
110237,20238,STANDARD,3038,5035,09-SEP-26,APPROVED,09-SEP-26,N
110238,20239,STANDARD,3015,5017,09-JUL-26,APPROVED,09-JUL-26,N
110239,20240,STANDARD,3040,5018,11-AUG-26,APPROVED,11-AUG-26,N
110240,20241,STANDARD,3022,5033,29-SEP-26,APPROVED,29-SEP-26,N
110241,20242,STANDARD,3043,5007,05-JUL-26,APPROVED,05-JUL-26,N
110242,20243,STANDARD,3007,5018,23-JUL-26,APPROVED,23-JUL-26,N
110243,20244,STANDARD,3035,5005,30-JUL-26,APPROVED,30-JUL-26,N
110244,20245,STANDARD,3006,5035,30-JUL-26,APPROVED,30-JUL-26,N
110245,20246,STANDARD,3025,5002,13-AUG-26,APPROVED,13-AUG-26,N
110246,20247,STANDARD,3043,5014,13-SEP-26,APPROVED,13-SEP-26,N
110247,20248,STANDARD,3034,5005,23-JUL-26,APPROVED,23-JUL-26,N
110248,20249,STANDARD,3003,5035,23-SEP-26,APPROVED,23-SEP-26,N
110249,20250,STANDARD,3008,5011,13-AUG-26,APPROVED,13-AUG-26,N
110250,20251,STANDARD,3046,5027,21-JUL-26,APPROVED,21-JUL-26,N
110251,20252,STANDARD,3030,5033,15-SEP-26,APPROVED,15-SEP-26,N
110252,20253,STANDARD,3032,5016,25-AUG-26,APPROVED,25-AUG-26,N
110253,20254,STANDARD,3033,5030,10-SEP-26,APPROVED,10-SEP-26,N
110254,20255,STANDARD,3012,5026,27-SEP-26,APPROVED,27-SEP-26,N
110255,20256,STANDARD,3008,5004,16-JUL-26,APPROVED,16-JUL-26,N
110256,20257,STANDARD,3041,5033,20-AUG-26,APPROVED,20-AUG-26,N
110257,20258,STANDARD,3012,5026,06-AUG-26,APPROVED,06-AUG-26,N
110258,20259,STANDARD,3045,5030,21-JUL-26,APPROVED,21-JUL-26,N
110259,20260,STANDARD,3019,5002,17-AUG-26,APPROVED,17-AUG-26,N
110260,20261,STANDARD,3019,5012,16-AUG-26,APPROVED,16-AUG-26,N
110261,20262,STANDARD,3042,5003,13-SEP-26,APPROVED,13-SEP-26,N
110262,20263,STANDARD,3006,5027,09-SEP-26,APPROVED,09-SEP-26,N
110263,20264,STANDARD,3046,5026,23-SEP-26,APPROVED,23-SEP-26,N
110264,20265,STANDARD,3032,5031,24-AUG-26,APPROVED,24-AUG-26,N
110265,20266,STANDARD,3019,5014,12-AUG-26,APPROVED,12-AUG-26,N
110266,20267,STANDARD,3023,5014,02-SEP-26,APPROVED,02-SEP-26,N
110267,20268,STANDARD,3038,5003,20-JUL-26,APPROVED,20-JUL-26,N
110268,20269,STANDARD,3037,5037,27-SEP-26,APPROVED,27-SEP-26,N
110269,20270,STANDARD,3018,5018,12-JUL-26,APPROVED,12-JUL-26,N
110270,20271,STANDARD,3027,5011,12-AUG-26,APPROVED,12-AUG-26,N
110271,20272,STANDARD,3009,5011,10-AUG-26,APPROVED,10-AUG-26,N
110272,20273,STANDARD,3046,5038,09-SEP-26,APPROVED,09-SEP-26,N
110273,20274,STANDARD,3021,5033,29-JUL-26,APPROVED,29-JUL-26,N
110274,20275,STANDARD,3004,5004,01-SEP-26,APPROVED,01-SEP-26,N
110275,20276,STANDARD,3007,5026,31-AUG-26,APPROVED,31-AUG-26,N
110276,20277,STANDARD,3046,5018,16-JUL-26,APPROVED,16-JUL-26,N
110277,20278,STANDARD,3009,5026,28-JUL-26,APPROVED,28-JUL-26,N
110278,20279,STANDARD,3017,5009,02-AUG-26,APPROVED,02-AUG-26,N
110279,20280,STANDARD,3041,5030,08-SEP-26,APPROVED,08-SEP-26,N
110280,20281,STANDARD,3004,5029,20-SEP-26,APPROVED,20-SEP-26,N
110281,20282,STANDARD,3016,5009,01-JUL-26,APPROVED,01-JUL-26,N
110282,20283,STANDARD,3003,5037,15-JUL-26,APPROVED,15-JUL-26,N
110283,20284,STANDARD,3016,5009,14-JUL-26,APPROVED,14-JUL-26,N
110284,20285,STANDARD,3018,5018,10-SEP-26,APPROVED,10-SEP-26,N
110285,20286,STANDARD,3004,5012,26-AUG-26,APPROVED,26-AUG-26,N
110286,20287,STANDARD,3006,5031,07-SEP-26,APPROVED,07-SEP-26,N
110287,20288,STANDARD,3020,5035,09-JUL-26,APPROVED,09-JUL-26,N
110288,20289,STANDARD,3040,5030,07-SEP-26,APPROVED,07-SEP-26,N
110289,20290,STANDARD,3044,5009,19-AUG-26,APPROVED,19-AUG-26,N
110290,20291,STANDARD,3037,5026,12-JUL-26,APPROVED,12-JUL-26,N
110291,20292,STANDARD,3034,5012,04-AUG-26,APPROVED,04-AUG-26,N
110292,20293,STANDARD,3036,5007,16-AUG-26,APPROVED,16-AUG-26,N
110293,20294,STANDARD,3023,5003,27-AUG-26,APPROVED,27-AUG-26,N
110294,20295,STANDARD,3046,5037,12-AUG-26,APPROVED,12-AUG-26,N
110295,20296,STANDARD,3004,5011,27-AUG-26,APPROVED,27-AUG-26,N
110296,20297,STANDARD,3031,5009,21-SEP-26,APPROVED,21-SEP-26,N
110297,20298,STANDARD,3042,5027,29-JUL-26,APPROVED,29-JUL-26,N
110298,20299,STANDARD,3046,5038,02-SEP-26,APPROVED,02-SEP-26,N
110299,20300,STANDARD,3042,5028,12-JUL-26,APPROVED,12-JUL-26,N
110300,20301,STANDARD,3015,5004,16-AUG-26,APPROVED,16-AUG-26,N
110301,20302,STANDARD,3046,5011,01-JUL-26,APPROVED,01-JUL-26,N
110302,20303,STANDARD,3042,5001,21-JUL-26,APPROVED,21-JUL-26,N
110303,20304,STANDARD,3004,5037,20-JUL-26,APPROVED,20-JUL-26,N
110304,20305,STANDARD,3006,5029,13-AUG-26,APPROVED,13-AUG-26,N
110305,20306,STANDARD,3031,5001,09-JUL-26,APPROVED,09-JUL-26,N
110306,20307,STANDARD,3006,5012,06-JUL-26,APPROVED,06-JUL-26,N
110307,20308,STANDARD,3046,5032,28-JUL-26,APPROVED,28-JUL-26,N
110308,20309,STANDARD,3040,5025,30-AUG-26,APPROVED,30-AUG-26,N
110309,20310,STANDARD,3031,5032,17-AUG-26,APPROVED,17-AUG-26,N
110310,20311,STANDARD,3009,5001,27-SEP-26,APPROVED,27-SEP-26,N
110311,20312,STANDARD,3023,5005,10-SEP-26,APPROVED,10-SEP-26,N
110312,20313,STANDARD,3046,5032,16-SEP-26,APPROVED,16-SEP-26,N
110313,20314,STANDARD,3015,5002,02-SEP-26,APPROVED,02-SEP-26,N
110314,20315,STANDARD,3022,5029,22-SEP-26,APPROVED,22-SEP-26,N
110315,20316,STANDARD,3023,5035,07-JUL-26,APPROVED,07-JUL-26,N
110316,20317,STANDARD,3003,5010,06-SEP-26,APPROVED,06-SEP-26,N
110317,20318,STANDARD,3025,5011,27-AUG-26,APPROVED,27-AUG-26,N
110318,20319,STANDARD,3046,5017,29-JUL-26,APPROVED,29-JUL-26,N
110319,20320,STANDARD,3026,5007,08-JUL-26,APPROVED,08-JUL-26,N
110320,20321,STANDARD,3009,5030,14-JUL-26,APPROVED,14-JUL-26,N
110321,20322,STANDARD,3019,5001,24-SEP-26,APPROVED,24-SEP-26,N
110322,20323,STANDARD,3046,5001,05-AUG-26,APPROVED,05-AUG-26,N
110323,20324,STANDARD,3046,5033,16-JUL-26,APPROVED,16-JUL-26,N
110324,20325,STANDARD,3021,5018,05-JUL-26,APPROVED,05-JUL-26,N
110325,20326,STANDARD,3021,5029,29-JUL-26,APPROVED,29-JUL-26,N
110326,20327,STANDARD,3023,5004,05-AUG-26,APPROVED,05-AUG-26,N
110327,20328,STANDARD,3015,5004,06-AUG-26,APPROVED,06-AUG-26,N
110328,20329,STANDARD,3046,5007,09-JUL-26,APPROVED,09-JUL-26,N
110329,20330,STANDARD,3011,5026,19-AUG-26,APPROVED,19-AUG-26,N
110330,20331,STANDARD,3046,5010,16-JUL-26,APPROVED,16-JUL-26,N
110331,20332,STANDARD,3013,5014,09-JUL-26,APPROVED,09-JUL-26,N
110332,20333,STANDARD,3030,5030,23-SEP-26,APPROVED,23-SEP-26,N
110333,20334,STANDARD,3046,5038,18-AUG-26,APPROVED,18-AUG-26,N
110334,20335,STANDARD,3046,5035,13-SEP-26,APPROVED,13-SEP-26,N
110335,20336,STANDARD,3019,5032,15-JUL-26,APPROVED,15-JUL-26,N
110336,20337,STANDARD,3041,5012,26-AUG-26,APPROVED,26-AUG-26,N
110337,20338,STANDARD,3046,5002,17-AUG-26,APPROVED,17-AUG-26,N
110338,20339,STANDARD,3034,5038,05-AUG-26,APPROVED,05-AUG-26,N
110339,20340,STANDARD,3022,5032,26-JUL-26,APPROVED,26-JUL-26,N
110340,20341,STANDARD,3012,5001,22-JUL-26,APPROVED,22-JUL-26,N
110341,20342,STANDARD,3013,5026,19-JUL-26,APPROVED,19-JUL-26,N
110342,20343,STANDARD,3029,5017,13-AUG-26,APPROVED,13-AUG-26,N
110343,20344,STANDARD,3046,5007,02-JUL-26,APPROVED,02-JUL-26,N
110344,20345,STANDARD,3004,5029,13-JUL-26,APPROVED,13-JUL-26,N
110345,20346,STANDARD,3046,5017,02-JUL-26,APPROVED,02-JUL-26,N
110346,20347,STANDARD,3009,5038,14-JUL-26,APPROVED,14-JUL-26,N
110347,20348,STANDARD,3046,5037,07-SEP-26,APPROVED,07-SEP-26,N
110348,20349,STANDARD,3006,5031,19-JUL-26,APPROVED,19-JUL-26,N
110349,20350,STANDARD,3023,5030,09-SEP-26,APPROVED,09-SEP-26,N
110350,20351,STANDARD,3012,5032,14-SEP-26,APPROVED,14-SEP-26,N
110351,20352,STANDARD,3045,5012,16-SEP-26,APPROVED,16-SEP-26,N
110352,20353,STANDARD,3043,5010,11-AUG-26,APPROVED,11-AUG-26,N
110353,20354,STANDARD,3044,5012,28-JUL-26,APPROVED,28-JUL-26,N
110354,20355,STANDARD,3024,5038,13-JUL-26,APPROVED,13-JUL-26,N
110355,20356,STANDARD,3024,5027,29-JUL-26,APPROVED,29-JUL-26,N
110356,20357,STANDARD,3016,5004,12-AUG-26,APPROVED,12-AUG-26,N
110357,20358,STANDARD,3009,5032,12-AUG-26,APPROVED,12-AUG-26,N
110358,20359,STANDARD,3046,5025,09-JUL-26,APPROVED,09-JUL-26,N
110359,20360,STANDARD,3013,5029,16-SEP-26,APPROVED,16-SEP-26,N
110360,20361,STANDARD,3008,5011,20-SEP-26,APPROVED,20-SEP-26,N
110361,20362,STANDARD,3016,5016,27-JUL-26,APPROVED,27-JUL-26,N
110362,20363,STANDARD,3019,5003,22-JUL-26,APPROVED,22-JUL-26,N
110363,20364,STANDARD,3046,5002,14-SEP-26,APPROVED,14-SEP-26,N
110364,20365,STANDARD,3046,5007,20-JUL-26,APPROVED,20-JUL-26,N
110365,20366,STANDARD,3022,5005,29-JUL-26,APPROVED,29-JUL-26,N
110366,20367,STANDARD,3023,5002,09-AUG-26,APPROVED,09-AUG-26,N
110367,20368,STANDARD,3046,5001,09-AUG-26,APPROVED,09-AUG-26,N
110368,20369,STANDARD,3013,5003,09-SEP-26,APPROVED,09-SEP-26,N
110369,20370,STANDARD,3040,5030,13-SEP-26,APPROVED,13-SEP-26,N
110370,20371,STANDARD,3003,5032,27-AUG-26,APPROVED,27-AUG-26,N
110371,20372,STANDARD,3040,5001,16-JUL-26,APPROVED,16-JUL-26,N
110372,20373,STANDARD,3043,5028,17-AUG-26,APPROVED,17-AUG-26,N
110373,20374,STANDARD,3019,5005,21-SEP-26,APPROVED,21-SEP-26,N
110374,20375,STANDARD,3046,5012,31-AUG-26,APPROVED,31-AUG-26,N
110375,20376,STANDARD,3025,5018,02-AUG-26,APPROVED,02-AUG-26,N
110376,20377,STANDARD,3046,5037,12-JUL-26,APPROVED,12-JUL-26,N
110377,20378,STANDARD,3046,5007,05-JUL-26,APPROVED,05-JUL-26,N
110378,20379,STANDARD,3022,5028,24-AUG-26,APPROVED,24-AUG-26,N
110379,20380,STANDARD,3038,5031,09-JUL-26,APPROVED,09-JUL-26,N
110380,20381,STANDARD,3011,5032,30-JUL-26,APPROVED,30-JUL-26,N
110381,20382,STANDARD,3005,5037,23-AUG-26,APPROVED,23-AUG-26,N
110382,20383,STANDARD,3023,5002,07-SEP-26,APPROVED,07-SEP-26,N
110383,20384,STANDARD,3046,5007,09-SEP-26,APPROVED,09-SEP-26,N
110384,20385,STANDARD,3008,5004,07-JUL-26,APPROVED,07-JUL-26,N
110385,20386,STANDARD,3023,5009,13-AUG-26,APPROVED,13-AUG-26,N
110386,20387,STANDARD,3023,5004,14-JUL-26,APPROVED,14-JUL-26,N
110387,20388,STANDARD,3034,5026,22-JUL-26,APPROVED,22-JUL-26,N
110388,20389,STANDARD,3007,5018,15-SEP-26,APPROVED,15-SEP-26,N
110389,20390,STANDARD,3023,5007,15-SEP-26,APPROVED,15-SEP-26,N
110390,20391,STANDARD,3046,5012,08-SEP-26,APPROVED,08-SEP-26,N
110391,20392,STANDARD,3044,5018,02-SEP-26,APPROVED,02-SEP-26,N
110392,20393,STANDARD,3001,5017,04-AUG-26,APPROVED,04-AUG-26,N
110393,20394,STANDARD,3046,5030,31-AUG-26,APPROVED,31-AUG-26,N
110394,20395,STANDARD,3007,5032,16-JUL-26,APPROVED,16-JUL-26,N
110395,20396,STANDARD,3035,5017,03-SEP-26,APPROVED,03-SEP-26,N
110396,20397,STANDARD,3014,5009,13-SEP-26,APPROVED,13-SEP-26,N
110397,20398,STANDARD,3005,5026,11-AUG-26,APPROVED,11-AUG-26,N
110398,20399,STANDARD,3044,5032,20-JUL-26,APPROVED,20-JUL-26,N
110399,20400,STANDARD,3045,5004,13-AUG-26,APPROVED,13-AUG-26,N
110400,20401,STANDARD,3012,5010,13-AUG-26,APPROVED,13-AUG-26,N
110401,20402,STANDARD,3013,5025,11-AUG-26,APPROVED,11-AUG-26,N
110402,20403,STANDARD,3002,5035,09-SEP-26,APPROVED,09-SEP-26,N
110403,20404,STANDARD,3002,5029,13-AUG-26,APPROVED,13-AUG-26,N
110404,20405,STANDARD,3016,5035,03-AUG-26,APPROVED,03-AUG-26,N
110405,20406,STANDARD,3004,5030,05-AUG-26,APPROVED,05-AUG-26,N
110406,20407,STANDARD,3044,5003,12-JUL-26,APPROVED,12-JUL-26,N
110407,20408,STANDARD,3029,5011,23-SEP-26,APPROVED,23-SEP-26,N
110408,20409,STANDARD,3040,5028,16-AUG-26,APPROVED,16-AUG-26,N
110409,20410,STANDARD,3014,5007,30-SEP-26,APPROVED,30-SEP-26,N
110410,20411,STANDARD,3046,5037,14-JUL-26,APPROVED,14-JUL-26,N
110411,20412,STANDARD,3024,5001,28-SEP-26,APPROVED,28-SEP-26,N
110412,20413,STANDARD,3046,5026,28-SEP-26,APPROVED,28-SEP-26,N
110413,20414,STANDARD,3025,5002,04-AUG-26,APPROVED,04-AUG-26,N
110414,20415,STANDARD,3008,5003,27-SEP-26,APPROVED,27-SEP-26,N
110415,20416,STANDARD,3039,5031,16-AUG-26,APPROVED,16-AUG-26,N
110416,20417,STANDARD,3014,5001,03-AUG-26,APPROVED,03-AUG-26,N
110417,20418,STANDARD,3026,5009,21-JUL-26,APPROVED,21-JUL-26,N
110418,20419,STANDARD,3006,5029,07-SEP-26,APPROVED,07-SEP-26,N
110419,20420,STANDARD,3030,5017,01-JUL-26,APPROVED,01-JUL-26,N
110420,20421,STANDARD,3043,5028,29-SEP-26,APPROVED,29-SEP-26,N
110421,20422,STANDARD,3014,5031,15-SEP-26,APPROVED,15-SEP-26,N
110422,20423,STANDARD,3001,5026,13-JUL-26,APPROVED,13-JUL-26,N
110423,20424,STANDARD,3046,5001,24-AUG-26,APPROVED,24-AUG-26,N
110424,20425,STANDARD,3007,5031,21-SEP-26,APPROVED,21-SEP-26,N
110425,20426,STANDARD,3046,5027,24-AUG-26,APPROVED,24-AUG-26,N
110426,20427,STANDARD,3046,5004,22-JUL-26,APPROVED,22-JUL-26,N
110427,20428,STANDARD,3021,5005,30-JUL-26,APPROVED,30-JUL-26,N
110428,20429,STANDARD,3019,5033,16-SEP-26,APPROVED,16-SEP-26,N
110429,20430,STANDARD,3029,5018,09-JUL-26,APPROVED,09-JUL-26,N
110430,20431,STANDARD,3027,5025,13-SEP-26,APPROVED,13-SEP-26,N
110431,20432,STANDARD,3035,5026,28-SEP-26,APPROVED,28-SEP-26,N
110432,20433,STANDARD,3034,5026,04-AUG-26,APPROVED,04-AUG-26,N
110433,20434,STANDARD,3046,5028,04-AUG-26,APPROVED,04-AUG-26,N
110434,20435,STANDARD,3046,5018,06-JUL-26,APPROVED,06-JUL-26,N
110435,20436,STANDARD,3016,5029,16-SEP-26,APPROVED,16-SEP-26,N
110436,20437,STANDARD,3012,5032,28-SEP-26,APPROVED,28-SEP-26,N
110437,20438,STANDARD,3038,5011,08-SEP-26,APPROVED,08-SEP-26,N
110438,20439,STANDARD,3040,5017,28-SEP-26,APPROVED,28-SEP-26,N
110439,20440,STANDARD,3007,5033,08-SEP-26,APPROVED,08-SEP-26,N
110440,20441,STANDARD,3030,5037,03-SEP-26,APPROVED,03-SEP-26,N
110441,20442,STANDARD,3011,5031,28-SEP-26,APPROVED,28-SEP-26,N
110442,20443,STANDARD,3020,5037,28-JUL-26,APPROVED,28-JUL-26,N
110443,20444,STANDARD,3003,5007,06-JUL-26,APPROVED,06-JUL-26,N
110444,20445,STANDARD,3045,5014,21-JUL-26,APPROVED,21-JUL-26,N
110445,20446,STANDARD,3016,5011,13-JUL-26,APPROVED,13-JUL-26,N
110446,20447,STANDARD,3038,5029,23-SEP-26,APPROVED,23-SEP-26,N
110447,20448,STANDARD,3004,5031,02-AUG-26,APPROVED,02-AUG-26,N
110448,20449,STANDARD,3019,5014,29-SEP-26,APPROVED,29-SEP-26,N
110449,20450,STANDARD,3008,5012,16-JUL-26,APPROVED,16-JUL-26,N
110450,20451,STANDARD,3043,5029,06-JUL-26,APPROVED,06-JUL-26,N
110451,20452,STANDARD,3027,5009,07-JUL-26,APPROVED,07-JUL-26,N
110452,20453,STANDARD,3012,5003,02-SEP-26,APPROVED,02-SEP-26,N
110453,20454,STANDARD,3029,5018,01-JUL-26,APPROVED,01-JUL-26,N
110454,20455,STANDARD,3019,5026,01-JUL-26,APPROVED,01-JUL-26,N
110455,20456,STANDARD,3010,5012,25-AUG-26,APPROVED,25-AUG-26,N
110456,20457,STANDARD,3025,5012,15-SEP-26,APPROVED,15-SEP-26,N
110457,20458,STANDARD,3014,5001,22-SEP-26,APPROVED,22-SEP-26,N
110458,20459,STANDARD,3002,5025,20-SEP-26,APPROVED,20-SEP-26,N
110459,20460,STANDARD,3023,5012,01-SEP-26,APPROVED,01-SEP-26,N
110460,20461,STANDARD,3046,5002,22-SEP-26,APPROVED,22-SEP-26,N
110461,20462,STANDARD,3011,5005,31-AUG-26,APPROVED,31-AUG-26,N
110462,20463,STANDARD,3041,5035,23-AUG-26,APPROVED,23-AUG-26,N
110463,20464,STANDARD,3011,5027,22-JUL-26,APPROVED,22-JUL-26,N
110464,20465,STANDARD,3030,5018,21-SEP-26,APPROVED,21-SEP-26,N
110465,20466,STANDARD,3034,5010,05-AUG-26,APPROVED,05-AUG-26,N
110466,20467,STANDARD,3034,5018,26-JUL-26,APPROVED,26-JUL-26,N
110467,20468,STANDARD,3029,5033,07-JUL-26,APPROVED,07-JUL-26,N
110468,20469,STANDARD,3036,5002,10-SEP-26,APPROVED,10-SEP-26,N
110469,20470,STANDARD,3026,5011,12-JUL-26,APPROVED,12-JUL-26,N
110470,20471,STANDARD,3002,5035,25-AUG-26,APPROVED,25-AUG-26,N
110471,20472,STANDARD,3019,5028,15-JUL-26,APPROVED,15-JUL-26,N
110472,20473,STANDARD,3006,5027,01-SEP-26,APPROVED,01-SEP-26,N
110473,20474,STANDARD,3046,5005,12-AUG-26,APPROVED,12-AUG-26,N
110474,20475,STANDARD,3032,5037,02-AUG-26,APPROVED,02-AUG-26,N
110475,20476,STANDARD,3031,5032,14-SEP-26,APPROVED,14-SEP-26,N
110476,20477,STANDARD,3008,5017,15-SEP-26,APPROVED,15-SEP-26,N
110477,20478,STANDARD,3046,5037,06-JUL-26,APPROVED,06-JUL-26,N
110478,20479,STANDARD,3043,5028,16-JUL-26,APPROVED,16-JUL-26,N
110479,20480,STANDARD,3034,5033,16-AUG-26,APPROVED,16-AUG-26,N
110480,20481,STANDARD,3025,5031,17-SEP-26,APPROVED,17-SEP-26,N
110481,20482,STANDARD,3024,5001,17-SEP-26,APPROVED,17-SEP-26,N
110482,20483,STANDARD,3005,5002,16-SEP-26,APPROVED,16-SEP-26,N
110483,20484,STANDARD,3012,5018,18-AUG-26,APPROVED,18-AUG-26,N
110484,20485,STANDARD,3014,5035,28-JUL-26,APPROVED,28-JUL-26,N
110485,20486,STANDARD,3036,5003,13-SEP-26,APPROVED,13-SEP-26,N
110486,20487,STANDARD,3022,5018,06-AUG-26,APPROVED,06-AUG-26,N
110487,20488,STANDARD,3046,5025,27-JUL-26,APPROVED,27-JUL-26,N
110488,20489,STANDARD,3046,5011,08-SEP-26,APPROVED,08-SEP-26,N
110489,20490,STANDARD,3025,5005,16-JUL-26,APPROVED,16-JUL-26,N
110490,20491,STANDARD,3034,5032,29-JUL-26,APPROVED,29-JUL-26,N
110491,20492,STANDARD,3046,5032,27-JUL-26,APPROVED,27-JUL-26,N
110492,20493,STANDARD,3018,5032,30-AUG-26,APPROVED,30-AUG-26,N
110493,20494,STANDARD,3009,5030,30-AUG-26,APPROVED,30-AUG-26,N
110494,20495,STANDARD,3016,5004,14-JUL-26,APPROVED,14-JUL-26,N
110495,20496,STANDARD,3040,5012,20-SEP-26,APPROVED,20-SEP-26,N
110496,20497,STANDARD,3032,5035,06-AUG-26,APPROVED,06-AUG-26,N
110497,20498,STANDARD,3040,5031,19-AUG-26,APPROVED,19-AUG-26,N
110498,20499,STANDARD,3046,5032,14-SEP-26,APPROVED,14-SEP-26,N
110499,20500,STANDARD,3010,5033,18-AUG-26,APPROVED,18-AUG-26,N
110500,20501,STANDARD,3031,5011,28-SEP-26,APPROVED,28-SEP-26,N
110501,20502,STANDARD,3009,5004,21-SEP-26,APPROVED,21-SEP-26,N
110502,20503,STANDARD,3021,5002,29-JUL-26,APPROVED,29-JUL-26,N
110503,20504,STANDARD,3021,5003,16-AUG-26,APPROVED,16-AUG-26,N
110504,20505,STANDARD,3038,5033,08-SEP-26,APPROVED,08-SEP-26,N
110505,20506,STANDARD,3028,5018,27-SEP-26,APPROVED,27-SEP-26,N
110506,20507,STANDARD,3021,5003,28-JUL-26,APPROVED,28-JUL-26,N
110507,20508,STANDARD,3004,5025,27-JUL-26,APPROVED,27-JUL-26,N
110508,20509,STANDARD,3010,5011,27-JUL-26,APPROVED,27-JUL-26,N
110509,20510,STANDARD,3013,5004,14-SEP-26,APPROVED,14-SEP-26,N
110510,20511,STANDARD,3007,5033,31-AUG-26,APPROVED,31-AUG-26,N
110511,20512,STANDARD,3046,5011,02-AUG-26,APPROVED,02-AUG-26,N
110512,20513,STANDARD,3046,5007,08-SEP-26,APPROVED,08-SEP-26,N
110513,20514,STANDARD,3043,5009,14-JUL-26,APPROVED,14-JUL-26,N
110514,20515,STANDARD,3029,5017,19-AUG-26,APPROVED,19-AUG-26,N
110515,20516,STANDARD,3003,5025,24-AUG-26,APPROVED,24-AUG-26,N
110516,20517,STANDARD,3025,5035,06-AUG-26,APPROVED,06-AUG-26,N
110517,20518,STANDARD,3010,5007,02-JUL-26,APPROVED,02-JUL-26,N
110518,20519,STANDARD,3044,5032,13-SEP-26,APPROVED,13-SEP-26,N
110519,20520,STANDARD,3015,5003,29-JUL-26,APPROVED,29-JUL-26,N
110520,20521,STANDARD,3028,5035,07-JUL-26,APPROVED,07-JUL-26,N
110521,20522,STANDARD,3045,5025,09-SEP-26,APPROVED,09-SEP-26,N
110522,20523,STANDARD,3026,5011,02-SEP-26,APPROVED,02-SEP-26,N
110523,20524,STANDARD,3011,5017,28-SEP-26,APPROVED,28-SEP-26,N
110524,20525,STANDARD,3029,5003,05-JUL-26,APPROVED,05-JUL-26,N
110525,20526,STANDARD,3015,5031,30-SEP-26,APPROVED,30-SEP-26,N
110526,20527,STANDARD,3013,5037,30-SEP-26,APPROVED,30-SEP-26,N
110527,20528,STANDARD,3046,5007,06-AUG-26,APPROVED,06-AUG-26,N
110528,20529,STANDARD,3022,5018,26-JUL-26,APPROVED,26-JUL-26,N
110529,20530,STANDARD,3041,5009,16-JUL-26,APPROVED,16-JUL-26,N
110530,20531,STANDARD,3018,5009,05-AUG-26,APPROVED,05-AUG-26,N
110531,20532,STANDARD,3018,5032,17-SEP-26,APPROVED,17-SEP-26,N
110532,20533,STANDARD,3003,5011,29-JUL-26,APPROVED,29-JUL-26,N
110533,20534,STANDARD,3020,5038,10-AUG-26,APPROVED,10-AUG-26,N
110534,20535,STANDARD,3027,5038,09-SEP-26,APPROVED,09-SEP-26,N
110535,20536,STANDARD,3035,5037,10-AUG-26,APPROVED,10-AUG-26,N
110536,20537,STANDARD,3022,5038,02-SEP-26,APPROVED,02-SEP-26,N
110537,20538,STANDARD,3027,5027,29-SEP-26,APPROVED,29-SEP-26,N
110538,20539,STANDARD,3024,5012,30-AUG-26,APPROVED,30-AUG-26,N
110539,20540,STANDARD,3046,5001,16-JUL-26,APPROVED,16-JUL-26,N
110540,20541,STANDARD,3040,5004,22-JUL-26,APPROVED,22-JUL-26,N
110541,20542,STANDARD,3018,5010,24-AUG-26,APPROVED,24-AUG-26,N
110542,20543,STANDARD,3034,5012,16-AUG-26,APPROVED,16-AUG-26,N
110543,20544,STANDARD,3041,5004,26-AUG-26,APPROVED,26-AUG-26,N
110544,20545,STANDARD,3010,5030,09-JUL-26,APPROVED,09-JUL-26,N
110545,20546,STANDARD,3040,5026,03-AUG-26,APPROVED,03-AUG-26,N
110546,20547,STANDARD,3009,5011,17-SEP-26,APPROVED,17-SEP-26,N
110547,20548,STANDARD,3034,5030,11-AUG-26,APPROVED,11-AUG-26,N
110548,20549,STANDARD,3003,5026,29-JUL-26,APPROVED,29-JUL-26,N
110549,20550,STANDARD,3006,5017,10-SEP-26,APPROVED,10-SEP-26,N
110550,20551,STANDARD,3024,5035,21-JUL-26,APPROVED,21-JUL-26,N
110551,20552,STANDARD,3011,5032,17-AUG-26,APPROVED,17-AUG-26,N
110552,20553,STANDARD,3023,5026,20-SEP-26,APPROVED,20-SEP-26,N
110553,20554,STANDARD,3036,5031,28-SEP-26,APPROVED,28-SEP-26,N
110554,20555,STANDARD,3045,5030,20-SEP-26,APPROVED,20-SEP-26,N
110555,20556,STANDARD,3022,5007,02-AUG-26,APPROVED,02-AUG-26,N
110556,20557,STANDARD,3002,5033,22-SEP-26,APPROVED,22-SEP-26,N
110557,20558,STANDARD,3039,5003,27-JUL-26,APPROVED,27-JUL-26,N
110558,20559,STANDARD,3017,5033,01-SEP-26,APPROVED,01-SEP-26,N
110559,20560,STANDARD,3027,5026,09-JUL-26,APPROVED,09-JUL-26,N
110560,20561,STANDARD,3046,5004,06-AUG-26,APPROVED,06-AUG-26,N
110561,20562,STANDARD,3015,5027,17-SEP-26,APPROVED,17-SEP-26,N
110562,20563,STANDARD,3040,5032,16-SEP-26,APPROVED,16-SEP-26,N
110563,20564,STANDARD,3045,5005,12-AUG-26,APPROVED,12-AUG-26,N
110564,20565,STANDARD,3014,5017,19-AUG-26,APPROVED,19-AUG-26,N
110565,20566,STANDARD,3035,5004,06-SEP-26,APPROVED,06-SEP-26,N
110566,20567,STANDARD,3011,5005,21-SEP-26,APPROVED,21-SEP-26,N
110567,20568,STANDARD,3013,5027,20-JUL-26,APPROVED,20-JUL-26,N
110568,20569,STANDARD,3032,5005,29-JUL-26,APPROVED,29-JUL-26,N
110569,20570,STANDARD,3046,5007,25-AUG-26,APPROVED,25-AUG-26,N
110570,20571,STANDARD,3030,5002,22-JUL-26,APPROVED,22-JUL-26,N
110571,20572,STANDARD,3029,5038,06-JUL-26,APPROVED,06-JUL-26,N
110572,20573,STANDARD,3014,5003,21-JUL-26,APPROVED,21-JUL-26,N
110573,20574,STANDARD,3008,5002,08-JUL-26,APPROVED,08-JUL-26,N
110574,20575,STANDARD,3042,5025,30-SEP-26,APPROVED,30-SEP-26,N
110575,20576,STANDARD,3037,5030,24-AUG-26,APPROVED,24-AUG-26,N
110576,20577,STANDARD,3030,5033,12-JUL-26,APPROVED,12-JUL-26,N
110577,20578,STANDARD,3021,5033,16-JUL-26,APPROVED,16-JUL-26,N
110578,20579,STANDARD,3022,5014,06-AUG-26,APPROVED,06-AUG-26,N
110579,20580,STANDARD,3040,5009,20-SEP-26,APPROVED,20-SEP-26,N
110580,20581,STANDARD,3046,5011,15-SEP-26,APPROVED,15-SEP-26,N
110581,20582,STANDARD,3046,5011,16-SEP-26,APPROVED,16-SEP-26,N
110582,20583,STANDARD,3029,5033,19-AUG-26,APPROVED,19-AUG-26,N
110583,20584,STANDARD,3046,5014,20-AUG-26,APPROVED,20-AUG-26,N
110584,20585,STANDARD,3003,5004,05-JUL-26,APPROVED,05-JUL-26,N
110585,20586,STANDARD,3046,5037,22-JUL-26,APPROVED,22-JUL-26,N
110586,20587,STANDARD,3004,5038,30-JUL-26,APPROVED,30-JUL-26,N
110587,20588,STANDARD,3015,5037,08-SEP-26,APPROVED,08-SEP-26,N
110588,20589,STANDARD,3032,5030,03-AUG-26,APPROVED,03-AUG-26,N
110589,20590,STANDARD,3006,5016,23-JUL-26,APPROVED,23-JUL-26,N
110590,20591,STANDARD,3006,5011,08-JUL-26,APPROVED,08-JUL-26,N
110591,20592,STANDARD,3037,5003,07-SEP-26,APPROVED,07-SEP-26,N
110592,20593,STANDARD,3042,5018,11-AUG-26,APPROVED,11-AUG-26,N
110593,20594,STANDARD,3005,5003,30-SEP-26,APPROVED,30-SEP-26,N
110594,20595,STANDARD,3018,5028,28-SEP-26,APPROVED,28-SEP-26,N
110595,20596,STANDARD,3012,5017,07-SEP-26,APPROVED,07-SEP-26,N
110596,20597,STANDARD,3026,5033,22-JUL-26,APPROVED,22-JUL-26,N
110597,20598,STANDARD,3031,5016,27-JUL-26,APPROVED,27-JUL-26,N
110598,20599,STANDARD,3020,5002,14-SEP-26,APPROVED,14-SEP-26,N
110599,20600,STANDARD,3046,5018,14-JUL-26,APPROVED,14-JUL-26,N
110600,20601,STANDARD,3030,5033,08-SEP-26,APPROVED,08-SEP-26,N
110601,20602,STANDARD,3046,5032,22-JUL-26,APPROVED,22-JUL-26,N
110602,20603,STANDARD,3040,5001,17-SEP-26,APPROVED,17-SEP-26,N
110603,20604,STANDARD,3032,5038,27-JUL-26,APPROVED,27-JUL-26,N
110604,20605,STANDARD,3031,5002,09-SEP-26,APPROVED,09-SEP-26,N
110605,20606,STANDARD,3040,5012,20-SEP-26,APPROVED,20-SEP-26,N
110606,20607,STANDARD,3015,5031,23-SEP-26,APPROVED,23-SEP-26,N
110607,20608,STANDARD,3009,5005,05-AUG-26,APPROVED,05-AUG-26,N
110608,20609,STANDARD,3035,5025,14-JUL-26,APPROVED,14-JUL-26,N
110609,20610,STANDARD,3022,5031,01-SEP-26,APPROVED,01-SEP-26,N
110610,20611,STANDARD,3012,5014,15-SEP-26,APPROVED,15-SEP-26,N
110611,20612,STANDARD,3013,5035,03-SEP-26,APPROVED,03-SEP-26,N
110612,20613,STANDARD,3013,5010,03-AUG-26,APPROVED,03-AUG-26,N
110613,20614,STANDARD,3012,5025,02-AUG-26,APPROVED,02-AUG-26,N
110614,20615,STANDARD,3003,5029,03-SEP-26,APPROVED,03-SEP-26,N
110615,20616,STANDARD,3042,5011,10-SEP-26,APPROVED,10-SEP-26,N
110616,20617,STANDARD,3009,5033,23-JUL-26,APPROVED,23-JUL-26,N
110617,20618,STANDARD,3030,5035,05-JUL-26,APPROVED,05-JUL-26,N
110618,20619,STANDARD,3020,5003,12-JUL-26,APPROVED,12-JUL-26,N
110619,20620,STANDARD,3040,5014,31-AUG-26,APPROVED,31-AUG-26,N
110620,20621,STANDARD,3006,5010,20-JUL-26,APPROVED,20-JUL-26,N
110621,20622,STANDARD,3028,5011,31-AUG-26,APPROVED,31-AUG-26,N
110622,20623,STANDARD,3007,5007,06-JUL-26,APPROVED,06-JUL-26,N
110623,20624,STANDARD,3031,5004,12-AUG-26,APPROVED,12-AUG-26,N
110624,20625,STANDARD,3028,5011,24-SEP-26,APPROVED,24-SEP-26,N
110625,20626,STANDARD,3032,5029,02-JUL-26,APPROVED,02-JUL-26,N
110626,20627,STANDARD,3030,5027,27-JUL-26,APPROVED,27-JUL-26,N
110627,20628,STANDARD,3005,5009,20-JUL-26,APPROVED,20-JUL-26,N
110628,20629,STANDARD,3046,5012,14-JUL-26,APPROVED,14-JUL-26,N
110629,20630,STANDARD,3012,5003,23-AUG-26,APPROVED,23-AUG-26,N
110630,20631,STANDARD,3026,5035,30-SEP-26,APPROVED,30-SEP-26,N
110631,20632,STANDARD,3046,5003,10-AUG-26,APPROVED,10-AUG-26,N
110632,20633,STANDARD,3027,5033,31-AUG-26,APPROVED,31-AUG-26,N
110633,20634,STANDARD,3032,5016,14-JUL-26,APPROVED,14-JUL-26,N
110634,20635,STANDARD,3020,5037,21-SEP-26,APPROVED,21-SEP-26,N
110635,20636,STANDARD,3026,5025,29-JUL-26,APPROVED,29-JUL-26,N
110636,20637,STANDARD,3030,5032,02-JUL-26,APPROVED,02-JUL-26,N
110637,20638,STANDARD,3002,5007,06-JUL-26,APPROVED,06-JUL-26,N
110638,20639,STANDARD,3034,5010,06-AUG-26,APPROVED,06-AUG-26,N
110639,20640,STANDARD,3017,5004,09-JUL-26,APPROVED,09-JUL-26,N
110640,20641,STANDARD,3036,5011,05-AUG-26,APPROVED,05-AUG-26,N
110641,20642,STANDARD,3007,5030,16-JUL-26,APPROVED,16-JUL-26,N
110642,20643,STANDARD,3045,5011,29-JUL-26,APPROVED,29-JUL-26,N
110643,20644,STANDARD,3046,5018,11-AUG-26,APPROVED,11-AUG-26,N
110644,20645,STANDARD,3008,5003,03-SEP-26,APPROVED,03-SEP-26,N
110645,20646,STANDARD,3046,5002,21-JUL-26,APPROVED,21-JUL-26,N
110646,20647,STANDARD,3013,5007,04-AUG-26,APPROVED,04-AUG-26,N
110647,20648,STANDARD,3031,5003,19-JUL-26,APPROVED,19-JUL-26,N
110648,20649,STANDARD,3014,5032,28-SEP-26,APPROVED,28-SEP-26,N
110649,20650,STANDARD,3011,5025,23-SEP-26,APPROVED,23-SEP-26,N
110650,20651,STANDARD,3012,5010,16-AUG-26,APPROVED,16-AUG-26,N
110651,20652,STANDARD,3030,5031,02-AUG-26,APPROVED,02-AUG-26,N
110652,20653,STANDARD,3002,5031,27-AUG-26,APPROVED,27-AUG-26,N
110653,20654,STANDARD,3022,5002,30-AUG-26,APPROVED,30-AUG-26,N
110654,20655,STANDARD,3046,5037,05-JUL-26,APPROVED,05-JUL-26,N
110655,20656,STANDARD,3009,5004,13-AUG-26,APPROVED,13-AUG-26,N
110656,20657,STANDARD,3024,5037,28-SEP-26,APPROVED,28-SEP-26,N
110657,20658,STANDARD,3037,5004,23-SEP-26,APPROVED,23-SEP-26,N
110658,20659,STANDARD,3019,5025,03-SEP-26,APPROVED,03-SEP-26,N
110659,20660,STANDARD,3046,5018,22-SEP-26,APPROVED,22-SEP-26,N
110660,20661,STANDARD,3012,5030,06-JUL-26,APPROVED,06-JUL-26,N
110661,20662,STANDARD,3006,5011,27-SEP-26,APPROVED,27-SEP-26,N
110662,20663,STANDARD,3001,5030,28-JUL-26,APPROVED,28-JUL-26,N
110663,20664,STANDARD,3037,5027,01-JUL-26,APPROVED,01-JUL-26,N
110664,20665,STANDARD,3023,5035,20-SEP-26,APPROVED,20-SEP-26,N
110665,20666,STANDARD,3046,5027,16-AUG-26,APPROVED,16-AUG-26,N
110666,20667,STANDARD,3045,5033,11-AUG-26,APPROVED,11-AUG-26,N
110667,20668,STANDARD,3029,5007,02-JUL-26,APPROVED,02-JUL-26,N
110668,20669,STANDARD,3024,5009,23-AUG-26,APPROVED,23-AUG-26,N
110669,20670,STANDARD,3026,5032,31-AUG-26,APPROVED,31-AUG-26,N
110670,20671,STANDARD,3045,5018,26-JUL-26,APPROVED,26-JUL-26,N
110671,20672,STANDARD,3035,5011,17-SEP-26,APPROVED,17-SEP-26,N
110672,20673,STANDARD,3011,5005,10-SEP-26,APPROVED,10-SEP-26,N
110673,20674,STANDARD,3002,5001,02-AUG-26,APPROVED,02-AUG-26,N
110674,20675,STANDARD,3004,5004,26-AUG-26,APPROVED,26-AUG-26,N
110675,20676,STANDARD,3037,5030,23-JUL-26,APPROVED,23-JUL-26,N
110676,20677,STANDARD,3016,5027,16-JUL-26,APPROVED,16-JUL-26,N
110677,20678,STANDARD,3018,5009,27-AUG-26,APPROVED,27-AUG-26,N
110678,20679,STANDARD,3002,5027,15-JUL-26,APPROVED,15-JUL-26,N
110679,20680,STANDARD,3035,5018,24-AUG-26,APPROVED,24-AUG-26,N
110680,20681,STANDARD,3017,5002,07-SEP-26,APPROVED,07-SEP-26,N
110681,20682,STANDARD,3046,5011,30-AUG-26,APPROVED,30-AUG-26,N
110682,20683,STANDARD,3010,5007,21-SEP-26,APPROVED,21-SEP-26,N
110683,20684,STANDARD,3032,5018,15-JUL-26,APPROVED,15-JUL-26,N
110684,20685,STANDARD,3019,5002,17-SEP-26,APPROVED,17-SEP-26,N
110685,20686,STANDARD,3028,5005,04-AUG-26,APPROVED,04-AUG-26,N
110686,20687,STANDARD,3033,5010,30-JUL-26,APPROVED,30-JUL-26,N
110687,20688,STANDARD,3031,5016,31-AUG-26,APPROVED,31-AUG-26,N
110688,20689,STANDARD,3045,5037,07-SEP-26,APPROVED,07-SEP-26,N
110689,20690,STANDARD,3014,5009,23-AUG-26,APPROVED,23-AUG-26,N
110690,20691,STANDARD,3022,5016,26-JUL-26,APPROVED,26-JUL-26,N
110691,20692,STANDARD,3020,5005,26-AUG-26,APPROVED,26-AUG-26,N
110692,20693,STANDARD,3007,5031,20-JUL-26,APPROVED,20-JUL-26,N
110693,20694,STANDARD,3010,5025,30-JUL-26,APPROVED,30-JUL-26,N
110694,20695,STANDARD,3003,5001,01-JUL-26,APPROVED,01-JUL-26,N
110695,20696,STANDARD,3034,5032,18-AUG-26,APPROVED,18-AUG-26,N
110696,20697,STANDARD,3002,5025,10-SEP-26,APPROVED,10-SEP-26,N
110697,20698,STANDARD,3014,5030,09-AUG-26,APPROVED,09-AUG-26,N
110698,20699,STANDARD,3046,5037,17-SEP-26,APPROVED,17-SEP-26,N
110699,20700,STANDARD,3031,5017,16-JUL-26,APPROVED,16-JUL-26,N
110700,20701,STANDARD,3031,5009,05-AUG-26,APPROVED,05-AUG-26,N
110701,20702,STANDARD,3046,5009,23-SEP-26,APPROVED,23-SEP-26,N
110702,20703,STANDARD,3046,5026,07-SEP-26,APPROVED,07-SEP-26,N
110703,20704,STANDARD,3024,5029,25-AUG-26,APPROVED,25-AUG-26,N
110704,20705,STANDARD,3015,5003,23-JUL-26,APPROVED,23-JUL-26,N
110705,20706,STANDARD,3030,5033,07-SEP-26,APPROVED,07-SEP-26,N
110706,20707,STANDARD,3046,5032,27-JUL-26,APPROVED,27-JUL-26,N
110707,20708,STANDARD,3032,5009,15-SEP-26,APPROVED,15-SEP-26,N
110708,20709,STANDARD,3002,5030,31-AUG-26,APPROVED,31-AUG-26,N
110709,20710,STANDARD,3046,5010,06-JUL-26,APPROVED,06-JUL-26,N
110710,20711,STANDARD,3037,5001,15-SEP-26,APPROVED,15-SEP-26,N
110711,20712,STANDARD,3046,5033,10-SEP-26,APPROVED,10-SEP-26,N
110712,20713,STANDARD,3018,5014,18-AUG-26,APPROVED,18-AUG-26,N
110713,20714,STANDARD,3034,5002,19-AUG-26,APPROVED,19-AUG-26,N
110714,20715,STANDARD,3046,5032,12-JUL-26,APPROVED,12-JUL-26,N
110715,20716,STANDARD,3002,5037,30-AUG-26,APPROVED,30-AUG-26,N
110716,20717,STANDARD,3025,5014,30-AUG-26,APPROVED,30-AUG-26,N
110717,20718,STANDARD,3022,5018,15-JUL-26,APPROVED,15-JUL-26,N
110718,20719,STANDARD,3046,5010,30-JUL-26,APPROVED,30-JUL-26,N
110719,20720,STANDARD,3014,5016,20-JUL-26,APPROVED,20-JUL-26,N
110720,20721,STANDARD,3023,5001,02-AUG-26,APPROVED,02-AUG-26,N
110721,20722,STANDARD,3046,5002,22-SEP-26,APPROVED,22-SEP-26,N
110722,20723,STANDARD,3042,5009,20-JUL-26,APPROVED,20-JUL-26,N
110723,20724,STANDARD,3022,5038,22-SEP-26,APPROVED,22-SEP-26,N
110724,20725,STANDARD,3022,5037,10-SEP-26,APPROVED,10-SEP-26,N
110725,20726,STANDARD,3017,5001,22-JUL-26,APPROVED,22-JUL-26,N
110726,20727,STANDARD,3016,5031,26-JUL-26,APPROVED,26-JUL-26,N
110727,20728,STANDARD,3003,5030,16-JUL-26,APPROVED,16-JUL-26,N
110728,20729,STANDARD,3044,5002,16-JUL-26,APPROVED,16-JUL-26,N
110729,20730,STANDARD,3030,5038,10-AUG-26,APPROVED,10-AUG-26,N
110730,20731,STANDARD,3039,5010,06-SEP-26,APPROVED,06-SEP-26,N
110731,20732,STANDARD,3013,5017,15-SEP-26,APPROVED,15-SEP-26,N
110732,20733,STANDARD,3011,5010,06-AUG-26,APPROVED,06-AUG-26,N
110733,20734,STANDARD,3016,5031,15-SEP-26,APPROVED,15-SEP-26,N
110734,20735,STANDARD,3046,5025,30-AUG-26,APPROVED,30-AUG-26,N
110735,20736,STANDARD,3046,5004,09-AUG-26,APPROVED,09-AUG-26,N
110736,20737,STANDARD,3032,5029,03-SEP-26,APPROVED,03-SEP-26,N
110737,20738,STANDARD,3004,5031,12-JUL-26,APPROVED,12-JUL-26,N
110738,20739,STANDARD,3013,5010,13-JUL-26,APPROVED,13-JUL-26,N
110739,20740,STANDARD,3042,5003,26-JUL-26,APPROVED,26-JUL-26,N
110740,20741,STANDARD,3046,5025,14-JUL-26,APPROVED,14-JUL-26,N
110741,20742,STANDARD,3046,5032,27-JUL-26,APPROVED,27-JUL-26,N
110742,20743,STANDARD,3013,5005,21-SEP-26,APPROVED,21-SEP-26,N
110743,20744,STANDARD,3040,5003,13-JUL-26,APPROVED,13-JUL-26,N
110744,20745,STANDARD,3046,5014,02-SEP-26,APPROVED,02-SEP-26,N
110745,20746,STANDARD,3038,5004,13-SEP-26,APPROVED,13-SEP-26,N
110746,20747,STANDARD,3031,5004,05-JUL-26,APPROVED,05-JUL-26,N
110747,20748,STANDARD,3041,5009,19-AUG-26,APPROVED,19-AUG-26,N
110748,20749,STANDARD,3046,5012,18-AUG-26,APPROVED,18-AUG-26,N
110749,20750,STANDARD,3021,5031,05-JUL-26,APPROVED,05-JUL-26,N
110750,20751,STANDARD,3029,5009,09-AUG-26,APPROVED,09-AUG-26,N
110751,20752,STANDARD,3046,5002,01-SEP-26,APPROVED,01-SEP-26,N
110752,20753,STANDARD,3046,5026,28-SEP-26,APPROVED,28-SEP-26,N
110753,20754,STANDARD,3008,5027,11-AUG-26,APPROVED,11-AUG-26,N
110754,20755,STANDARD,3029,5011,02-JUL-26,APPROVED,02-JUL-26,N
110755,20756,STANDARD,3015,5038,07-SEP-26,APPROVED,07-SEP-26,N
110756,20757,STANDARD,3046,5037,29-SEP-26,APPROVED,29-SEP-26,N
110757,20758,STANDARD,3021,5018,20-SEP-26,APPROVED,20-SEP-26,N
110758,20759,STANDARD,3039,5037,17-SEP-26,APPROVED,17-SEP-26,N
110759,20760,STANDARD,3016,5003,06-JUL-26,APPROVED,06-JUL-26,N
110760,20761,STANDARD,3038,5026,12-AUG-26,APPROVED,12-AUG-26,N
110761,20762,STANDARD,3046,5005,14-SEP-26,APPROVED,14-SEP-26,N
110762,20763,STANDARD,3001,5012,10-SEP-26,APPROVED,10-SEP-26,N
110763,20764,STANDARD,3027,5012,09-JUL-26,APPROVED,09-JUL-26,N
110764,20765,STANDARD,3036,5025,21-JUL-26,APPROVED,21-JUL-26,N
110765,20766,STANDARD,3038,5017,04-AUG-26,APPROVED,04-AUG-26,N
110766,20767,STANDARD,3046,5025,24-SEP-26,APPROVED,24-SEP-26,N
110767,20768,STANDARD,3036,5012,27-JUL-26,APPROVED,27-JUL-26,N
110768,20769,STANDARD,3027,5002,15-SEP-26,APPROVED,15-SEP-26,N
110769,20770,STANDARD,3029,5014,25-AUG-26,APPROVED,25-AUG-26,N
110770,20771,STANDARD,3046,5026,16-JUL-26,APPROVED,16-JUL-26,N
110771,20772,STANDARD,3046,5018,03-AUG-26,APPROVED,03-AUG-26,N
110772,20773,STANDARD,3042,5018,16-JUL-26,APPROVED,16-JUL-26,N
110773,20774,STANDARD,3044,5011,03-SEP-26,APPROVED,03-SEP-26,N
110774,20775,STANDARD,3035,5027,26-JUL-26,APPROVED,26-JUL-26,N
110775,20776,STANDARD,3015,5010,03-SEP-26,APPROVED,03-SEP-26,N
110776,20777,STANDARD,3046,5010,17-AUG-26,APPROVED,17-AUG-26,N
110777,20778,STANDARD,3046,5012,22-SEP-26,APPROVED,22-SEP-26,N
110778,20779,STANDARD,3035,5009,06-JUL-26,APPROVED,06-JUL-26,N
110779,20780,STANDARD,3046,5035,17-AUG-26,APPROVED,17-AUG-26,N
110780,20781,STANDARD,3007,5017,02-JUL-26,APPROVED,02-JUL-26,N
110781,20782,STANDARD,3001,5029,27-AUG-26,APPROVED,27-AUG-26,N
110782,20783,STANDARD,3046,5030,02-SEP-26,APPROVED,02-SEP-26,N
110783,20784,STANDARD,3034,5025,16-JUL-26,APPROVED,16-JUL-26,N
110784,20785,STANDARD,3033,5025,22-JUL-26,APPROVED,22-JUL-26,N
110785,20786,STANDARD,3041,5002,03-SEP-26,APPROVED,03-SEP-26,N
110786,20787,STANDARD,3045,5038,21-SEP-26,APPROVED,21-SEP-26,N
110787,20788,STANDARD,3023,5014,09-JUL-26,APPROVED,09-JUL-26,N
110788,20789,STANDARD,3012,5037,09-AUG-26,APPROVED,09-AUG-26,N
110789,20790,STANDARD,3036,5032,05-AUG-26,APPROVED,05-AUG-26,N
110790,20791,STANDARD,3001,5007,06-SEP-26,APPROVED,06-SEP-26,N
110791,20792,STANDARD,3036,5027,03-AUG-26,APPROVED,03-AUG-26,N
110792,20793,STANDARD,3005,5002,30-AUG-26,APPROVED,30-AUG-26,N
110793,20794,STANDARD,3046,5016,23-SEP-26,APPROVED,23-SEP-26,N
110794,20795,STANDARD,3007,5007,04-AUG-26,APPROVED,04-AUG-26,N
110795,20796,STANDARD,3021,5010,17-AUG-26,APPROVED,17-AUG-26,N
110796,20797,STANDARD,3011,5010,23-AUG-26,APPROVED,23-AUG-26,N
110797,20798,STANDARD,3039,5026,02-AUG-26,APPROVED,02-AUG-26,N
110798,20799,STANDARD,3031,5038,21-SEP-26,APPROVED,21-SEP-26,N
110799,20800,STANDARD,3031,5004,20-AUG-26,APPROVED,20-AUG-26,N
110800,20801,STANDARD,3020,5016,18-AUG-26,APPROVED,18-AUG-26,N
110801,20802,STANDARD,3016,5014,26-JUL-26,APPROVED,26-JUL-26,N
110802,20803,STANDARD,3016,5018,30-AUG-26,APPROVED,30-AUG-26,N
110803,20804,STANDARD,3025,5032,25-AUG-26,APPROVED,25-AUG-26,N
110804,20805,STANDARD,3022,5014,19-AUG-26,APPROVED,19-AUG-26,N
110805,20806,STANDARD,3020,5025,27-SEP-26,APPROVED,27-SEP-26,N
110806,20807,STANDARD,3036,5010,16-SEP-26,APPROVED,16-SEP-26,N
110807,20808,STANDARD,3046,5011,06-AUG-26,APPROVED,06-AUG-26,N
110808,20809,STANDARD,3044,5031,15-JUL-26,APPROVED,15-JUL-26,N
110809,20810,STANDARD,3021,5011,14-SEP-26,APPROVED,14-SEP-26,N
110810,20811,STANDARD,3022,5005,09-AUG-26,APPROVED,09-AUG-26,N
110811,20812,STANDARD,3024,5010,10-AUG-26,APPROVED,10-AUG-26,N
110812,20813,STANDARD,3015,5027,08-JUL-26,APPROVED,08-JUL-26,N
110813,20814,STANDARD,3039,5010,20-JUL-26,APPROVED,20-JUL-26,N
110814,20815,STANDARD,3046,5016,18-AUG-26,APPROVED,18-AUG-26,N
110815,20816,STANDARD,3025,5011,02-AUG-26,APPROVED,02-AUG-26,N
110816,20817,STANDARD,3031,5005,20-JUL-26,APPROVED,20-JUL-26,N
110817,20818,STANDARD,3032,5004,13-AUG-26,APPROVED,13-AUG-26,N
110818,20819,STANDARD,3014,5030,23-AUG-26,APPROVED,23-AUG-26,N
110819,20820,STANDARD,3008,5010,28-JUL-26,APPROVED,28-JUL-26,N
110820,20821,STANDARD,3032,5012,08-SEP-26,APPROVED,08-SEP-26,N
110821,20822,STANDARD,3046,5011,02-SEP-26,APPROVED,02-SEP-26,N
110822,20823,STANDARD,3004,5031,27-AUG-26,APPROVED,27-AUG-26,N
110823,20824,STANDARD,3013,5007,02-JUL-26,APPROVED,02-JUL-26,N
110824,20825,STANDARD,3025,5018,16-AUG-26,APPROVED,16-AUG-26,N
110825,20826,STANDARD,3008,5014,09-AUG-26,APPROVED,09-AUG-26,N
110826,20827,STANDARD,3036,5037,30-JUL-26,APPROVED,30-JUL-26,N
110827,20828,STANDARD,3008,5012,20-SEP-26,APPROVED,20-SEP-26,N
110828,20829,STANDARD,3038,5018,21-SEP-26,APPROVED,21-SEP-26,N
110829,20830,STANDARD,3041,5010,27-SEP-26,APPROVED,27-SEP-26,N
110830,20831,STANDARD,3046,5037,26-JUL-26,APPROVED,26-JUL-26,N
110831,20832,STANDARD,3046,5031,09-AUG-26,APPROVED,09-AUG-26,N
110832,20833,STANDARD,3008,5010,28-SEP-26,APPROVED,28-SEP-26,N
110833,20834,STANDARD,3033,5033,07-SEP-26,APPROVED,07-SEP-26,N
110834,20835,STANDARD,3030,5003,27-JUL-26,APPROVED,27-JUL-26,N
110835,20836,STANDARD,3004,5001,09-JUL-26,APPROVED,09-JUL-26,N
110836,20837,STANDARD,3018,5029,26-AUG-26,APPROVED,26-AUG-26,N
110837,20838,STANDARD,3043,5016,14-SEP-26,APPROVED,14-SEP-26,N
110838,20839,STANDARD,3014,5016,30-SEP-26,APPROVED,30-SEP-26,N
110839,20840,STANDARD,3020,5025,08-JUL-26,APPROVED,08-JUL-26,N
110840,20841,STANDARD,3027,5004,12-JUL-26,APPROVED,12-JUL-26,N
110841,20842,STANDARD,3001,5005,27-SEP-26,APPROVED,27-SEP-26,N
110842,20843,STANDARD,3006,5017,13-SEP-26,APPROVED,13-SEP-26,N
110843,20844,STANDARD,3029,5003,17-AUG-26,APPROVED,17-AUG-26,N
110844,20845,STANDARD,3038,5004,19-JUL-26,APPROVED,19-JUL-26,N
110845,20846,STANDARD,3011,5025,13-JUL-26,APPROVED,13-JUL-26,N
110846,20847,STANDARD,3011,5026,01-JUL-26,APPROVED,01-JUL-26,N
110847,20848,STANDARD,3037,5007,02-JUL-26,APPROVED,02-JUL-26,N
110848,20849,STANDARD,3046,5028,02-AUG-26,APPROVED,02-AUG-26,N
110849,20850,STANDARD,3001,5037,17-SEP-26,APPROVED,17-SEP-26,N
110850,20851,STANDARD,3035,5029,28-JUL-26,APPROVED,28-JUL-26,N
110851,20852,STANDARD,3031,5028,27-AUG-26,APPROVED,27-AUG-26,N
110852,20853,STANDARD,3031,5033,30-JUL-26,APPROVED,30-JUL-26,N
110853,20854,STANDARD,3046,5030,06-AUG-26,APPROVED,06-AUG-26,N
110854,20855,STANDARD,3031,5037,09-AUG-26,APPROVED,09-AUG-26,N
110855,20856,STANDARD,3021,5028,22-SEP-26,APPROVED,22-SEP-26,N
110856,20857,STANDARD,3013,5029,27-SEP-26,APPROVED,27-SEP-26,N
110857,20858,STANDARD,3043,5027,02-SEP-26,APPROVED,02-SEP-26,N
110858,20859,STANDARD,3001,5017,20-AUG-26,APPROVED,20-AUG-26,N
110859,20860,STANDARD,3016,5016,03-AUG-26,APPROVED,03-AUG-26,N
110860,20861,STANDARD,3008,5001,12-AUG-26,APPROVED,12-AUG-26,N
110861,20862,STANDARD,3013,5025,24-SEP-26,APPROVED,24-SEP-26,N
110862,20863,STANDARD,3032,5004,16-JUL-26,APPROVED,16-JUL-26,N
110863,20864,STANDARD,3041,5038,14-SEP-26,APPROVED,14-SEP-26,N
110864,20865,STANDARD,3003,5016,21-JUL-26,APPROVED,21-JUL-26,N
110865,20866,STANDARD,3039,5014,06-JUL-26,APPROVED,06-JUL-26,N
110866,20867,STANDARD,3043,5011,16-SEP-26,APPROVED,16-SEP-26,N
110867,20868,STANDARD,3021,5012,17-AUG-26,APPROVED,17-AUG-26,N
110868,20869,STANDARD,3035,5035,13-AUG-26,APPROVED,13-AUG-26,N
110869,20870,STANDARD,3046,5017,14-JUL-26,APPROVED,14-JUL-26,N
110870,20871,STANDARD,3020,5030,13-SEP-26,APPROVED,13-SEP-26,N
110871,20872,STANDARD,3045,5028,30-JUL-26,APPROVED,30-JUL-26,N
110872,20873,STANDARD,3006,5002,24-AUG-26,APPROVED,24-AUG-26,N
110873,20874,STANDARD,3022,5031,16-SEP-26,APPROVED,16-SEP-26,N
110874,20875,STANDARD,3023,5016,14-SEP-26,APPROVED,14-SEP-26,N
110875,20876,STANDARD,3009,5003,14-SEP-26,APPROVED,14-SEP-26,N
110876,20877,STANDARD,3045,5018,15-SEP-26,APPROVED,15-SEP-26,N
110877,20878,STANDARD,3001,5005,19-AUG-26,APPROVED,19-AUG-26,N
110878,20879,STANDARD,3046,5017,29-SEP-26,APPROVED,29-SEP-26,N
110879,20880,STANDARD,3006,5003,08-SEP-26,APPROVED,08-SEP-26,N
110880,20881,STANDARD,3033,5025,08-SEP-26,APPROVED,08-SEP-26,N
110881,20882,STANDARD,3034,5009,09-SEP-26,APPROVED,09-SEP-26,N
110882,20883,STANDARD,3037,5033,04-AUG-26,APPROVED,04-AUG-26,N
110883,20884,STANDARD,3013,5012,24-SEP-26,APPROVED,24-SEP-26,N
110884,20885,STANDARD,3015,5001,03-SEP-26,APPROVED,03-SEP-26,N
110885,20886,STANDARD,3008,5001,13-SEP-26,APPROVED,13-SEP-26,N
110886,20887,STANDARD,3028,5029,29-JUL-26,APPROVED,29-JUL-26,N
110887,20888,STANDARD,3016,5028,30-JUL-26,APPROVED,30-JUL-26,N
110888,20889,STANDARD,3012,5030,06-SEP-26,APPROVED,06-SEP-26,N
110889,20890,STANDARD,3001,5011,24-AUG-26,APPROVED,24-AUG-26,N
110890,20891,STANDARD,3025,5009,16-SEP-26,APPROVED,16-SEP-26,N
110891,20892,STANDARD,3044,5009,30-JUL-26,APPROVED,30-JUL-26,N
110892,20893,STANDARD,3029,5005,19-JUL-26,APPROVED,19-JUL-26,N
110893,20894,STANDARD,3007,5011,27-JUL-26,APPROVED,27-JUL-26,N
110894,20895,STANDARD,3027,5001,27-AUG-26,APPROVED,27-AUG-26,N
110895,20896,STANDARD,3033,5018,04-AUG-26,APPROVED,04-AUG-26,N
110896,20897,STANDARD,3032,5033,15-SEP-26,APPROVED,15-SEP-26,N
110897,20898,STANDARD,3037,5028,26-JUL-26,APPROVED,26-JUL-26,N
110898,20899,STANDARD,3013,5025,30-SEP-26,APPROVED,30-SEP-26,N
110899,20900,STANDARD,3045,5002,20-JUL-26,APPROVED,20-JUL-26,N
110900,20901,STANDARD,3002,5018,20-AUG-26,APPROVED,20-AUG-26,N
110901,20902,STANDARD,3046,5031,02-JUL-26,APPROVED,02-JUL-26,N
110902,20903,STANDARD,3046,5033,08-JUL-26,APPROVED,08-JUL-26,N
110903,20904,STANDARD,3009,5018,16-JUL-26,APPROVED,16-JUL-26,N
110904,20905,STANDARD,3002,5004,23-SEP-26,APPROVED,23-SEP-26,N
110905,20906,STANDARD,3018,5030,05-AUG-26,APPROVED,05-AUG-26,N
110906,20907,STANDARD,3044,5018,20-JUL-26,APPROVED,20-JUL-26,N
110907,20908,STANDARD,3028,5001,23-AUG-26,APPROVED,23-AUG-26,N
110908,20909,STANDARD,3002,5017,14-JUL-26,APPROVED,14-JUL-26,N
110909,20910,STANDARD,3008,5009,30-AUG-26,APPROVED,30-AUG-26,N
110910,20911,STANDARD,3046,5031,07-JUL-26,APPROVED,07-JUL-26,N
110911,20912,STANDARD,3029,5033,15-SEP-26,APPROVED,15-SEP-26,N
110912,20913,STANDARD,3046,5012,20-AUG-26,APPROVED,20-AUG-26,N
110913,20914,STANDARD,3038,5025,30-SEP-26,APPROVED,30-SEP-26,N
110914,20915,STANDARD,3008,5033,19-AUG-26,APPROVED,19-AUG-26,N
110915,20916,STANDARD,3016,5014,20-SEP-26,APPROVED,20-SEP-26,N
110916,20917,STANDARD,3038,5009,05-JUL-26,APPROVED,05-JUL-26,N
110917,20918,STANDARD,3018,5010,04-AUG-26,APPROVED,04-AUG-26,N
110918,20919,STANDARD,3025,5007,16-JUL-26,APPROVED,16-JUL-26,N
110919,20920,STANDARD,3010,5012,08-SEP-26,APPROVED,08-SEP-26,N
110920,20921,STANDARD,3003,5007,03-AUG-26,APPROVED,03-AUG-26,N
110921,20922,STANDARD,3038,5030,06-SEP-26,APPROVED,06-SEP-26,N
110922,20923,STANDARD,3003,5028,09-JUL-26,APPROVED,09-JUL-26,N
110923,20924,STANDARD,3046,5009,27-JUL-26,APPROVED,27-JUL-26,N
110924,20925,STANDARD,3008,5016,16-JUL-26,APPROVED,16-JUL-26,N
110925,20926,STANDARD,3026,5014,27-SEP-26,APPROVED,27-SEP-26,N
110926,20927,STANDARD,3023,5007,20-AUG-26,APPROVED,20-AUG-26,N
110927,20928,STANDARD,3032,5011,05-JUL-26,APPROVED,05-JUL-26,N
110928,20929,STANDARD,3045,5005,14-SEP-26,APPROVED,14-SEP-26,N
110929,20930,STANDARD,3011,5027,10-SEP-26,APPROVED,10-SEP-26,N
110930,20931,STANDARD,3027,5025,03-AUG-26,APPROVED,03-AUG-26,N
110931,20932,STANDARD,3022,5026,12-JUL-26,APPROVED,12-JUL-26,N
110932,20933,STANDARD,3020,5028,06-JUL-26,APPROVED,06-JUL-26,N
110933,20934,STANDARD,3013,5037,10-AUG-26,APPROVED,10-AUG-26,N
110934,20935,STANDARD,3026,5031,06-SEP-26,APPROVED,06-SEP-26,N
110935,20936,STANDARD,3030,5037,13-JUL-26,APPROVED,13-JUL-26,N
110936,20937,STANDARD,3031,5014,21-SEP-26,APPROVED,21-SEP-26,N
110937,20938,STANDARD,3005,5012,27-AUG-26,APPROVED,27-AUG-26,N
110938,20939,STANDARD,3024,5016,24-SEP-26,APPROVED,24-SEP-26,N
110939,20940,STANDARD,3039,5004,07-JUL-26,APPROVED,07-JUL-26,N
110940,20941,STANDARD,3016,5007,19-JUL-26,APPROVED,19-JUL-26,N
110941,20942,STANDARD,3046,5010,30-JUL-26,APPROVED,30-JUL-26,N
110942,20943,STANDARD,3012,5004,22-SEP-26,APPROVED,22-SEP-26,N
110943,20944,STANDARD,3023,5007,05-AUG-26,APPROVED,05-AUG-26,N
110944,20945,STANDARD,3011,5014,23-JUL-26,APPROVED,23-JUL-26,N
110945,20946,STANDARD,3004,5033,20-SEP-26,APPROVED,20-SEP-26,N
110946,20947,STANDARD,3044,5029,20-JUL-26,APPROVED,20-JUL-26,N
110947,20948,STANDARD,3008,5029,15-JUL-26,APPROVED,15-JUL-26,N
110948,20949,STANDARD,3046,5009,01-JUL-26,APPROVED,01-JUL-26,N
110949,20950,STANDARD,3019,5003,28-JUL-26,APPROVED,28-JUL-26,N
110950,20951,STANDARD,3034,5007,22-JUL-26,APPROVED,22-JUL-26,N
110951,20952,STANDARD,3006,5033,14-SEP-26,APPROVED,14-SEP-26,N
110952,20953,STANDARD,3046,5025,19-AUG-26,APPROVED,19-AUG-26,N
110953,20954,STANDARD,3046,5001,09-JUL-26,APPROVED,09-JUL-26,N
110954,20955,STANDARD,3034,5018,17-AUG-26,APPROVED,17-AUG-26,N
110955,20956,STANDARD,3008,5002,30-SEP-26,APPROVED,30-SEP-26,N
110956,20957,STANDARD,3046,5035,21-JUL-26,APPROVED,21-JUL-26,N
110957,20958,STANDARD,3019,5027,06-JUL-26,APPROVED,06-JUL-26,N
110958,20959,STANDARD,3019,5035,13-JUL-26,APPROVED,13-JUL-26,N
110959,20960,STANDARD,3046,5004,30-JUL-26,APPROVED,30-JUL-26,N
110960,20961,STANDARD,3008,5005,10-AUG-26,APPROVED,10-AUG-26,N
110961,20962,STANDARD,3046,5027,30-SEP-26,APPROVED,30-SEP-26,N
110962,20963,STANDARD,3005,5002,16-SEP-26,APPROVED,16-SEP-26,N
110963,20964,STANDARD,3020,5009,22-SEP-26,APPROVED,22-SEP-26,N
110964,20965,STANDARD,3011,5025,10-AUG-26,APPROVED,10-AUG-26,N
110965,20966,STANDARD,3021,5004,30-JUL-26,APPROVED,30-JUL-26,N
110966,20967,STANDARD,3018,5002,01-SEP-26,APPROVED,01-SEP-26,N
110967,20968,STANDARD,3033,5030,13-SEP-26,APPROVED,13-SEP-26,N
110968,20969,STANDARD,3046,5003,07-SEP-26,APPROVED,07-SEP-26,N
110969,20970,STANDARD,3041,5009,08-JUL-26,APPROVED,08-JUL-26,N
110970,20971,STANDARD,3001,5001,21-SEP-26,APPROVED,21-SEP-26,N
110971,20972,STANDARD,3008,5005,14-SEP-26,APPROVED,14-SEP-26,N
110972,20973,STANDARD,3046,5033,20-JUL-26,APPROVED,20-JUL-26,N
110973,20974,STANDARD,3010,5001,23-JUL-26,APPROVED,23-JUL-26,N
110974,20975,STANDARD,3038,5035,01-SEP-26,APPROVED,01-SEP-26,N
110975,20976,STANDARD,3017,5017,04-AUG-26,APPROVED,04-AUG-26,N
110976,20977,STANDARD,3021,5029,31-AUG-26,APPROVED,31-AUG-26,N
110977,20978,STANDARD,3032,5032,11-AUG-26,APPROVED,11-AUG-26,N
110978,20979,STANDARD,3045,5011,08-SEP-26,APPROVED,08-SEP-26,N
110979,20980,STANDARD,3013,5032,06-AUG-26,APPROVED,06-AUG-26,N
110980,20981,STANDARD,3018,5035,25-AUG-26,APPROVED,25-AUG-26,N
110981,20982,STANDARD,3018,5032,19-JUL-26,APPROVED,19-JUL-26,N
110982,20983,STANDARD,3042,5033,14-SEP-26,APPROVED,14-SEP-26,N
110983,20984,STANDARD,3034,5028,27-JUL-26,APPROVED,27-JUL-26,N
110984,20985,STANDARD,3001,5004,02-SEP-26,APPROVED,02-SEP-26,N
110985,20986,STANDARD,3017,5002,20-JUL-26,APPROVED,20-JUL-26,N
110986,20987,STANDARD,3046,5025,30-SEP-26,APPROVED,30-SEP-26,N
110987,20988,STANDARD,3017,5029,23-AUG-26,APPROVED,23-AUG-26,N
110988,20989,STANDARD,3046,5004,27-JUL-26,APPROVED,27-JUL-26,N
110989,20990,STANDARD,3018,5028,02-JUL-26,APPROVED,02-JUL-26,N
110990,20991,STANDARD,3021,5032,15-JUL-26,APPROVED,15-JUL-26,N
110991,20992,STANDARD,3007,5026,15-JUL-26,APPROVED,15-JUL-26,N
110992,20993,STANDARD,3041,5011,02-SEP-26,APPROVED,02-SEP-26,N
110993,20994,STANDARD,3002,5028,07-SEP-26,APPROVED,07-SEP-26,N
110994,20995,STANDARD,3018,5032,27-AUG-26,APPROVED,27-AUG-26,N
110995,20996,STANDARD,3018,5002,31-AUG-26,APPROVED,31-AUG-26,N
110996,20997,STANDARD,3046,5026,13-JUL-26,APPROVED,13-JUL-26,N
110997,20998,STANDARD,3033,5025,02-SEP-26,APPROVED,02-SEP-26,N
110998,20999,STANDARD,3038,5014,23-SEP-26,APPROVED,23-SEP-26,N
110999,21000,STANDARD,3021,5026,16-SEP-26,APPROVED,16-SEP-26,N
111000,21001,STANDARD,3045,5018,06-SEP-26,APPROVED,06-SEP-26,N
111001,21002,STANDARD,3045,5038,07-JUL-26,APPROVED,07-JUL-26,N
111002,21003,STANDARD,3004,5038,17-AUG-26,APPROVED,17-AUG-26,N
111003,21004,STANDARD,3046,5012,14-SEP-26,APPROVED,14-SEP-26,N
111004,21005,STANDARD,3013,5014,27-SEP-26,APPROVED,27-SEP-26,N
111005,21006,STANDARD,3012,5033,09-SEP-26,APPROVED,09-SEP-26,N
111006,21007,STANDARD,3002,5033,06-SEP-26,APPROVED,06-SEP-26,N
111007,21008,STANDARD,3004,5014,26-JUL-26,APPROVED,26-JUL-26,N
111008,21009,STANDARD,3046,5009,18-AUG-26,APPROVED,18-AUG-26,N
111009,21010,STANDARD,3046,5004,23-AUG-26,APPROVED,23-AUG-26,N
111010,21011,STANDARD,3021,5027,11-AUG-26,APPROVED,11-AUG-26,N
111011,21012,STANDARD,3022,5004,03-SEP-26,APPROVED,03-SEP-26,N
111012,21013,STANDARD,3014,5028,06-AUG-26,APPROVED,06-AUG-26,N
111013,21014,STANDARD,3030,5007,13-JUL-26,APPROVED,13-JUL-26,N
111014,21015,STANDARD,3006,5026,05-AUG-26,APPROVED,05-AUG-26,N
111015,21016,STANDARD,3021,5001,22-JUL-26,APPROVED,22-JUL-26,N
111016,21017,STANDARD,3043,5005,24-AUG-26,APPROVED,24-AUG-26,N
111017,21018,STANDARD,3022,5025,11-AUG-26,APPROVED,11-AUG-26,N
111018,21019,STANDARD,3046,5033,17-AUG-26,APPROVED,17-AUG-26,N
111019,21020,STANDARD,3024,5011,21-JUL-26,APPROVED,21-JUL-26,N
111020,21021,STANDARD,3046,5025,23-AUG-26,APPROVED,23-AUG-26,N
111021,21022,STANDARD,3041,5037,11-AUG-26,APPROVED,11-AUG-26,N
111022,21023,STANDARD,3032,5027,16-JUL-26,APPROVED,16-JUL-26,N
111023,21024,STANDARD,3046,5011,22-JUL-26,APPROVED,22-JUL-26,N
111024,21025,STANDARD,3018,5017,04-AUG-26,APPROVED,04-AUG-26,N
111025,21026,STANDARD,3038,5007,25-AUG-26,APPROVED,25-AUG-26,N
111026,21027,STANDARD,3046,5037,18-AUG-26,APPROVED,18-AUG-26,N
111027,21028,STANDARD,3013,5027,29-SEP-26,APPROVED,29-SEP-26,N
111028,21029,STANDARD,3025,5003,02-SEP-26,APPROVED,02-SEP-26,N
111029,21030,STANDARD,3006,5002,22-JUL-26,APPROVED,22-JUL-26,N
111030,21031,STANDARD,3040,5025,06-SEP-26,APPROVED,06-SEP-26,N
111031,21032,STANDARD,3001,5003,21-JUL-26,APPROVED,21-JUL-26,N
111032,21033,STANDARD,3028,5009,29-SEP-26,APPROVED,29-SEP-26,N
111033,21034,STANDARD,3044,5007,12-AUG-26,APPROVED,12-AUG-26,N
111034,21035,STANDARD,3025,5025,28-SEP-26,APPROVED,28-SEP-26,N
111035,21036,STANDARD,3017,5002,24-AUG-26,APPROVED,24-AUG-26,N
111036,21037,STANDARD,3008,5005,13-JUL-26,APPROVED,13-JUL-26,N
111037,21038,STANDARD,3004,5028,06-JUL-26,APPROVED,06-JUL-26,N
111038,21039,STANDARD,3040,5009,05-JUL-26,APPROVED,05-JUL-26,N
111039,21040,STANDARD,3025,5033,13-AUG-26,APPROVED,13-AUG-26,N
111040,21041,STANDARD,3006,5035,30-JUL-26,APPROVED,30-JUL-26,N
111041,21042,STANDARD,3042,5016,09-JUL-26,APPROVED,09-JUL-26,N
111042,21043,STANDARD,3025,5028,18-AUG-26,APPROVED,18-AUG-26,N
111043,21044,STANDARD,3011,5005,18-AUG-26,APPROVED,18-AUG-26,N
111044,21045,STANDARD,3022,5012,10-AUG-26,APPROVED,10-AUG-26,N
111045,21046,STANDARD,3015,5007,16-JUL-26,APPROVED,16-JUL-26,N
111046,21047,STANDARD,3046,5004,21-SEP-26,APPROVED,21-SEP-26,N
111047,21048,STANDARD,3014,5029,16-SEP-26,APPROVED,16-SEP-26,N
111048,21049,STANDARD,3043,5004,12-JUL-26,APPROVED,12-JUL-26,N
111049,21050,STANDARD,3039,5025,13-AUG-26,APPROVED,13-AUG-26,N
111050,21051,STANDARD,3046,5001,15-JUL-26,APPROVED,15-JUL-26,N
111051,21052,STANDARD,3046,5038,23-AUG-26,APPROVED,23-AUG-26,N
111052,21053,STANDARD,3030,5012,07-SEP-26,APPROVED,07-SEP-26,N
111053,21054,STANDARD,3020,5001,29-JUL-26,APPROVED,29-JUL-26,N
111054,21055,STANDARD,3018,5012,24-SEP-26,APPROVED,24-SEP-26,N
111055,21056,STANDARD,3046,5010,28-JUL-26,APPROVED,28-JUL-26,N
111056,21057,STANDARD,3040,5003,18-AUG-26,APPROVED,18-AUG-26,N
111057,21058,STANDARD,3033,5038,25-AUG-26,APPROVED,25-AUG-26,N
111058,21059,STANDARD,3021,5038,24-AUG-26,APPROVED,24-AUG-26,N
111059,21060,STANDARD,3010,5004,24-SEP-26,APPROVED,24-SEP-26,N
111060,21061,STANDARD,3006,5012,13-AUG-26,APPROVED,13-AUG-26,N
111061,21062,STANDARD,3032,5027,31-AUG-26,APPROVED,31-AUG-26,N
111062,21063,STANDARD,3046,5010,09-SEP-26,APPROVED,09-SEP-26,N
111063,21064,STANDARD,3019,5032,22-JUL-26,APPROVED,22-JUL-26,N
111064,21065,STANDARD,3023,5025,20-AUG-26,APPROVED,20-AUG-26,N
111065,21066,STANDARD,3022,5007,05-AUG-26,APPROVED,05-AUG-26,N
111066,21067,STANDARD,3004,5038,22-JUL-26,APPROVED,22-JUL-26,N
111067,21068,STANDARD,3027,5001,15-SEP-26,APPROVED,15-SEP-26,N
111068,21069,STANDARD,3021,5004,09-JUL-26,APPROVED,09-JUL-26,N
111069,21070,STANDARD,3008,5011,15-SEP-26,APPROVED,15-SEP-26,N
111070,21071,STANDARD,3043,5002,13-SEP-26,APPROVED,13-SEP-26,N
111071,21072,STANDARD,3040,5002,08-SEP-26,APPROVED,08-SEP-26,N
111072,21073,STANDARD,3046,5003,15-SEP-26,APPROVED,15-SEP-26,N
111073,21074,STANDARD,3006,5032,27-AUG-26,APPROVED,27-AUG-26,N
111074,21075,STANDARD,3038,5025,05-JUL-26,APPROVED,05-JUL-26,N
111075,21076,STANDARD,3005,5010,24-SEP-26,APPROVED,24-SEP-26,N
111076,21077,STANDARD,3024,5002,15-JUL-26,APPROVED,15-JUL-26,N
111077,21078,STANDARD,3006,5001,21-JUL-26,APPROVED,21-JUL-26,N
111078,21079,STANDARD,3033,5010,01-SEP-26,APPROVED,01-SEP-26,N
111079,21080,STANDARD,3043,5005,02-JUL-26,APPROVED,02-JUL-26,N
111080,21081,STANDARD,3046,5038,23-AUG-26,APPROVED,23-AUG-26,N
111081,21082,STANDARD,3026,5029,22-JUL-26,APPROVED,22-JUL-26,N
111082,21083,STANDARD,3046,5002,21-SEP-26,APPROVED,21-SEP-26,N
111083,21084,STANDARD,3042,5009,03-AUG-26,APPROVED,03-AUG-26,N
111084,21085,STANDARD,3039,5003,13-AUG-26,APPROVED,13-AUG-26,N
111085,21086,STANDARD,3033,5012,16-SEP-26,APPROVED,16-SEP-26,N
111086,21087,STANDARD,3038,5005,10-AUG-26,APPROVED,10-AUG-26,N
111087,21088,STANDARD,3015,5032,26-JUL-26,APPROVED,26-JUL-26,N
111088,21089,STANDARD,3046,5016,27-SEP-26,APPROVED,27-SEP-26,N
111089,21090,STANDARD,3024,5004,20-AUG-26,APPROVED,20-AUG-26,N
111090,21091,STANDARD,3018,5033,05-AUG-26,APPROVED,05-AUG-26,N
111091,21092,STANDARD,3025,5011,14-JUL-26,APPROVED,14-JUL-26,N
111092,21093,STANDARD,3020,5038,12-AUG-26,APPROVED,12-AUG-26,N
111093,21094,STANDARD,3046,5038,23-AUG-26,APPROVED,23-AUG-26,N
111094,21095,STANDARD,3034,5033,16-JUL-26,APPROVED,16-JUL-26,N
111095,21096,STANDARD,3036,5029,07-SEP-26,APPROVED,07-SEP-26,N
111096,21097,STANDARD,3036,5010,31-AUG-26,APPROVED,31-AUG-26,N
111097,21098,STANDARD,3016,5026,20-SEP-26,APPROVED,20-SEP-26,N
111098,21099,STANDARD,3039,5037,24-SEP-26,APPROVED,24-SEP-26,N
111099,21100,STANDARD,3028,5010,11-AUG-26,APPROVED,11-AUG-26,N
111100,21101,STANDARD,3004,5017,22-JUL-26,APPROVED,22-JUL-26,N
111101,21102,STANDARD,3004,5017,26-JUL-26,APPROVED,26-JUL-26,N
111102,21103,STANDARD,3004,5017,26-JUL-26,APPROVED,26-JUL-26,N
111103,21104,STANDARD,3022,5025,16-SEP-26,APPROVED,16-SEP-26,N
111104,21105,STANDARD,3022,5025,20-SEP-26,APPROVED,20-SEP-26,N
111105,21106,STANDARD,3022,5025,20-SEP-26,APPROVED,20-SEP-26,N
111106,21107,STANDARD,3055,5017,03-AUG-26,APPROVED,03-AUG-26,N
111107,21108,STANDARD,3056,5018,17-AUG-26,APPROVED,17-AUG-26,N
111108,21109,STANDARD,3042,5035,30-JUL-26,APPROVED,30-JUL-26,N
111109,21110,STANDARD,3042,5035,13-SEP-26,APPROVED,13-SEP-26,N
111110,21111,STANDARD,3037,5032,08-SEP-26,APPROVED,08-SEP-26,N
111111,21112,STANDARD,3039,5029,17-AUG-26,APPROVED,17-AUG-26,N
111112,21113,STANDARD,3027,5010,04-AUG-26,APPROVED,04-AUG-26,N
111113,21114,STANDARD,3041,5007,14-JUL-26,APPROVED,14-JUL-26,N
111114,21115,STANDARD,3048,5015,21-JUL-26,APPROVED,21-JUL-26,N
111115,21116,STANDARD,3033,5023,10-SEP-26,APPROVED,10-SEP-26,N
111116,21117,STANDARD,3046,5038,30-AUG-26,APPROVED,30-AUG-26,N
111117,21118,STANDARD,3036,5038,05-AUG-26,APPROVED,05-AUG-26,N
111118,21119,STANDARD,3030,5004,20-JUL-26,APPROVED,24-JUL-26,N
111119,21120,STANDARD,3031,5004,08-JUL-26,APPROVED,08-JUL-26,N
111120,21121,STANDARD,3031,5004,05-JUL-26,APPROVED,05-JUL-26,N
111121,21122,STANDARD,3031,5007,06-SEP-26,APPROVED,06-SEP-26,N
111122,21123,STANDARD,3031,5007,28-SEP-26,APPROVED,28-SEP-26,N
111123,21124,STANDARD,3031,5012,27-AUG-26,APPROVED,27-AUG-26,N
199998,199998,STANDARD,3001,5001,03-AUG-26,INCOMPLETE,,N
199999,199999,STANDARD,3001,5001,03-AUG-26,APPROVED,,Y
