PO_LINE_ID,PO_HEADER_ID,LINE_NUM,ITEM_ID,ITEM_DESCRIPTION,CATEGORY_ID,QUANTITY,UNIT_PRICE,AMOUNT,CANCEL_FLAG
900001,110000,1,700006,Event catering per head,401,14.0,148.55,,N
900002,110000,2,700006,Event catering per head,401,15.0,148.55,,N
900003,110000,9,700006,Event catering per head,401,1000.0,742.75,,Y
900004,110001,1,700007,Guard shift,405,55.0,491.62,,N
900005,110002,1,700011,Network switch,403,8.0,4015.97,,N
900006,110003,1,700015,Rebar ton,400,2.0,2821.85,,N
900007,110004,1,700008,Laptop,403,7.0,4963.2,,N
900008,110005,1,700002,Access card batch,405,4.0,1570.01,,N
900009,110006,1,700001,AC maintenance visit,402,26.0,901.68,,N
900010,110007,1,700015,Rebar ton,400,6.0,2845.56,,N
900011,110008,1,700018,Water carton,401,2045.0,14.4,,N
900012,110009,1,700001,AC maintenance visit,402,18.0,855.06,,N
900013,110010,1,700005,Cleaning visit,402,9.0,1329.95,,N
900014,110011,1,700012,Office chair,404,39.0,724.42,,N
900015,110012,1,700003,CCTV maintenance,405,6.0,2268.26,,N
900016,110013,1,700011,Network switch,403,5.0,4046.91,,N
900017,110014,1,700000,A4 paper box,404,100.0,92.33,,N
900018,110015,1,700002,Access card batch,405,11.0,1832.56,,N
900019,110016,1,700009,Monitor 27in,403,34.0,1083.01,,N
900020,110017,1,700007,Guard shift,405,69.0,464.32,,N
900021,110018,1,700004,Cement bag 50kg,400,1247.0,18.08,,N
900022,110019,1,700004,Cement bag 50kg,400,740.0,19.86,,N
900023,110020,1,700016,Staff lunch box,401,913.0,29.56,,N
900024,110021,1,700018,Water carton,401,1189.0,13.75,,N
900025,110022,1,700000,A4 paper box,404,162.0,102.54,,N
900026,110023,1,700004,Cement bag 50kg,400,1356.0,20.44,,N
900027,110024,1,700015,Rebar ton,400,6.0,3061.21,,N
900028,110025,1,700008,Laptop,403,1.0,4920.43,,N
900029,110026,1,700001,AC maintenance visit,402,35.0,858.09,,N
900030,110027,1,700000,A4 paper box,404,165.0,99.71,,N
900031,110028,1,700009,Monitor 27in,403,3.0,1179.67,,N
900032,110029,1,700017,Toner cartridge,404,71.0,389.45,,N
900033,110030,1,700016,Staff lunch box,401,219.0,31.73,,N
900034,110031,1,700007,Guard shift,405,67.0,516.64,,N
900035,110032,1,700018,Water carton,401,2061.0,14.69,,N
900036,110033,1,700005,Cleaning visit,402,16.0,1364.93,,N
900037,110034,1,700004,Cement bag 50kg,400,2050.0,18.98,,N
900038,110035,1,700018,Water carton,401,537.0,13.11,,N
900039,110036,1,700008,Laptop,403,5.0,4523.54,,N
900040,110037,1,700013,Pest control visit,402,7.0,693.26,,N
900041,110038,1,700007,Guard shift,405,38.0,516.18,,N
900042,110039,1,700004,Cement bag 50kg,400,1285.0,17.84,,N
900043,110040,1,700009,Monitor 27in,403,20.0,1137.32,,N
900044,110041,1,700000,A4 paper box,404,414.0,93.31,,N
900045,110042,1,700015,Rebar ton,400,4.0,2961.88,,N
900046,110043,1,700001,AC maintenance visit,402,34.0,937.87,,N
900047,110044,1,700005,Cleaning visit,402,15.0,1268.03,,N
900048,110045,1,700018,Water carton,401,959.0,14.9,,N
900049,110046,1,700013,Pest control visit,402,19.0,671.58,,N
900050,110047,1,700004,Cement bag 50kg,400,1874.0,19.91,,N
900051,110048,1,700001,AC maintenance visit,402,7.0,936.37,,N
900052,110049,1,700009,Monitor 27in,403,8.0,1167.83,,N
900053,110050,1,700018,Water carton,401,648.0,13.96,,N
900054,110051,1,700018,Water carton,401,2156.0,13.35,,N
900055,110052,1,700014,Ready-mix m3,400,7.0,271.01,,N
900056,110053,1,700005,Cleaning visit,402,28.0,1330.84,,N
900057,110054,1,700004,Cement bag 50kg,400,937.0,17.78,,N
900058,110055,1,700012,Office chair,404,4.0,791.77,,N
900059,110056,1,700017,Toner cartridge,404,58.0,450.81,,N
900060,110057,1,700016,Staff lunch box,401,266.0,30.91,,N
900061,110058,1,700015,Rebar ton,400,8.0,2959.73,,N
900062,110059,1,700006,Event catering per head,401,177.0,155.15,,N
900063,110060,1,700008,Laptop,403,4.0,4443.06,,N
900064,110061,1,700003,CCTV maintenance,405,16.0,2159.61,,N
900065,110062,1,700000,A4 paper box,404,147.0,90.98,,N
900066,110063,1,700000,A4 paper box,404,263.0,100.59,,N
900067,110064,1,700016,Staff lunch box,401,167.0,29.51,,N
900068,110065,1,700001,AC maintenance visit,402,39.0,839.74,,N
900069,110066,1,700007,Guard shift,405,24.0,444.4,,N
900070,110067,1,700003,CCTV maintenance,405,3.0,2330.95,,N
900071,110068,1,700016,Staff lunch box,401,508.0,33.0,,N
900072,110069,1,700016,Staff lunch box,401,705.0,33.05,,N
900073,110070,1,700004,Cement bag 50kg,400,1886.0,17.87,,N
900074,110071,1,700002,Access card batch,405,21.0,1668.14,,N
900075,110072,1,700011,Network switch,403,1.0,3673.22,,N
900076,110073,1,700011,Network switch,403,6.0,3771.58,,N
900077,110074,1,700009,Monitor 27in,403,25.0,1231.0,,N
900078,110075,1,700002,Access card batch,405,14.0,1769.93,,N
900079,110076,1,700012,Office chair,404,5.0,730.31,,N
900080,110077,1,700008,Laptop,403,3.0,4310.7,,N
900081,110078,1,700007,Guard shift,405,73.0,510.05,,N
900082,110079,1,700006,Event catering per head,401,148.0,144.73,,N
900083,110080,1,700014,Ready-mix m3,400,97.0,246.52,,N
900084,110081,1,700011,Network switch,403,6.0,4086.49,,N
900085,110082,1,700017,Toner cartridge,404,24.0,431.81,,N
900086,110083,1,700000,A4 paper box,404,177.0,97.16,,N
900087,110084,1,700017,Toner cartridge,404,56.0,394.92,,N
900088,110085,1,700002,Access card batch,405,3.0,1580.71,,N
900089,110086,1,700002,Access card batch,405,17.0,1778.0,,N
900090,110087,1,700017,Toner cartridge,404,46.0,394.72,,N
900091,110088,1,700018,Water carton,401,349.0,13.43,,N
900092,110089,1,700008,Laptop,403,1.0,4696.55,,N
900093,110090,1,700007,Guard shift,405,69.0,458.02,,N
900094,110090,9,700007,Guard shift,405,1000.0,2290.1,,Y
900095,110091,1,700006,Event catering per head,401,105.0,146.71,,N
900096,110092,1,700012,Office chair,404,42.0,722.63,,N
900097,110093,1,700012,Office chair,404,47.0,748.51,,N
900098,110094,1,700001,AC maintenance visit,402,42.0,892.1,,N
900099,110095,1,700005,Cleaning visit,402,12.0,1315.41,,N
900100,110096,1,700000,A4 paper box,404,372.0,89.72,,N
900101,110097,1,700009,Monitor 27in,403,11.0,1211.12,,N
900102,110098,1,700017,Toner cartridge,404,76.0,393.54,,N
900103,110099,1,700007,Guard shift,405,76.0,472.93,,N
900104,110100,1,700001,AC maintenance visit,402,7.0,872.83,,N
900105,110101,1,700003,CCTV maintenance,405,15.0,2142.4,,N
900106,110102,1,700000,A4 paper box,404,372.0,90.62,,N
900107,110103,1,700006,Event catering per head,401,22.0,135.18,,N
900108,110104,1,700015,Rebar ton,400,11.0,2916.21,,N
900109,110105,1,700008,Laptop,403,5.0,4877.33,,N
900110,110106,1,700007,Guard shift,405,71.0,476.53,,N
900111,110107,1,700000,A4 paper box,404,382.0,91.67,,N
900112,110108,1,700006,Event catering per head,401,267.0,136.92,,N
900113,110109,1,700016,Staff lunch box,401,810.0,30.12,,N
900114,110110,1,700014,Ready-mix m3,400,49.0,259.98,,N
900115,110111,1,700011,Network switch,403,5.0,4204.3,,N
900116,110112,1,700000,A4 paper box,404,63.0,93.85,,N
900117,110113,1,700002,Access card batch,405,16.0,1707.64,,N
900118,110114,1,700005,Cleaning visit,402,4.0,1409.65,,N
900119,110115,1,700004,Cement bag 50kg,400,1905.0,18.27,,N
900120,110116,1,700017,Toner cartridge,404,48.0,389.68,,N
900121,110117,1,700006,Event catering per head,401,130.0,139.66,,N
900122,110118,1,700008,Laptop,403,2.0,4344.37,,N
900123,110119,1,700013,Pest control visit,402,2.0,614.16,,N
900124,110120,1,700016,Staff lunch box,401,193.0,29.83,,N
900125,110121,1,700018,Water carton,401,1140.0,13.46,,N
900126,110122,1,700014,Ready-mix m3,400,18.0,254.79,,N
900127,110123,1,700001,AC maintenance visit,402,28.0,902.06,,N
900128,110124,1,700009,Monitor 27in,403,30.0,1117.99,,N
900129,110125,1,700011,Network switch,403,1.0,3653.95,,N
900130,110126,1,700009,Monitor 27in,403,22.0,1132.74,,N
900131,110127,1,700014,Ready-mix m3,400,105.0,247.41,,N
900132,110128,1,700013,Pest control visit,402,4.0,668.19,,N
900133,110129,1,700011,Network switch,403,2.0,4136.85,,N
900134,110130,1,700011,Network switch,403,7.0,4104.28,,N
900135,110131,1,700003,CCTV maintenance,405,13.0,2117.08,,N
900136,110132,1,700018,Water carton,401,2653.0,15.06,,N
900137,110133,1,700000,A4 paper box,404,218.0,101.06,,N
900138,110134,1,700002,Access card batch,405,3.0,1695.93,,N
900139,110135,1,700018,Water carton,401,1786.0,13.65,,N
900140,110136,1,700015,Rebar ton,400,6.0,2652.01,,N
900141,110137,1,700008,Laptop,403,4.0,4815.77,,N
900142,110138,1,700001,AC maintenance visit,402,36.0,928.07,,N
900143,110139,1,700014,Ready-mix m3,400,14.0,264.56,,N
900144,110140,1,700015,Rebar ton,400,9.0,2740.18,,N
900145,110141,1,700016,Staff lunch box,401,1159.0,30.45,,N
900146,110142,1,700009,Monitor 27in,403,9.0,1085.35,,N
900147,110143,1,700008,Laptop,403,6.0,4738.48,,N
900148,110144,1,700005,Cleaning visit,402,22.0,1286.61,,N
900149,110145,1,700007,Guard shift,405,43.0,455.02,,N
900150,110146,1,700013,Pest control visit,402,15.0,631.63,,N
900151,110147,1,700006,Event catering per head,401,22.0,143.64,,N
900152,110148,1,700018,Water carton,401,1503.0,14.64,,N
900153,110149,1,700008,Laptop,403,3.0,4559.12,,N
900154,110150,1,700004,Cement bag 50kg,400,1199.0,18.94,,N
900155,110151,1,700015,Rebar ton,400,7.0,2685.59,,N
900156,110152,1,700003,CCTV maintenance,405,10.0,2337.92,,N
900157,110153,1,700008,Laptop,403,1.0,4306.15,,N
900158,110154,1,700017,Toner cartridge,404,92.0,406.04,,N
900159,110155,1,700018,Water carton,401,805.0,13.54,,N
900160,110156,1,700004,Cement bag 50kg,400,79.0,20.06,,N
900161,110157,1,700011,Network switch,403,1.0,3803.13,,N
900162,110158,1,700002,Access card batch,405,19.0,1674.0,,N
900163,110159,1,700014,Ready-mix m3,400,16.0,281.98,,N
900164,110160,1,700015,Rebar ton,400,2.0,2768.16,,N
900165,110161,1,700009,Monitor 27in,403,10.0,1231.8,,N
900166,110162,1,700018,Water carton,401,1590.0,13.05,,N
900167,110163,1,700008,Laptop,403,1.0,4381.23,,N
900168,110164,1,700003,CCTV maintenance,405,15.0,2109.37,,N
900169,110165,1,700016,Staff lunch box,401,1144.0,31.43,,N
900170,110166,1,700007,Guard shift,405,66.0,498.9,,N
900171,110167,1,700007,Guard shift,405,64.0,498.76,,N
900172,110168,1,700004,Cement bag 50kg,400,1422.0,20.08,,N
900173,110169,1,700018,Water carton,401,2772.0,13.55,,N
900174,110170,1,700002,Access card batch,405,12.0,1825.65,,N
900175,110171,1,700002,Access card batch,405,20.0,1825.84,,N
900176,110172,1,700004,Cement bag 50kg,400,1100.0,18.49,,N
900177,110173,1,700006,Event catering per head,401,135.0,150.84,,N
900178,110174,1,700014,Ready-mix m3,400,81.0,278.74,,N
900179,110175,1,700006,Event catering per head,401,133.0,136.11,,N
900180,110176,1,700016,Staff lunch box,401,1237.0,30.42,,N
900181,110177,1,700009,Monitor 27in,403,28.0,1105.03,,N
900182,110178,1,700001,AC maintenance visit,402,38.0,844.65,,N
900183,110179,1,700004,Cement bag 50kg,400,1198.0,20.27,,N
900184,110180,1,700005,Cleaning visit,402,5.0,1335.54,,N
900185,110180,9,700005,Cleaning visit,402,1000.0,6677.7,,Y
900186,110181,1,700011,Network switch,403,5.0,3972.94,,N
900187,110182,1,700007,Guard shift,405,18.0,505.39,,N
900188,110183,1,700007,Guard shift,405,55.0,492.34,,N
900189,110184,1,700014,Ready-mix m3,400,12.0,281.13,,N
900190,110185,1,700008,Laptop,403,4.0,4539.81,,N
900191,110186,1,700005,Cleaning visit,402,17.0,1244.7,,N
900192,110187,1,700009,Monitor 27in,403,34.0,1169.6,,N
900193,110188,1,700003,CCTV maintenance,405,14.0,2179.25,,N
900194,110189,1,700005,Cleaning visit,402,10.0,1274.07,,N
900195,110190,1,700003,CCTV maintenance,405,11.0,2358.88,,N
900196,110191,1,700016,Staff lunch box,401,394.0,31.32,,N
900197,110192,1,700017,Toner cartridge,404,58.0,388.62,,N
900198,110193,1,700001,AC maintenance visit,402,35.0,838.09,,N
900199,110194,1,700001,AC maintenance visit,402,31.0,876.15,,N
900200,110195,1,700011,Network switch,403,8.0,4144.07,,N
900201,110196,1,700012,Office chair,404,30.0,784.39,,N
900202,110197,1,700006,Event catering per head,401,176.0,155.98,,N
900203,110198,1,700003,CCTV maintenance,405,4.0,2140.95,,N
900204,110199,1,700017,Toner cartridge,404,58.0,448.22,,N
900205,110200,1,700018,Water carton,401,2019.0,14.41,,N
900206,110201,1,700002,Access card batch,405,20.0,1678.2,,N
900207,110202,1,700015,Rebar ton,400,2.0,2979.58,,N
900208,110203,1,700004,Cement bag 50kg,400,1518.0,17.86,,N
900209,110204,1,700013,Pest control visit,402,36.0,691.9,,N
900210,110205,1,700008,Laptop,403,3.0,4733.45,,N
900211,110206,1,700000,A4 paper box,404,356.0,101.25,,N
900212,110207,1,700001,AC maintenance visit,402,13.0,905.28,,N
900213,110208,1,700006,Event catering per head,401,206.0,142.11,,N
900214,110209,1,700013,Pest control visit,402,7.0,659.25,,N
900215,110210,1,700017,Toner cartridge,404,37.0,422.27,,N
900216,110211,1,700008,Laptop,403,2.0,4848.57,,N
900217,110212,1,700015,Rebar ton,400,12.0,2643.65,,N
900218,110213,1,700005,Cleaning visit,402,26.0,1353.29,,N
900219,110214,1,700008,Laptop,403,8.0,4670.04,,N
900220,110215,1,700001,AC maintenance visit,402,22.0,866.65,,N
900221,110216,1,700003,CCTV maintenance,405,1.0,2063.35,,N
900222,110217,1,700014,Ready-mix m3,400,22.0,269.11,,N
900223,110218,1,700017,Toner cartridge,404,85.0,440.98,,N
900224,110219,1,700012,Office chair,404,25.0,786.71,,N
900225,110220,1,700001,AC maintenance visit,402,10.0,928.84,,N
900226,110221,1,700001,AC maintenance visit,402,31.0,862.14,,N
900227,110222,1,700008,Laptop,403,8.0,4661.42,,N
900228,110223,1,700017,Toner cartridge,404,31.0,431.43,,N
900229,110224,1,700012,Office chair,404,36.0,820.3,,N
900230,110225,1,700011,Network switch,403,5.0,3604.94,,N
900231,110226,1,700004,Cement bag 50kg,400,1996.0,20.39,,N
900232,110227,1,700017,Toner cartridge,404,53.0,425.73,,N
900233,110228,1,700001,AC maintenance visit,402,30.0,888.7,,N
900234,110229,1,700011,Network switch,403,8.0,3632.59,,N
900235,110230,1,700015,Rebar ton,400,2.0,2925.1,,N
900236,110231,1,700006,Event catering per head,401,266.0,155.94,,N
900237,110232,1,700008,Laptop,403,1.0,4274.37,,N
900238,110233,1,700000,A4 paper box,404,84.0,97.11,,N
900239,110234,1,700015,Rebar ton,400,1.0,3003.66,,N
900240,110235,1,700008,Laptop,403,3.0,4691.62,,N
900241,110236,1,700013,Pest control visit,402,37.0,698.64,,N
900242,110237,1,700016,Staff lunch box,401,319.0,33.03,,N
900243,110238,1,700009,Monitor 27in,403,2.0,1069.0,,N
900244,110239,1,700016,Staff lunch box,401,776.0,29.69,,N
900245,110240,1,700014,Ready-mix m3,400,111.0,256.64,,N
900246,110241,1,700016,Staff lunch box,401,1200.0,31.87,,N
900247,110242,1,700017,Toner cartridge,404,62.0,412.74,,N
900248,110243,1,700005,Cleaning visit,402,19.0,1296.31,,N
900249,110244,1,700017,Toner cartridge,404,83.0,418.12,,N
900250,110245,1,700014,Ready-mix m3,400,36.0,259.53,,N
900251,110246,1,700016,Staff lunch box,401,917.0,33.18,,N
900252,110247,1,700001,AC maintenance visit,402,3.0,930.96,,N
900253,110248,1,700000,A4 paper box,404,303.0,93.6,,N
900254,110249,1,700017,Toner cartridge,404,35.0,433.45,,N
900255,110250,1,700002,Access card batch,405,19.0,1617.0,,N
900256,110251,1,700013,Pest control visit,402,16.0,649.97,,N
900257,110252,1,700005,Cleaning visit,402,27.0,1421.62,,N
900258,110253,1,700001,AC maintenance visit,402,15.0,915.61,,N
900259,110254,1,700011,Network switch,403,8.0,4080.18,,N
900260,110255,1,700000,A4 paper box,404,333.0,88.28,,N
900261,110256,1,700006,Event catering per head,401,252.0,136.3,,N
900262,110257,1,700008,Laptop,403,4.0,4706.72,,N
900263,110258,1,700016,Staff lunch box,401,353.0,32.74,,N
900264,110259,1,700004,Cement bag 50kg,400,1854.0,20.46,,N
900265,110260,1,700014,Ready-mix m3,400,123.0,268.44,,N
900266,110261,1,700016,Staff lunch box,401,943.0,33.61,,N
900267,110262,1,700000,A4 paper box,404,368.0,92.55,,N
900268,110263,1,700003,CCTV maintenance,405,11.0,2080.81,,N
900269,110264,1,700013,Pest control visit,402,18.0,665.2,,N
900270,110265,1,700015,Rebar ton,400,1.0,2763.42,,N
900271,110266,1,700015,Rebar ton,400,2.0,2727.97,,N
900272,110267,1,700018,Water carton,401,1511.0,14.22,,N
900273,110268,1,700006,Event catering per head,401,160.0,148.27,,N
900274,110269,1,700008,Laptop,403,2.0,4373.88,,N
900275,110270,1,700014,Ready-mix m3,400,124.0,258.49,,N
900276,110270,9,700014,Ready-mix m3,400,1000.0,1292.45,,Y
900277,110271,1,700017,Toner cartridge,404,76.0,412.76,,N
900278,110272,1,700007,Guard shift,405,31.0,459.97,,N
900279,110273,1,700015,Rebar ton,400,11.0,2739.0,,N
900280,110274,1,700017,Toner cartridge,404,11.0,432.35,,N
900281,110275,1,700012,Office chair,404,15.0,823.62,,N
900282,110276,1,700007,Guard shift,405,62.0,496.19,,N
900283,110277,1,700012,Office chair,404,8.0,724.2,,N
900284,110278,1,700011,Network switch,403,1.0,3793.73,,N
900285,110279,1,700018,Water carton,401,499.0,15.0,,N
900286,110280,1,700017,Toner cartridge,404,62.0,440.52,,N
900287,110281,1,700009,Monitor 27in,403,13.0,1224.67,,N
900288,110282,1,700017,Toner cartridge,404,80.0,395.2,,N
900289,110283,1,700008,Laptop,403,2.0,4687.81,,N
900290,110284,1,700008,Laptop,403,1.0,4521.77,,N
900291,110285,1,700017,Toner cartridge,404,77.0,426.41,,N
900292,110286,1,700012,Office chair,404,46.0,817.69,,N
900293,110287,1,700004,Cement bag 50kg,400,1373.0,19.51,,N
900294,110288,1,700006,Event catering per head,401,110.0,154.73,,N
900295,110289,1,700016,Staff lunch box,401,773.0,34.25,,N
900296,110290,1,700016,Staff lunch box,401,755.0,31.72,,N
900297,110291,1,700001,AC maintenance visit,402,20.0,835.71,,N
900298,110292,1,700005,Cleaning visit,402,4.0,1315.09,,N
900299,110293,1,700014,Ready-mix m3,400,23.0,254.43,,N
900300,110294,1,700002,Access card batch,405,4.0,1636.25,,N
900301,110295,1,700012,Office chair,404,12.0,751.35,,N
900302,110296,1,700005,Cleaning visit,402,29.0,1419.25,,N
900303,110297,1,700016,Staff lunch box,401,574.0,33.45,,N
900304,110298,1,700003,CCTV maintenance,405,1.0,2083.92,,N
900305,110299,1,700018,Water carton,401,2674.0,14.72,,N
900306,110300,1,700009,Monitor 27in,403,32.0,1149.75,,N
900307,110301,1,700002,Access card batch,405,8.0,1768.3,,N
900308,110302,1,700018,Water carton,401,1650.0,14.37,,N
900309,110303,1,700000,A4 paper box,404,113.0,101.2,,N
900310,110304,1,700000,A4 paper box,404,152.0,90.22,,N
900311,110305,1,700005,Cleaning visit,402,13.0,1349.16,,N
900312,110306,1,700012,Office chair,404,12.0,799.13,,N
900313,110307,1,700007,Guard shift,405,69.0,508.82,,N
900314,110308,1,700006,Event catering per head,401,171.0,154.22,,N
900315,110309,1,700013,Pest control visit,402,27.0,682.51,,N
900316,110310,1,700017,Toner cartridge,404,85.0,407.75,,N
900317,110311,1,700004,Cement bag 50kg,400,1828.0,20.43,,N
900318,110312,1,700002,Access card batch,405,2.0,1615.55,,N
900319,110313,1,700008,Laptop,403,3.0,4334.7,,N
900320,110314,1,700014,Ready-mix m3,400,106.0,275.44,,N
900321,110315,1,700004,Cement bag 50kg,400,1352.0,17.61,,N
900322,110316,1,700000,A4 paper box,404,379.0,98.3,,N
900323,110317,1,700015,Rebar ton,400,11.0,2787.95,,N
900324,110318,1,700007,Guard shift,405,51.0,481.85,,N
900325,110319,1,700015,Rebar ton,400,6.0,3073.96,,N
900326,110320,1,700000,A4 paper box,404,416.0,100.46,,N
900327,110321,1,700015,Rebar ton,400,2.0,2654.05,,N
900328,110322,1,700002,Access card batch,405,13.0,1625.66,,N
900329,110323,1,700002,Access card batch,405,1.0,1744.57,,N
900330,110324,1,700015,Rebar ton,400,4.0,2782.23,,N
900331,110325,1,700015,Rebar ton,400,1.0,2734.48,,N
900332,110326,1,700015,Rebar ton,400,8.0,2630.87,,N
900333,110327,1,700009,Monitor 27in,403,28.0,1210.25,,N
900334,110328,1,700002,Access card batch,405,20.0,1732.31,,N
900335,110329,1,700011,Network switch,403,4.0,4120.23,,N
900336,110330,1,700007,Guard shift,405,67.0,513.71,,N
900337,110331,1,700011,Network switch,403,7.0,3917.78,,N
900338,110332,1,700001,AC maintenance visit,402,17.0,971.23,,N
900339,110333,1,700002,Access card batch,405,12.0,1573.77,,N
900340,110334,1,700002,Access card batch,405,18.0,1791.58,,N
900341,110335,1,700004,Cement bag 50kg,400,530.0,20.01,,N
900342,110336,1,700006,Event catering per head,401,243.0,149.48,,N
900343,110337,1,700002,Access card batch,405,8.0,1702.59,,N
900344,110338,1,700001,AC maintenance visit,402,16.0,848.88,,N
900345,110339,1,700004,Cement bag 50kg,400,2042.0,18.05,,N
900346,110340,1,700011,Network switch,403,8.0,3700.17,,N
900347,110341,1,700008,Laptop,403,7.0,4900.13,,N
900348,110342,1,700001,AC maintenance visit,402,40.0,946.15,,N
900349,110343,1,700007,Guard shift,405,67.0,506.82,,N
900350,110344,1,700000,A4 paper box,404,394.0,96.8,,N
900351,110345,1,700003,CCTV maintenance,405,12.0,2170.12,,N
900352,110346,1,700012,Office chair,404,21.0,783.55,,N
900353,110347,1,700003,CCTV maintenance,405,17.0,2098.43,,N
900354,110348,1,700017,Toner cartridge,404,37.0,415.72,,N
900355,110349,1,700004,Cement bag 50kg,400,1390.0,18.28,,N
900356,110350,1,700008,Laptop,403,1.0,4796.34,,N
900357,110351,1,700018,Water carton,401,723.0,14.91,,N
900358,110352,1,700016,Staff lunch box,401,90.0,31.65,,N
900359,110353,1,700006,Event catering per head,401,121.0,149.15,,N
900360,110354,1,700004,Cement bag 50kg,400,824.0,19.43,,N
900361,110355,1,700015,Rebar ton,400,13.0,2712.14,,N
900362,110356,1,700011,Network switch,403,7.0,3664.22,,N
900363,110357,1,700012,Office chair,404,2.0,772.87,,N
900364,110358,1,700003,CCTV maintenance,405,17.0,2101.7,,N
900365,110359,1,700008,Laptop,403,6.0,4568.39,,N
900366,110360,1,700000,A4 paper box,404,201.0,97.76,,N
900367,110360,9,700000,A4 paper box,404,1000.0,488.8,,Y
900368,110361,1,700011,Network switch,403,2.0,3787.33,,N
900369,110362,1,700004,Cement bag 50kg,400,451.0,18.92,,N
900370,110363,1,700007,Guard shift,405,16.0,454.68,,N
900371,110364,1,700002,Access card batch,405,15.0,1833.72,,N
900372,110365,1,700004,Cement bag 50kg,400,513.0,19.29,,N
900373,110366,1,700014,Ready-mix m3,400,125.0,247.4,,N
900374,110367,1,700002,Access card batch,405,21.0,1571.13,,N
900375,110368,1,700011,Network switch,403,8.0,4133.49,,N
900376,110369,1,700016,Staff lunch box,401,162.0,33.97,,N
900377,110370,1,700000,A4 paper box,404,125.0,95.88,,N
900378,110371,1,700006,Event catering per head,401,247.0,140.7,,N
900379,110372,1,700006,Event catering per head,401,122.0,138.13,,N
900380,110373,1,700015,Rebar ton,400,4.0,2978.25,,N
900381,110374,1,700003,CCTV maintenance,405,15.0,2281.76,,N
900382,110375,1,700004,Cement bag 50kg,400,1610.0,18.36,,N
900383,110376,1,700002,Access card batch,405,19.0,1657.82,,N
900384,110377,1,700003,CCTV maintenance,405,12.0,2267.78,,N
900385,110378,1,700015,Rebar ton,400,7.0,2814.89,,N
900386,110379,1,700016,Staff lunch box,401,701.0,31.22,,N
900387,110380,1,700011,Network switch,403,5.0,3845.12,,N
900388,110381,1,700012,Office chair,404,10.0,816.02,,N
900389,110382,1,700015,Rebar ton,400,13.0,2821.39,,N
900390,110383,1,700002,Access card batch,405,7.0,1702.62,,N
900391,110384,1,700017,Toner cartridge,404,18.0,418.71,,N
900392,110385,1,700004,Cement bag 50kg,400,398.0,18.6,,N
900393,110386,1,700004,Cement bag 50kg,400,1665.0,18.5,,N
900394,110387,1,700013,Pest control visit,402,14.0,692.92,,N
900395,110388,1,700017,Toner cartridge,404,13.0,421.79,,N
900396,110389,1,700004,Cement bag 50kg,400,1797.0,19.61,,N
900397,110390,1,700007,Guard shift,405,13.0,506.12,,N
900398,110391,1,700006,Event catering per head,401,35.0,141.55,,N
900399,110392,1,700000,A4 paper box,404,122.0,88.54,,N
900400,110393,1,700007,Guard shift,405,32.0,451.38,,N
900401,110394,1,700012,Office chair,404,48.0,769.81,,N
900402,110395,1,700005,Cleaning visit,402,26.0,1418.87,,N
900403,110396,1,700011,Network switch,403,6.0,3704.72,,N
900404,110397,1,700000,A4 paper box,404,289.0,97.24,,N
900405,110398,1,700018,Water carton,401,2214.0,14.33,,N
900406,110399,1,700006,Event catering per head,401,261.0,139.06,,N
900407,110400,1,700008,Laptop,403,5.0,4871.47,,N
900408,110401,1,700008,Laptop,403,2.0,4635.17,,N
900409,110402,1,700000,A4 paper box,404,377.0,90.38,,N
900410,110403,1,700017,Toner cartridge,404,18.0,389.56,,N
900411,110404,1,700009,Monitor 27in,403,26.0,1148.32,,N
900412,110405,1,700000,A4 paper box,404,92.0,95.24,,N
900413,110406,1,700018,Water carton,401,858.0,14.48,,N
900414,110407,1,700001,AC maintenance visit,402,3.0,837.84,,N
900415,110408,1,700006,Event catering per head,401,153.0,148.14,,N
900416,110409,1,700009,Monitor 27in,403,21.0,1139.56,,N
900417,110410,1,700002,Access card batch,405,19.0,1572.56,,N
900418,110411,1,700004,Cement bag 50kg,400,689.0,18.41,,N
900419,110412,1,700003,CCTV maintenance,405,18.0,2160.11,,N
900420,110413,1,700004,Cement bag 50kg,400,720.0,20.35,,N
900421,110414,1,700017,Toner cartridge,404,41.0,434.73,,N
900422,110415,1,700006,Event catering per head,401,204.0,154.64,,N
900423,110416,1,700009,Monitor 27in,403,11.0,1105.35,,N
900424,110417,1,700015,Rebar ton,400,11.0,2924.52,,N
900425,110418,1,700012,Office chair,404,9.0,766.91,,N
900426,110419,1,700005,Cleaning visit,402,24.0,1318.8,,N
900427,110420,1,700006,Event catering per head,401,165.0,143.97,,N
900428,110421,1,700009,Monitor 27in,403,17.0,1239.51,,N
900429,110422,1,700000,A4 paper box,404,70.0,90.43,,N
900430,110423,1,700002,Access card batch,405,15.0,1773.62,,N
900431,110424,1,700017,Toner cartridge,404,30.0,413.35,,N
900432,110425,1,700007,Guard shift,405,73.0,515.15,,N
900433,110426,1,700003,CCTV maintenance,405,6.0,2072.67,,N
900434,110427,1,700004,Cement bag 50kg,400,782.0,20.47,,N
900435,110428,1,700004,Cement bag 50kg,400,1920.0,18.48,,N
900436,110429,1,700005,Cleaning visit,402,4.0,1372.64,,N
900437,110430,1,700015,Rebar ton,400,4.0,2663.09,,N
900438,110431,1,700013,Pest control visit,402,37.0,643.03,,N
900439,110432,1,700001,AC maintenance visit,402,8.0,912.02,,N
900440,110433,1,700002,Access card batch,405,6.0,1748.27,,N
900441,110434,1,700007,Guard shift,405,37.0,461.73,,N
900442,110435,1,700011,Network switch,403,5.0,3701.24,,N
900443,110436,1,700011,Network switch,403,6.0,3596.14,,N
900444,110437,1,700016,Staff lunch box,401,1065.0,32.36,,N
900445,110438,1,700018,Water carton,401,695.0,14.6,,N
900446,110439,1,700000,A4 paper box,404,350.0,90.39,,N
900447,110440,1,700013,Pest control visit,402,26.0,692.8,,N
900448,110441,1,700009,Monitor 27in,403,3.0,1090.86,,N
900449,110442,1,700004,Cement bag 50kg,400,1706.0,18.89,,N
900450,110443,1,700017,Toner cartridge,404,35.0,451.41,,N
900451,110444,1,700006,Event catering per head,401,119.0,149.34,,N
900452,110445,1,700008,Laptop,403,1.0,4928.22,,N
900453,110446,1,700018,Water carton,401,1310.0,13.06,,N
900454,110447,1,700017,Toner cartridge,404,57.0,443.68,,N
900455,110448,1,700014,Ready-mix m3,400,121.0,263.17,,N
900456,110449,1,700000,A4 paper box,404,102.0,89.44,,N
900457,110450,1,700018,Water carton,401,1333.0,14.76,,N
900458,110450,9,700018,Water carton,401,1000.0,73.8,,Y
900459,110451,1,700014,Ready-mix m3,400,14.0,245.73,,N
900460,110452,1,700008,Laptop,403,2.0,4922.16,,N
900461,110453,1,700005,Cleaning visit,402,28.0,1247.05,,N
900462,110454,1,700004,Cement bag 50kg,400,1786.0,18.64,,N
900463,110455,1,700009,Monitor 27in,403,3.0,1190.67,,N
900464,110456,1,700014,Ready-mix m3,400,125.0,274.45,,N
900465,110457,1,700011,Network switch,403,5.0,3859.49,,N
900466,110458,1,700000,A4 paper box,404,89.0,89.93,,N
900467,110459,1,700014,Ready-mix m3,400,103.0,283.59,,N
900468,110460,1,700003,CCTV maintenance,405,13.0,2183.15,,N
900469,110461,1,700011,Network switch,403,3.0,3610.09,,N
900470,110462,1,700018,Water carton,401,655.0,14.3,,N
900471,110463,1,700009,Monitor 27in,403,25.0,1180.39,,N
900472,110464,1,700005,Cleaning visit,402,17.0,1323.55,,N
900473,110465,1,700005,Cleaning visit,402,26.0,1247.65,,N
900474,110466,1,700001,AC maintenance visit,402,30.0,914.23,,N
900475,110467,1,700005,Cleaning visit,402,8.0,1274.13,,N
900476,110468,1,700005,Cleaning visit,402,24.0,1450.42,,N
900477,110469,1,700014,Ready-mix m3,400,85.0,282.52,,N
900478,110470,1,700017,Toner cartridge,404,61.0,405.02,,N
900479,110471,1,700014,Ready-mix m3,400,111.0,274.47,,N
900480,110472,1,700017,Toner cartridge,404,35.0,398.88,,N
900481,110473,1,700002,Access card batch,405,20.0,1816.75,,N
900482,110474,1,700001,AC maintenance visit,402,27.0,967.12,,N
900483,110475,1,700005,Cleaning visit,402,6.0,1382.23,,N
900484,110476,1,700017,Toner cartridge,404,52.0,388.25,,N
900485,110477,1,700007,Guard shift,405,8.0,515.55,,N
900486,110478,1,700016,Staff lunch box,401,1147.0,33.9,,N
900487,110479,1,700013,Pest control visit,402,9.0,641.33,,N
900488,110480,1,700004,Cement bag 50kg,400,805.0,17.52,,N
900489,110481,1,700014,Ready-mix m3,400,64.0,249.88,,N
900490,110482,1,700017,Toner cartridge,404,92.0,449.82,,N
900491,110483,1,700009,Monitor 27in,403,24.0,1060.14,,N
900492,110484,1,700011,Network switch,403,4.0,3936.17,,N
900493,110485,1,700005,Cleaning visit,402,20.0,1316.86,,N
900494,110486,1,700004,Cement bag 50kg,400,237.0,18.28,,N
900495,110487,1,700003,CCTV maintenance,405,9.0,2321.26,,N
900496,110488,1,700007,Guard shift,405,61.0,481.93,,N
900497,110489,1,700015,Rebar ton,400,1.0,2794.57,,N
900498,110490,1,700001,AC maintenance visit,402,33.0,943.59,,N
900499,110491,1,700007,Guard shift,405,65.0,507.64,,N
900500,110492,1,700009,Monitor 27in,403,23.0,1115.52,,N
900501,110493,1,700017,Toner cartridge,404,67.0,410.76,,N
900502,110494,1,700008,Laptop,403,7.0,4538.78,,N
900503,110495,1,700016,Staff lunch box,401,650.0,32.56,,N
900504,110496,1,700001,AC maintenance visit,402,27.0,928.71,,N
900505,110497,1,700016,Staff lunch box,401,455.0,34.05,,N
900506,110498,1,700007,Guard shift,405,11.0,504.72,,N
900507,110499,1,700011,Network switch,403,3.0,3851.95,,N
900508,110500,1,700001,AC maintenance visit,402,39.0,857.51,,N
900509,110501,1,700012,Office chair,404,43.0,781.36,,N
900510,110502,1,700004,Cement bag 50kg,400,512.0,18.38,,N
900511,110503,1,700014,Ready-mix m3,400,21.0,270.31,,N
900512,110504,1,700006,Event catering per head,401,39.0,148.18,,N
900513,110505,1,700005,Cleaning visit,402,21.0,1269.55,,N
900514,110506,1,700004,Cement bag 50kg,400,1569.0,18.0,,N
900515,110507,1,700017,Toner cartridge,404,92.0,389.41,,N
900516,110508,1,700009,Monitor 27in,403,5.0,1127.94,,N
900517,110509,1,700011,Network switch,403,10.0,3993.7,,N
900518,110510,1,700012,Office chair,404,23.0,754.46,,N
900519,110511,1,700003,CCTV maintenance,405,7.0,2173.58,,N
900520,110512,1,700003,CCTV maintenance,405,9.0,2056.78,,N
900521,110513,1,700018,Water carton,401,1115.0,14.18,,N
900522,110514,1,700005,Cleaning visit,402,3.0,1431.54,,N
900523,110515,1,700017,Toner cartridge,404,35.0,414.33,,N
900524,110516,1,700015,Rebar ton,400,7.0,2929.74,,N
900525,110517,1,700011,Network switch,403,7.0,3885.54,,N
900526,110518,1,700006,Event catering per head,401,47.0,147.42,,N
900527,110519,1,700011,Network switch,403,1.0,3724.86,,N
900528,110520,1,700005,Cleaning visit,402,26.0,1296.34,,N
900529,110521,1,700018,Water carton,401,306.0,13.09,,N
900530,110522,1,700004,Cement bag 50kg,400,1593.0,18.24,,N
900531,110523,1,700011,Network switch,403,7.0,4004.09,,N
900532,110524,1,700013,Pest control visit,402,55.0,674.18,,N
900533,110525,1,700008,Laptop,403,6.0,4864.72,,N
900534,110526,1,700011,Network switch,403,5.0,3813.67,,N
900535,110527,1,700007,Guard shift,405,77.0,489.94,,N
900536,110528,1,700014,Ready-mix m3,400,135.0,279.47,,N
900537,110529,1,700006,Event catering per head,401,146.0,142.14,,N
900538,110530,1,700011,Network switch,403,9.0,3752.6,,N
900539,110531,1,700011,Network switch,403,1.0,3972.49,,N
900540,110532,1,700000,A4 paper box,404,263.0,99.33,,N
900541,110533,1,700015,Rebar ton,400,5.0,3006.14,,N
900542,110534,1,700014,Ready-mix m3,400,12.0,260.28,,N
900543,110535,1,700001,AC maintenance visit,402,31.0,922.3,,N
900544,110536,1,700004,Cement bag 50kg,400,603.0,19.28,,N
900545,110537,1,700004,Cement bag 50kg,400,240.0,20.18,,N
900546,110538,1,700004,Cement bag 50kg,400,425.0,19.36,,N
900547,110539,1,700002,Access card batch,405,8.0,1588.41,,N
900548,110540,1,700018,Water carton,401,1069.0,13.83,,N
900549,110540,9,700018,Water carton,401,1000.0,69.15,,Y
900550,110541,1,700009,Monitor 27in,403,13.0,1082.35,,N
900551,110542,1,700001,AC maintenance visit,402,20.0,890.54,,N
900552,110543,1,700006,Event catering per head,401,104.0,150.81,,N
900553,110544,1,700009,Monitor 27in,403,2.0,1176.87,,N
900554,110545,1,700016,Staff lunch box,401,314.0,34.21,,N
900555,110546,1,700012,Office chair,404,4.0,770.07,,N
900556,110547,1,700001,AC maintenance visit,402,3.0,955.67,,N
900557,110548,1,700000,A4 paper box,404,307.0,89.11,,N
900558,110549,1,700017,Toner cartridge,404,32.0,438.72,,N
900559,110550,1,700015,Rebar ton,400,6.0,3066.47,,N
900560,110551,1,700009,Monitor 27in,403,25.0,1133.49,,N
900561,110552,1,700015,Rebar ton,400,8.0,2731.93,,N
900562,110553,1,700005,Cleaning visit,402,2.0,1341.92,,N
900563,110554,1,700018,Water carton,401,2308.0,14.04,,N
900564,110555,1,700015,Rebar ton,400,11.0,2845.15,,N
900565,110556,1,700017,Toner cartridge,404,39.0,427.12,,N
900566,110557,1,700006,Event catering per head,401,191.0,151.71,,N
900567,110558,1,700008,Laptop,403,8.0,4236.81,,N
900568,110559,1,700015,Rebar ton,400,4.0,3075.38,,N
900569,110560,1,700002,Access card batch,405,19.0,1793.17,,N
900570,110561,1,700009,Monitor 27in,403,3.0,1089.15,,N
900571,110562,1,700018,Water carton,401,918.0,13.0,,N
900572,110563,1,700006,Event catering per head,401,61.0,147.82,,N
900573,110564,1,700008,Laptop,403,6.0,4878.73,,N
900574,110565,1,700013,Pest control visit,402,9.0,633.98,,N
900575,110566,1,700008,Laptop,403,8.0,4491.07,,N
900576,110567,1,700009,Monitor 27in,403,12.0,1240.2,,N
900577,110568,1,700005,Cleaning visit,402,24.0,1275.82,,N
900578,110569,1,700007,Guard shift,405,12.0,477.92,,N
900579,110570,1,700013,Pest control visit,402,32.0,643.59,,N
900580,110571,1,700001,AC maintenance visit,402,11.0,951.3,,N
900581,110572,1,700008,Laptop,403,7.0,4268.72,,N
900582,110573,1,700000,A4 paper box,404,201.0,91.21,,N
900583,110574,1,700018,Water carton,401,205.0,13.63,,N
900584,110575,1,700006,Event catering per head,401,139.0,138.37,,N
900585,110576,1,700005,Cleaning visit,402,28.0,1258.43,,N
900586,110577,1,700015,Rebar ton,400,13.0,3049.21,,N
900587,110578,1,700014,Ready-mix m3,400,46.0,286.15,,N
900588,110579,1,700006,Event catering per head,401,19.0,155.21,,N
900589,110580,1,700003,CCTV maintenance,405,6.0,2213.0,,N
900590,110581,1,700003,CCTV maintenance,405,14.0,2103.48,,N
900591,110582,1,700005,Cleaning visit,402,20.0,1360.87,,N
900592,110583,1,700003,CCTV maintenance,405,10.0,2173.61,,N
900593,110584,1,700017,Toner cartridge,404,22.0,423.56,,N
900594,110585,1,700003,CCTV maintenance,405,11.0,2143.52,,N
900595,110586,1,700000,A4 paper box,404,318.0,93.97,,N
900596,110587,1,700008,Laptop,403,1.0,4397.67,,N
900597,110588,1,700005,Cleaning visit,402,25.0,1367.02,,N
900598,110589,1,700012,Office chair,404,22.0,839.23,,N
900599,110590,1,700012,Office chair,404,3.0,746.38,,N
900600,110591,1,700016,Staff lunch box,401,515.0,30.94,,N
900601,110592,1,700018,Water carton,401,639.0,13.44,,N
900602,110593,1,700000,A4 paper box,404,223.0,100.26,,N
900603,110594,1,700009,Monitor 27in,403,22.0,1103.6,,N
900604,110595,1,700011,Network switch,403,7.0,3962.06,,N
900605,110596,1,700015,Rebar ton,400,4.0,2855.16,,N
900606,110597,1,700001,AC maintenance visit,402,39.0,837.58,,N
900607,110598,1,700015,Rebar ton,400,1.0,2708.53,,N
900608,110599,1,700002,Access card batch,405,5.0,1583.04,,N
900609,110600,1,700001,AC maintenance visit,402,43.0,907.81,,N
900610,110601,1,700002,Access card batch,405,8.0,1593.78,,N
900611,110602,1,700016,Staff lunch box,401,835.0,32.55,,N
900612,110603,1,700005,Cleaning visit,402,21.0,1301.65,,N
900613,110604,1,700005,Cleaning visit,402,8.0,1272.91,,N
900614,110605,1,700016,Staff lunch box,401,848.0,29.68,,N
900615,110606,1,700009,Monitor 27in,403,17.0,1191.66,,N
900616,110607,1,700000,A4 paper box,404,278.0,94.85,,N
900617,110608,1,700013,Pest control visit,402,59.0,665.65,,N
900618,110609,1,700014,Ready-mix m3,400,87.0,276.52,,N
900619,110610,1,700008,Laptop,403,2.0,4817.06,,N
900620,110611,1,700009,Monitor 27in,403,22.0,1096.73,,N
900621,110612,1,700009,Monitor 27in,403,31.0,1122.09,,N
900622,110613,1,700009,Monitor 27in,403,23.0,1102.49,,N
900623,110614,1,700017,Toner cartridge,404,44.0,440.0,,N
900624,110615,1,700006,Event catering per head,401,140.0,147.53,,N
900625,110616,1,700012,Office chair,404,29.0,765.02,,N
900626,110617,1,700005,Cleaning visit,402,16.0,1306.95,,N
900627,110618,1,700004,Cement bag 50kg,400,244.0,18.01,,N
900628,110619,1,700018,Water carton,401,567.0,14.5,,N
900629,110620,1,700000,A4 paper box,404,355.0,102.05,,N
900630,110621,1,700005,Cleaning visit,402,19.0,1284.78,,N
900631,110622,1,700000,A4 paper box,404,233.0,93.32,,N
900632,110623,1,700005,Cleaning visit,402,23.0,1326.85,,N
900633,110624,1,700005,Cleaning visit,402,16.0,1455.81,,N
900634,110625,1,700005,Cleaning visit,402,19.0,1413.6,,N
900635,110626,1,700001,AC maintenance visit,402,34.0,966.54,,N
900636,110627,1,700017,Toner cartridge,404,23.0,443.5,,N
900637,110628,1,700003,CCTV maintenance,405,3.0,2172.64,,N
900638,110629,1,700009,Monitor 27in,403,27.0,1063.05,,N
900639,110630,1,700014,Ready-mix m3,400,97.0,259.84,,N
900640,110630,9,700014,Ready-mix m3,400,1000.0,1299.1999999999998,,Y
900641,110631,1,700007,Guard shift,405,19.0,442.11,,N
900642,110632,1,700015,Rebar ton,400,4.0,2843.48,,N
900643,110633,1,700013,Pest control visit,402,57.0,654.33,,N
900644,110634,1,700004,Cement bag 50kg,400,2085.0,19.32,,N
900645,110635,1,700014,Ready-mix m3,400,55.0,276.1,,N
900646,110636,1,700013,Pest control visit,402,13.0,601.11,,N
900647,110637,1,700000,A4 paper box,404,41.0,96.23,,N
900648,110638,1,700001,AC maintenance visit,402,43.0,935.66,,N
900649,110639,1,700008,Laptop,403,6.0,4430.5,,N
900650,110640,1,700013,Pest control visit,402,58.0,695.77,,N
900651,110641,1,700000,A4 paper box,404,58.0,99.32,,N
900652,110642,1,700018,Water carton,401,185.0,14.54,,N
900653,110643,1,700002,Access card batch,405,22.0,1772.64,,N
900654,110644,1,700017,Toner cartridge,404,94.0,411.96,,N
900655,110645,1,700003,CCTV maintenance,405,8.0,2316.87,,N
900656,110646,1,700008,Laptop,403,3.0,4953.27,,N
900657,110647,1,700001,AC maintenance visit,402,36.0,866.72,,N
900658,110648,1,700008,Laptop,403,2.0,4825.04,,N
900659,110649,1,700009,Monitor 27in,403,33.0,1064.76,,N
900660,110650,1,700009,Monitor 27in,403,2.0,1136.39,,N
900661,110651,1,700005,Cleaning visit,402,2.0,1327.89,,N
900662,110652,1,700012,Office chair,404,12.0,816.6,,N
900663,110653,1,700004,Cement bag 50kg,400,1973.0,18.02,,N
900664,110654,1,700002,Access card batch,405,20.0,1688.65,,N
900665,110655,1,700000,A4 paper box,404,335.0,99.39,,N
900666,110656,1,700014,Ready-mix m3,400,37.0,259.29,,N
900667,110657,1,700018,Water carton,401,2657.0,14.45,,N
900668,110658,1,700014,Ready-mix m3,400,135.0,263.82,,N
900669,110659,1,700003,CCTV maintenance,405,17.0,2080.95,,N
900670,110660,1,700008,Laptop,403,7.0,4267.38,,N
900671,110661,1,700017,Toner cartridge,404,93.0,410.58,,N
900672,110662,1,700000,A4 paper box,404,237.0,101.21,,N
900673,110663,1,700016,Staff lunch box,401,257.0,32.25,,N
900674,110664,1,700015,Rebar ton,400,4.0,2847.58,,N
900675,110665,1,700007,Guard shift,405,72.0,503.53,,N
900676,110666,1,700018,Water carton,401,2657.0,14.73,,N
900677,110667,1,700013,Pest control visit,402,42.0,606.29,,N
900678,110668,1,700014,Ready-mix m3,400,94.0,283.91,,N
900679,110669,1,700004,Cement bag 50kg,400,1325.0,19.28,,N
900680,110670,1,700018,Water carton,401,1498.0,14.22,,N
900681,110671,1,700005,Cleaning visit,402,23.0,1298.45,,N
900682,110672,1,700009,Monitor 27in,403,15.0,1105.12,,N
900683,110673,1,700000,A4 paper box,404,318.0,90.38,,N
900684,110674,1,700000,A4 paper box,404,405.0,96.52,,N
900685,110675,1,700016,Staff lunch box,401,601.0,32.4,,N
900686,110676,1,700008,Laptop,403,5.0,4524.05,,N
900687,110677,1,700009,Monitor 27in,403,21.0,1108.51,,N
900688,110678,1,700012,Office chair,404,27.0,730.97,,N
900689,110679,1,700013,Pest control visit,402,33.0,701.85,,N
900690,110680,1,700011,Network switch,403,2.0,3650.98,,N
900691,110681,1,700003,CCTV maintenance,405,4.0,2153.62,,N
900692,110682,1,700009,Monitor 27in,403,2.0,1095.65,,N
900693,110683,1,700013,Pest control visit,402,14.0,693.21,,N
900694,110684,1,700015,Rebar ton,400,13.0,2783.03,,N
900695,110685,1,700013,Pest control visit,402,14.0,618.94,,N
900696,110686,1,700005,Cleaning visit,402,3.0,1388.06,,N
900697,110687,1,700001,AC maintenance visit,402,22.0,937.01,,N
900698,110688,1,700018,Water carton,401,2440.0,13.02,,N
900699,110689,1,700008,Laptop,403,3.0,4768.05,,N
900700,110690,1,700015,Rebar ton,400,8.0,2782.77,,N
900701,110691,1,700014,Ready-mix m3,400,16.0,266.82,,N
900702,110692,1,700017,Toner cartridge,404,82.0,397.7,,N
900703,110693,1,700008,Laptop,403,1.0,4461.37,,N
900704,110694,1,700017,Toner cartridge,404,69.0,438.06,,N
900705,110695,1,700013,Pest control visit,402,13.0,676.85,,N
900706,110696,1,700000,A4 paper box,404,366.0,96.21,,N
900707,110697,1,700008,Laptop,403,1.0,4683.42,,N
900708,110698,1,700002,Access card batch,405,11.0,1655.64,,N
900709,110699,1,700013,Pest control visit,402,6.0,698.82,,N
900710,110700,1,700001,AC maintenance visit,402,4.0,877.08,,N
900711,110701,1,700003,CCTV maintenance,405,7.0,2294.96,,N
900712,110702,1,700007,Guard shift,405,39.0,497.58,,N
900713,110703,1,700015,Rebar ton,400,9.0,2868.87,,N
900714,110704,1,700009,Monitor 27in,403,34.0,1216.51,,N
900715,110705,1,700005,Cleaning visit,402,27.0,1333.03,,N
900716,110706,1,700007,Guard shift,405,36.0,481.6,,N
900717,110707,1,700005,Cleaning visit,402,16.0,1397.11,,N
900718,110708,1,700017,Toner cartridge,404,26.0,400.25,,N
900719,110709,1,700007,Guard shift,405,5.0,500.44,,N
900720,110710,1,700006,Event catering per head,401,22.0,139.37,,N
900721,110711,1,700003,CCTV maintenance,405,17.0,2101.52,,N
900722,110712,1,700008,Laptop,403,2.0,4671.31,,N
900723,110713,1,700013,Pest control visit,402,2.0,668.16,,N
900724,110714,1,700002,Access card batch,405,14.0,1678.37,,N
900725,110715,1,700000,A4 paper box,404,98.0,100.29,,N
900726,110716,1,700004,Cement bag 50kg,400,428.0,18.35,,N
900727,110717,1,700015,Rebar ton,400,12.0,2937.34,,N
900728,110718,1,700003,CCTV maintenance,405,6.0,2061.19,,N
900729,110719,1,700008,Laptop,403,4.0,4499.16,,N
900730,110720,1,700015,Rebar ton,400,12.0,2676.75,,N
900731,110720,9,700015,Rebar ton,400,1000.0,13383.75,,Y
900732,110721,1,700007,Guard shift,405,30.0,463.3,,N
900733,110722,1,700006,Event catering per head,401,142.0,150.32,,N
900734,110723,1,700004,Cement bag 50kg,400,1386.0,20.25,,N
900735,110724,1,700015,Rebar ton,400,7.0,2819.13,,N
900736,110725,1,700009,Monitor 27in,403,19.0,1081.88,,N
900737,110726,1,700011,Network switch,403,9.0,3708.65,,N
900738,110727,1,700012,Office chair,404,46.0,764.82,,N
900739,110728,1,700018,Water carton,401,659.0,14.49,,N
900740,110729,1,700013,Pest control visit,402,53.0,668.79,,N
900741,110730,1,700006,Event catering per head,401,121.0,156.03,,N
900742,110731,1,700011,Network switch,403,3.0,3926.5,,N
900743,110732,1,700008,Laptop,403,1.0,4598.83,,N
900744,110733,1,700009,Monitor 27in,403,21.0,1233.31,,N
900745,110734,1,700003,CCTV maintenance,405,17.0,2215.89,,N
900746,110735,1,700003,CCTV maintenance,405,16.0,2362.61,,N
900747,110736,1,700005,Cleaning visit,402,1.0,1323.67,,N
900748,110737,1,700000,A4 paper box,404,390.0,98.14,,N
900749,110738,1,700011,Network switch,403,8.0,3926.29,,N
900750,110739,1,700018,Water carton,401,1232.0,13.0,,N
900751,110740,1,700003,CCTV maintenance,405,11.0,2352.35,,N
900752,110741,1,700002,Access card batch,405,9.0,1621.72,,N
900753,110742,1,700009,Monitor 27in,403,29.0,1086.56,,N
900754,110743,1,700016,Staff lunch box,401,638.0,33.5,,N
900755,110744,1,700002,Access card batch,405,2.0,1808.44,,N
900756,110745,1,700016,Staff lunch box,401,317.0,31.45,,N
900757,110746,1,700005,Cleaning visit,402,11.0,1352.28,,N
900758,110747,1,700006,Event catering per head,401,131.0,154.94,,N
900759,110748,1,700002,Access card batch,405,20.0,1663.61,,N
900760,110749,1,700015,Rebar ton,400,10.0,2952.31,,N
900761,110750,1,700001,AC maintenance visit,402,32.0,965.7,,N
900762,110751,1,700002,Access card batch,405,21.0,1815.64,,N
900763,110752,1,700007,Guard shift,405,38.0,497.57,,N
900764,110753,1,700012,Office chair,404,10.0,740.57,,N
900765,110754,1,700001,AC maintenance visit,402,18.0,865.45,,N
900766,110755,1,700009,Monitor 27in,403,28.0,1178.57,,N
900767,110756,1,700002,Access card batch,405,5.0,1799.0,,N
900768,110757,1,700014,Ready-mix m3,400,126.0,247.41,,N
900769,110758,1,700006,Event catering per head,401,96.0,144.31,,N
900770,110759,1,700011,Network switch,403,4.0,3981.42,,N
900771,110760,1,700006,Event catering per head,401,182.0,151.12,,N
900772,110761,1,700003,CCTV maintenance,405,5.0,2084.79,,N
900773,110762,1,700000,A4 paper box,404,91.0,92.98,,N
900774,110763,1,700014,Ready-mix m3,400,102.0,280.43,,N
900775,110764,1,700001,AC maintenance visit,402,29.0,864.07,,N
900776,110765,1,700006,Event catering per head,401,61.0,151.43,,N
900777,110766,1,700007,Guard shift,405,53.0,510.56,,N
900778,110767,1,700013,Pest control visit,402,61.0,638.42,,N
900779,110768,1,700004,Cement bag 50kg,400,1033.0,18.72,,N
900780,110769,1,700013,Pest control visit,402,18.0,635.49,,N
900781,110770,1,700007,Guard shift,405,56.0,492.78,,N
900782,110771,1,700002,Access card batch,405,9.0,1805.81,,N
900783,110772,1,700018,Water carton,401,741.0,14.11,,N
900784,110773,1,700018,Water carton,401,1207.0,13.06,,N
900785,110774,1,700005,Cleaning visit,402,7.0,1419.69,,N
900786,110775,1,700008,Laptop,403,2.0,4939.22,,N
900787,110776,1,700002,Access card batch,405,11.0,1646.46,,N
900788,110777,1,700002,Access card batch,405,19.0,1692.63,,N
900789,110778,1,700001,AC maintenance visit,402,19.0,896.65,,N
900790,110779,1,700003,CCTV maintenance,405,8.0,2208.42,,N
900791,110780,1,700012,Office chair,404,33.0,759.07,,N
900792,110781,1,700012,Office chair,404,12.0,732.76,,N
900793,110782,1,700002,Access card batch,405,6.0,1800.54,,N
900794,110783,1,700005,Cleaning visit,402,9.0,1332.55,,N
900795,110784,1,700001,AC maintenance visit,402,40.0,949.98,,N
900796,110785,1,700006,Event catering per head,401,196.0,140.87,,N
900797,110786,1,700018,Water carton,401,2342.0,13.34,,N
900798,110787,1,700014,Ready-mix m3,400,37.0,251.96,,N
900799,110788,1,700009,Monitor 27in,403,3.0,1111.42,,N
900800,110789,1,700001,AC maintenance visit,402,11.0,959.59,,N
900801,110790,1,700017,Toner cartridge,404,50.0,423.43,,N
900802,110791,1,700005,Cleaning visit,402,20.0,1426.47,,N
900803,110792,1,700000,A4 paper box,404,125.0,96.8,,N
900804,110793,1,700003,CCTV maintenance,405,10.0,2074.11,,N
900805,110794,1,700000,A4 paper box,404,119.0,96.22,,N
900806,110795,1,700004,Cement bag 50kg,400,1114.0,20.32,,N
900807,110796,1,700011,Network switch,403,8.0,3869.18,,N
900808,110797,1,700018,Water carton,401,1832.0,14.27,,N
900809,110798,1,700013,Pest control visit,402,49.0,605.15,,N
900810,110799,1,700005,Cleaning visit,402,17.0,1286.25,,N
900811,110800,1,700015,Rebar ton,400,4.0,3030.35,,N
900812,110801,1,700009,Monitor 27in,403,20.0,1103.82,,N
900813,110802,1,700009,Monitor 27in,403,12.0,1130.05,,N
900814,110803,1,700014,Ready-mix m3,400,79.0,262.02,,N
900815,110804,1,700015,Rebar ton,400,3.0,2954.56,,N
900816,110805,1,700015,Rebar ton,400,7.0,2906.59,,N
900817,110806,1,700001,AC maintenance visit,402,17.0,837.84,,N
900818,110807,1,700007,Guard shift,405,71.0,453.85,,N
900819,110808,1,700016,Staff lunch box,401,228.0,32.94,,N
900820,110809,1,700004,Cement bag 50kg,400,1981.0,18.91,,N
900821,110810,1,700014,Ready-mix m3,400,113.0,271.09,,N
900822,110810,9,700014,Ready-mix m3,400,1000.0,1355.4499999999998,,Y
900823,110811,1,700014,Ready-mix m3,400,98.0,284.7,,N
900824,110812,1,700008,Laptop,403,1.0,4696.61,,N
900825,110813,1,700016,Staff lunch box,401,1058.0,32.7,,N
900826,110814,1,700002,Access card batch,405,16.0,1589.78,,N
900827,110815,1,700004,Cement bag 50kg,400,942.0,18.18,,N
900828,110816,1,700001,AC maintenance visit,402,15.0,925.15,,N
900829,110817,1,700013,Pest control visit,402,5.0,668.0,,N
900830,110818,1,700008,Laptop,403,8.0,4373.94,,N
900831,110819,1,700017,Toner cartridge,404,9.0,439.99,,N
900832,110820,1,700001,AC maintenance visit,402,41.0,890.6,,N
900833,110821,1,700003,CCTV maintenance,405,2.0,2191.84,,N
900834,110822,1,700012,Office chair,404,11.0,781.96,,N
900835,110823,1,700008,Laptop,403,3.0,4433.08,,N
900836,110824,1,700004,Cement bag 50kg,400,1327.0,19.59,,N
900837,110825,1,700017,Toner cartridge,404,91.0,409.0,,N
900838,110826,1,700001,AC maintenance visit,402,9.0,924.17,,N
900839,110827,1,700017,Toner cartridge,404,19.0,391.8,,N
900840,110828,1,700006,Event catering per head,401,56.0,148.71,,N
900841,110829,1,700016,Staff lunch box,401,736.0,30.4,,N
900842,110830,1,700007,Guard shift,405,34.0,489.54,,N
900843,110831,1,700003,CCTV maintenance,405,2.0,2179.12,,N
900844,110832,1,700017,Toner cartridge,404,46.0,423.66,,N
900845,110833,1,700013,Pest control visit,402,41.0,668.69,,N
900846,110834,1,700013,Pest control visit,402,42.0,672.62,,N
900847,110835,1,700012,Office chair,404,30.0,781.38,,N
900848,110836,1,700009,Monitor 27in,403,28.0,1103.71,,N
900849,110837,1,700018,Water carton,401,2849.0,14.81,,N
900850,110838,1,700011,Network switch,403,8.0,3855.38,,N
900851,110839,1,700004,Cement bag 50kg,400,1560.0,19.5,,N
900852,110840,1,700015,Rebar ton,400,3.0,2805.05,,N
900853,110841,1,700012,Office chair,404,8.0,818.71,,N
900854,110842,1,700000,A4 paper box,404,60.0,98.69,,N
900855,110843,1,700001,AC maintenance visit,402,26.0,832.68,,N
900856,110844,1,700006,Event catering per head,401,58.0,144.58,,N
900857,110845,1,700009,Monitor 27in,403,23.0,1067.98,,N
900858,110846,1,700009,Monitor 27in,403,17.0,1143.86,,N
900859,110847,1,700018,Water carton,401,1367.0,14.72,,N
900860,110848,1,700003,CCTV maintenance,405,9.0,2069.73,,N
900861,110849,1,700000,A4 paper box,404,91.0,93.08,,N
900862,110850,1,700005,Cleaning visit,402,17.0,1370.53,,N
900863,110851,1,700013,Pest control visit,402,4.0,699.82,,N
900864,110852,1,700005,Cleaning visit,402,6.0,1274.95,,N
900865,110853,1,700002,Access card batch,405,8.0,1773.26,,N
900866,110854,1,700013,Pest control visit,402,9.0,693.4,,N
900867,110855,1,700014,Ready-mix m3,400,109.0,254.83,,N
900868,110856,1,700008,Laptop,403,2.0,4604.65,,N
900869,110857,1,700006,Event catering per head,401,270.0,145.85,,N
900870,110858,1,700000,A4 paper box,404,272.0,89.49,,N
900871,110859,1,700009,Monitor 27in,403,34.0,1218.91,,N
900872,110860,1,700012,Office chair,404,11.0,755.02,,N
900873,110861,1,700009,Monitor 27in,403,5.0,1110.78,,N
900874,110862,1,700001,AC maintenance visit,402,14.0,892.98,,N
900875,110863,1,700016,Staff lunch box,401,814.0,33.56,,N
900876,110864,1,700012,Office chair,404,33.0,808.21,,N
900877,110865,1,700018,Water carton,401,1041.0,14.97,,N
900878,110866,1,700018,Water carton,401,2696.0,14.95,,N
900879,110867,1,700015,Rebar ton,400,10.0,3028.14,,N
900880,110868,1,700013,Pest control visit,402,14.0,634.86,,N
900881,110869,1,700003,CCTV maintenance,405,14.0,2259.08,,N
900882,110870,1,700004,Cement bag 50kg,400,262.0,18.19,,N
900883,110871,1,700016,Staff lunch box,401,212.0,30.22,,N
900884,110872,1,700017,Toner cartridge,404,11.0,402.8,,N
900885,110873,1,700004,Cement bag 50kg,400,1078.0,18.11,,N
900886,110874,1,700004,Cement bag 50kg,400,936.0,19.47,,N
900887,110875,1,700012,Office chair,404,26.0,817.01,,N
900888,110876,1,700006,Event catering per head,401,239.0,141.82,,N
900889,110877,1,700017,Toner cartridge,404,64.0,449.74,,N
900890,110878,1,700003,CCTV maintenance,405,1.0,2304.57,,N
900891,110879,1,700017,Toner cartridge,404,84.0,425.24,,N
900892,110880,1,700013,Pest control visit,402,12.0,618.08,,N
900893,110881,1,700005,Cleaning visit,402,3.0,1455.98,,N
900894,110882,1,700006,Event catering per head,401,36.0,147.05,,N
900895,110883,1,700011,Network switch,403,4.0,4181.83,,N
900896,110884,1,700009,Monitor 27in,403,1.0,1165.68,,N
900897,110885,1,700017,Toner cartridge,404,27.0,403.29,,N
900898,110886,1,700013,Pest control visit,402,12.0,656.01,,N
900899,110887,1,700009,Monitor 27in,403,19.0,1095.66,,N
900900,110888,1,700008,Laptop,403,6.0,4835.62,,N
900901,110889,1,700012,Office chair,404,2.0,819.43,,N
900902,110890,1,700004,Cement bag 50kg,400,1047.0,17.72,,N
900903,110891,1,700006,Event catering per head,401,257.0,134.35,,N
900904,110892,1,700001,AC maintenance visit,402,36.0,884.06,,N
900905,110893,1,700012,Office chair,404,43.0,767.3,,N
900906,110894,1,700014,Ready-mix m3,400,67.0,266.56,,N
900907,110895,1,700013,Pest control visit,402,37.0,676.22,,N
900908,110896,1,700013,Pest control visit,402,23.0,616.39,,N
900909,110897,1,700016,Staff lunch box,401,1153.0,29.99,,N
900910,110898,1,700011,Network switch,403,5.0,3775.44,,N
900911,110899,1,700016,Staff lunch box,401,87.0,31.94,,N
900912,110900,1,700017,Toner cartridge,404,17.0,451.91,,N
900913,110900,9,700017,Toner cartridge,404,1000.0,2259.55,,Y
900914,110901,1,700002,Access card batch,405,1.0,1761.51,,N
900915,110902,1,700003,CCTV maintenance,405,11.0,2074.12,,N
900916,110903,1,700017,Toner cartridge,404,49.0,397.23,,N
900917,110904,1,700012,Office chair,404,28.0,793.59,,N
900918,110905,1,700009,Monitor 27in,403,11.0,1100.86,,N
900919,110906,1,700006,Event catering per head,401,73.0,135.14,,N
900920,110907,1,700001,AC maintenance visit,402,23.0,899.71,,N
900921,110908,1,700017,Toner cartridge,404,28.0,447.15,,N
900922,110909,1,700017,Toner cartridge,404,25.0,432.75,,N
900923,110910,1,700002,Access card batch,405,19.0,1708.06,,N
900924,110911,1,700001,AC maintenance visit,402,44.0,889.93,,N
900925,110912,1,700007,Guard shift,405,69.0,463.44,,N
900926,110913,1,700006,Event catering per head,401,75.0,136.19,,N
900927,110914,1,700012,Office chair,404,10.0,827.89,,N
900928,110915,1,700008,Laptop,403,1.0,4861.64,,N
900929,110916,1,700016,Staff lunch box,401,148.0,32.14,,N
900930,110917,1,700011,Network switch,403,2.0,3647.15,,N
900931,110918,1,700014,Ready-mix m3,400,17.0,271.2,,N
900932,110919,1,700011,Network switch,403,5.0,3729.46,,N
900933,110920,1,700017,Toner cartridge,404,65.0,436.32,,N
900934,110921,1,700006,Event catering per head,401,187.0,149.02,,N
900935,110922,1,700017,Toner cartridge,404,6.0,448.36,,N
900936,110923,1,700007,Guard shift,405,63.0,496.9,,N
900937,110924,1,700000,A4 paper box,404,144.0,94.56,,N
900938,110925,1,700004,Cement bag 50kg,400,1718.0,18.98,,N
900939,110926,1,700014,Ready-mix m3,400,39.0,263.81,,N
900940,110927,1,700001,AC maintenance visit,402,3.0,830.39,,N
900941,110928,1,700016,Staff lunch box,401,672.0,30.06,,N
900942,110929,1,700008,Laptop,403,2.0,4268.87,,N
900943,110930,1,700014,Ready-mix m3,400,102.0,279.92,,N
900944,110931,1,700015,Rebar ton,400,13.0,2844.74,,N
900945,110932,1,700015,Rebar ton,400,13.0,2916.63,,N
900946,110933,1,700011,Network switch,403,9.0,3638.01,,N
900947,110934,1,700004,Cement bag 50kg,400,1637.0,17.89,,N
900948,110935,1,700005,Cleaning visit,402,2.0,1417.71,,N
900949,110936,1,700013,Pest control visit,402,18.0,687.5,,N
900950,110937,1,700000,A4 paper box,404,166.0,99.16,,N
900951,110938,1,700014,Ready-mix m3,400,49.0,248.93,,N
900952,110939,1,700006,Event catering per head,401,133.0,155.49,,N
900953,110940,1,700009,Monitor 27in,403,2.0,1115.07,,N
900954,110941,1,700003,CCTV maintenance,405,4.0,2092.86,,N
900955,110942,1,700008,Laptop,403,2.0,4421.31,,N
900956,110943,1,700004,Cement bag 50kg,400,260.0,19.34,,N
900957,110944,1,700008,Laptop,403,2.0,4836.64,,N
900958,110945,1,700017,Toner cartridge,404,84.0,401.66,,N
900959,110946,1,700018,Water carton,401,342.0,14.03,,N
900960,110947,1,700000,A4 paper box,404,338.0,92.08,,N
900961,110948,1,700002,Access card batch,405,22.0,1737.72,,N
900962,110949,1,700014,Ready-mix m3,400,57.0,246.93,,N
900963,110950,1,700013,Pest control visit,402,29.0,685.97,,N
900964,110951,1,700000,A4 paper box,404,354.0,101.17,,N
900965,110952,1,700003,CCTV maintenance,405,13.0,2024.87,,N
900966,110953,1,700003,CCTV maintenance,405,13.0,2087.4,,N
900967,110954,1,700001,AC maintenance visit,402,28.0,926.14,,N
900968,110955,1,700017,Toner cartridge,404,24.0,393.94,,N
900969,110956,1,700007,Guard shift,405,29.0,465.88,,N
900970,110957,1,700015,Rebar ton,400,9.0,2839.35,,N
900971,110958,1,700015,Rebar ton,400,5.0,3004.08,,N
900972,110959,1,700002,Access card batch,405,15.0,1720.11,,N
900973,110960,1,700000,A4 paper box,404,101.0,92.4,,N
900974,110961,1,700007,Guard shift,405,9.0,476.98,,N
900975,110962,1,700012,Office chair,404,32.0,757.45,,N
900976,110963,1,700015,Rebar ton,400,1.0,3021.91,,N
900977,110964,1,700011,Network switch,403,9.0,3670.83,,N
900978,110965,1,700014,Ready-mix m3,400,59.0,248.79,,N
900979,110966,1,700011,Network switch,403,9.0,3897.71,,N
900980,110967,1,700013,Pest control visit,402,10.0,600.03,,N
900981,110968,1,700007,Guard shift,405,62.0,468.5,,N
900982,110969,1,700006,Event catering per head,401,78.0,149.87,,N
900983,110970,1,700012,Office chair,404,18.0,833.2,,N
900984,110971,1,700000,A4 paper box,404,101.0,92.41,,N
900985,110972,1,700007,Guard shift,405,32.0,470.78,,N
900986,110973,1,700011,Network switch,403,5.0,3705.56,,N
900987,110974,1,700018,Water carton,401,1647.0,13.02,,N
900988,110975,1,700011,Network switch,403,1.0,4090.65,,N
900989,110976,1,700015,Rebar ton,400,7.0,2695.19,,N
900990,110977,1,700005,Cleaning visit,402,18.0,1398.59,,N
900991,110978,1,700016,Staff lunch box,401,594.0,29.65,,N
900992,110979,1,700009,Monitor 27in,403,13.0,1108.7,,N
900993,110980,1,700011,Network switch,403,3.0,3808.12,,N
900994,110981,1,700009,Monitor 27in,403,25.0,1210.36,,N
900995,110982,1,700018,Water carton,401,2066.0,15.02,,N
900996,110983,1,700005,Cleaning visit,402,8.0,1339.35,,N
900997,110984,1,700017,Toner cartridge,404,71.0,438.11,,N
900998,110985,1,700011,Network switch,403,1.0,4201.25,,N
900999,110986,1,700002,Access card batch,405,4.0,1657.73,,N
901000,110987,1,700009,Monitor 27in,403,11.0,1149.7,,N
901001,110988,1,700007,Guard shift,405,8.0,467.09,,N
901002,110989,1,700008,Laptop,403,7.0,4264.92,,N
901003,110990,1,700014,Ready-mix m3,400,68.0,284.88,,N
901004,110990,9,700014,Ready-mix m3,400,1000.0,1424.4,,Y
901005,110991,1,700017,Toner cartridge,404,93.0,445.24,,N
901006,110992,1,700006,Event catering per head,401,154.0,136.06,,N
901007,110993,1,700012,Office chair,404,44.0,824.66,,N
901008,110994,1,700011,Network switch,403,2.0,3941.8,,N
901009,110995,1,700009,Monitor 27in,403,17.0,1136.12,,N
901010,110996,1,700003,CCTV maintenance,405,12.0,2315.75,,N
901011,110997,1,700005,Cleaning visit,402,22.0,1245.56,,N
901012,110998,1,700018,Water carton,401,579.0,14.63,,N
901013,110999,1,700014,Ready-mix m3,400,47.0,247.89,,N
901014,111000,1,700006,Event catering per head,401,146.0,152.79,,N
901015,111001,1,700006,Event catering per head,401,229.0,138.59,,N
901016,111002,1,700012,Office chair,404,12.0,727.14,,N
901017,111003,1,700002,Access card batch,405,10.0,1763.84,,N
901018,111004,1,700011,Network switch,403,4.0,4063.62,,N
901019,111005,1,700009,Monitor 27in,403,22.0,1224.37,,N
901020,111006,1,700000,A4 paper box,404,295.0,92.52,,N
901021,111007,1,700000,A4 paper box,404,206.0,94.85,,N
901022,111008,1,700007,Guard shift,405,75.0,514.31,,N
901023,111009,1,700007,Guard shift,405,41.0,466.87,,N
901024,111010,1,700015,Rebar ton,400,6.0,2927.64,,N
901025,111011,1,700014,Ready-mix m3,400,100.0,275.09,,N
901026,111012,1,700009,Monitor 27in,403,1.0,1065.73,,N
901027,111013,1,700001,AC maintenance visit,402,19.0,882.45,,N
901028,111014,1,700017,Toner cartridge,404,13.0,443.58,,N
901029,111015,1,700004,Cement bag 50kg,400,279.0,18.02,,N
901030,111016,1,700016,Staff lunch box,401,418.0,32.73,,N
901031,111017,1,700014,Ready-mix m3,400,62.0,264.8,,N
901032,111018,1,700007,Guard shift,405,53.0,456.35,,N
901033,111019,1,700014,Ready-mix m3,400,112.0,249.52,,N
901034,111020,1,700007,Guard shift,405,52.0,478.27,,N
901035,111021,1,700016,Staff lunch box,401,129.0,34.12,,N
901036,111022,1,700001,AC maintenance visit,402,23.0,903.15,,N
901037,111023,1,700002,Access card batch,405,7.0,1705.77,,N
901038,111024,1,700008,Laptop,403,1.0,4372.32,,N
901039,111025,1,700018,Water carton,401,730.0,13.2,,N
901040,111026,1,700007,Guard shift,405,74.0,457.71,,N
901041,111027,1,700009,Monitor 27in,403,19.0,1114.28,,N
901042,111028,1,700015,Rebar ton,400,10.0,2627.35,,N
901043,111029,1,700017,Toner cartridge,404,88.0,452.66,,N
901044,111030,1,700006,Event catering per head,401,86.0,145.95,,N
901045,111031,1,700017,Toner cartridge,404,12.0,386.76,,N
901046,111032,1,700013,Pest control visit,402,32.0,695.99,,N
901047,111033,1,700016,Staff lunch box,401,592.0,33.02,,N
901048,111034,1,700015,Rebar ton,400,2.0,2945.55,,N
901049,111035,1,700009,Monitor 27in,403,6.0,1103.74,,N
901050,111036,1,700000,A4 paper box,404,136.0,94.17,,N
901051,111037,1,700000,A4 paper box,404,42.0,100.34,,N
901052,111038,1,700006,Event catering per head,401,246.0,140.06,,N
901053,111039,1,700014,Ready-mix m3,400,43.0,266.19,,N
901054,111040,1,700012,Office chair,404,37.0,745.07,,N
901055,111041,1,700006,Event catering per head,401,195.0,142.16,,N
901056,111042,1,700004,Cement bag 50kg,400,477.0,18.57,,N
901057,111043,1,700008,Laptop,403,1.0,4639.59,,N
901058,111044,1,700015,Rebar ton,400,6.0,2854.39,,N
901059,111045,1,700008,Laptop,403,5.0,4346.34,,N
901060,111046,1,700007,Guard shift,405,32.0,480.1,,N
901061,111047,1,700008,Laptop,403,1.0,4409.89,,N
901062,111048,1,700018,Water carton,401,160.0,13.73,,N
901063,111049,1,700018,Water carton,401,1942.0,13.19,,N
901064,111050,1,700003,CCTV maintenance,405,14.0,2193.79,,N
901065,111051,1,700007,Guard shift,405,58.0,504.28,,N
901066,111052,1,700001,AC maintenance visit,402,40.0,870.36,,N
901067,111053,1,700015,Rebar ton,400,10.0,2921.66,,N
901068,111054,1,700011,Network switch,403,1.0,3857.63,,N
901069,111055,1,700007,Guard shift,405,48.0,482.82,,N
901070,111056,1,700006,Event catering per head,401,141.0,137.06,,N
901071,111057,1,700005,Cleaning visit,402,13.0,1375.24,,N
901072,111058,1,700014,Ready-mix m3,400,62.0,256.03,,N
901073,111059,1,700011,Network switch,403,4.0,3784.96,,N
901074,111060,1,700012,Office chair,404,37.0,798.9,,N
901075,111061,1,700001,AC maintenance visit,402,4.0,923.2,,N
901076,111062,1,700003,CCTV maintenance,405,9.0,2160.03,,N
901077,111063,1,700014,Ready-mix m3,400,112.0,251.64,,N
901078,111064,1,700004,Cement bag 50kg,400,728.0,17.72,,N
901079,111065,1,700004,Cement bag 50kg,400,1066.0,18.98,,N
901080,111066,1,700012,Office chair,404,21.0,789.63,,N
901081,111067,1,700014,Ready-mix m3,400,109.0,286.18,,N
901082,111068,1,700004,Cement bag 50kg,400,161.0,19.81,,N
901083,111069,1,700012,Office chair,404,9.0,795.82,,N
901084,111070,1,700016,Staff lunch box,401,397.0,33.35,,N
901085,111071,1,700016,Staff lunch box,401,409.0,32.19,,N
901086,111072,1,700003,CCTV maintenance,405,5.0,2170.76,,N
901087,111073,1,700000,A4 paper box,404,376.0,88.71,,N
901088,111074,1,700016,Staff lunch box,401,349.0,34.19,,N
901089,111075,1,700017,Toner cartridge,404,11.0,448.53,,N
901090,111076,1,700015,Rebar ton,400,13.0,2805.8,,N
901091,111077,1,700017,Toner cartridge,404,66.0,411.86,,N
901092,111078,1,700001,AC maintenance visit,402,20.0,872.6,,N
901093,111079,1,700006,Event catering per head,401,224.0,147.85,,N
901094,111080,1,700007,Guard shift,405,3.0,442.17,,N
901095,111080,9,700007,Guard shift,405,1000.0,2210.85,,Y
901096,111081,1,700004,Cement bag 50kg,400,1718.0,17.93,,N
901097,111082,1,700007,Guard shift,405,48.0,480.84,,N
901098,111083,1,700016,Staff lunch box,401,495.0,34.03,,N
901099,111084,1,700016,Staff lunch box,401,1225.0,32.82,,N
901100,111085,1,700013,Pest control visit,402,18.0,644.3,,N
901101,111086,1,700016,Staff lunch box,401,1084.0,33.54,,N
901102,111087,1,700011,Network switch,403,4.0,3972.69,,N
901103,111088,1,700007,Guard shift,405,60.0,442.21,,N
901104,111089,1,700014,Ready-mix m3,400,24.0,285.65,,N
901105,111090,1,700011,Network switch,403,6.0,3610.67,,N
901106,111091,1,700004,Cement bag 50kg,400,735.0,17.5,,N
901107,111092,1,700015,Rebar ton,400,4.0,3055.64,,N
901108,111093,1,700002,Access card batch,405,10.0,1673.56,,N
901109,111094,1,700001,AC maintenance visit,402,25.0,846.98,,N
901110,111095,1,700005,Cleaning visit,402,4.0,1327.31,,N
901111,111096,1,700013,Pest control visit,402,45.0,631.76,,N
901112,111097,1,700008,Laptop,403,5.0,4403.0,,N
901113,111098,1,700006,Event catering per head,401,32.0,142.35,,N
901114,111099,1,700005,Cleaning visit,402,22.0,1400.09,,N
901115,111100,1,700000,A4 paper box,404,463.0,100.62,,N
901116,111101,1,700000,A4 paper box,404,491.0,97.91,,N
901117,111102,1,700000,A4 paper box,404,513.0,88.9,,N
901118,111103,1,700004,Cement bag 50kg,400,482.0,18.35,,N
901119,111104,1,700004,Cement bag 50kg,400,444.0,20.43,,N
901120,111105,1,700004,Cement bag 50kg,400,458.0,19.87,,N
901121,111106,1,700008,Laptop,403,1.0,4925.78,,N
901122,111107,1,700005,Cleaning visit,402,23.0,1442.28,,N
901123,111108,1,700006,Event catering per head,401,233.0,342.19,,N
901124,111109,1,700006,Event catering per head,401,22.0,265.19,,N
901125,111110,1,700018,Water carton,401,2676.0,24.95,,N
901126,111111,1,700006,Event catering per head,401,216.0,288.67,,N
901127,111112,1,700004,Cement bag 50kg,400,84.0,32.31,,N
901128,111113,1,700018,Water carton,401,1500.0,30.93,,N
901129,111114,1,700007,Guard shift,405,78.0,515.19,,N
901130,111115,1,700005,Cleaning visit,402,5.0,1245.75,,N
901131,111116,1,700007,Guard shift,405,81.0,479.25,,N
901132,111117,1,700005,Cleaning visit,402,29.0,1287.85,,N
901133,111118,1,700005,Cleaning visit,402,4.0,1255.22,,N
901134,111119,1,700010,Monthly maintenance contract,402,1.0,25000.0,,N
901135,111120,1,700010,Monthly maintenance contract,402,1.0,20000.0,,N
901136,111121,1,700010,Monthly maintenance contract,402,1.0,15000.0,,N
901137,111122,1,700010,Monthly maintenance contract,402,1.0,30000.0,,N
901138,111123,1,700010,Monthly maintenance contract,402,1.0,30000.0,,N
199998,199998,1,799999,Not a real order,400,1.0,88888.0,,N
199999,199999,1,799999,Not a real order,400,1.0,88888.0,,N
