PERSON_ID,IBAN
5001,SA8139986987973091141707
5002,SA4556815188447294055761
5003,SA7168976846978809320819
5004,SA7317784864887663440029
5005,SA5347787680457178472671
5006,SA1362701079819331908452
5007,SA9728379298416229486628
5008,SA1610550087547517799229
5009,SA9579318603208073702838
5010,SA6468616425247764725877
5011,SA4133017568205258983194
5012,SA9494821416210521854914
5013,SA4106460013041189557990
5014,SA3976158464506045414659
5015,SA3801291102859406925666
5016,SA2280886423004876452912
5017,SA4585003703826538453557
5018,SA9432627058602145842108
5019,SA9066882811265844093244
5020,SA2630976582802582201805
5021,SA3829932157116494157718
5022,SA7951117443256885576523
5023,SA5696327926451547428435
5024,SA4497660856517883655062
5025,SA4259967750031450378495
5026,SA8012537392419689821046
5027,SA8375555974754072075473
5028,SA6439061884791889575552
5029,SA4886193073368828347285
5030,SA9832982229004422485272
5031,SA2697804385817625280700
5032,SA4502831663233735286675
5033,SA8971331159212363608244
5034,SA7874572128357699085417
5035,SA8814401901879169797802
5036,SA1612840019815247357363
5037,SA0739273197967807360872
5038,SA5469059828195391827611
5039,SA3304284514203817805780
5040,SA4121430490741828898370
