VENDOR_ID,IBAN
3001,SA7130066817922328385642
3002,SA2983725278120617695851
3003,SA1634999248005279137298
3004,SA9842640794260791135716
3005,SA4796745219803346352136
3006,SA6398488645732840934269
3007,SA0940985846388498556830
3008,SA3896501332796726835081
3009,SA7958163540115276113875
3010,SA3277186210761770775106
3011,SA8836152029944613516199
3012,SA4398286408948746439725
3013,SA9303995515669796156795
3014,SA6547056709048801564644
3015,SA3205987198890421631111
3016,SA8046587306424829601796
3017,SA0412634789235240137615
3018,SA1483354148818137852223
3019,SA4975332571929480853470
3020,SA1341461754420146133800
3021,SA1478658930597760553848
3022,SA0670907276151413633437
3023,SA7526239424646686316653
3024,SA7453581342172334967704
3025,SA7516886561141082359534
3026,SA2947478182446026195680
3027,SA0520070091703927330570
3028,SA7781661146351102038300
3029,SA0426371671552930126708
3030,SA7057929923981337027186
3031,SA2999147067554850663516
3032,SA9734812417264366282909
3033,SA4220426283709506018898
3034,SA1780133252695637827608
3035,SA6121385607002238696953
3036,SA6550135100637171124335
3037,SA0986801543161030225021
3038,SA1482941834190823861352
3039,SA8637877604054246854242
3040,SA2974476604713936055049
3041,SA1610550087547517799229
3042,SA0372056832660756896516
3043,SA8203962209876953971100
3044,SA6002822070169298442782
3045,SA4431774664323167779214
3046,SA4796725218990332126686
3047,SA3831294715029529207425
3048,SA3717634526064501145946
3049,SA4500748514810133156040
3050,SA9596101019544461515753
3051,SA5490921889049953142373
3052,SA9516854247448059498065
3053,SA5284561863405613575069
3054,SA9814331791430747776388
3055,SA7815763407337707514732
3056,SA0893895781505355053414
